"1","2402 N PENNSYLVANIA ST, INDIANAPOLIS, IN, 46205","Match","Exact","2402 N PENNSYLVANIA ST, INDIANAPOLIS, IN, 46205","-86.155641266333,39.801202746726","107989654","L"
"2","2201 N COLLEGE AVE, INDIANAPOLIS, IN, 46205","Match","Exact","2201 N COLLEGE AVE, INDIANAPOLIS, IN, 46205","-86.144674618157,39.797715430982","107989793","R"
"3","2142 CLAY ST, INDIANAPOLIS, IN, 46205","Match","Exact","2142 CLAY ST, INDIANAPOLIS, IN, 46205","-86.124230553843,39.835723882313","108047500","L"
"4","2050 E 52ND ST, INDIANAPOLIS, IN, 46205","Match","Exact","2050 E 52ND ST, INDIANAPOLIS, IN, 46205","-86.12695291749,39.84768508258","107985262","L"
"5","4930 N KEYSTONE AVE, INDIANAPOLIS, IN, 46205","Match","Exact","4930 N KEYSTONE AVE, INDIANAPOLIS, IN, 46205","-86.122047067775,39.84414263354","108030654","L"
"6","5140 BROUSE AVE, INDIANAPOLIS, IN, 46205","Match","Exact","5140 BROUSE AVE, INDIANAPOLIS, IN, 46205","-86.123203653328,39.843696565046","107985411","L"
"7","625 E 38TH ST, INDIANAPOLIS, IN, 46205","Match","Exact","625 E 38TH ST, INDIANAPOLIS, IN, 46205","-86.14645367828,39.824913378448","640863612","R"
"8","2502 N DELAWARE ST, INDIANAPOLIS, IN, 46205","Match","Exact","2502 N DELAWARE ST, INDIANAPOLIS, IN, 46205","-86.153135978716,39.803030663202","107989677","L"
"9","922 E 30TH ST, INDIANAPOLIS, IN, 46205","Match","Exact","922 E 30TH ST, INDIANAPOLIS, IN, 46205","-86.140691545876,39.810698302016","107990121","L"
"500","1722 W MORRIS ST, INDIANAPOLIS, IN, 46221","Match","Exact","1722 W MORRIS ST, INDIANAPOLIS, IN, 46221","-86.190548200992,39.751223680947","107988434","R"
"400","8179 E 21ST ST, INDIANAPOLIS, IN, 46219","Match","Exact","8179 E 21ST ST, INDIANAPOLIS, IN, 46219","-86.023575446915,39.796512615236","108030289","R"
"401","466 S RITTER AVE, INDIANAPOLIS, IN, 46219","Match","Exact","466 S RITTER AVE, INDIANAPOLIS, IN, 46219","-86.073566361647,39.760850729605","108001679","R"
"402","1280 N POST RD, INDIANAPOLIS, IN, 46219","Match","Exact","1280 N POST RD, INDIANAPOLIS, IN, 46219","-86.009336773564,39.786417499522","108030451","L"
"403","350 S KITLEY AVE, INDIANAPOLIS, IN, 46219","Match","Exact","350 S KITLEY AVE, INDIANAPOLIS, IN, 46219","-86.054689763264,39.764944411638","108003459","R"
"404","1425 N SHADELAND AVE, INDIANAPOLIS, IN, 46219","Match","Exact","1425 N SHADELAND AVE, INDIANAPOLIS, IN, 46219","-86.045359163112,39.787533132595","108002470","R"
"405","6004 E 11TH ST, INDIANAPOLIS, IN, 46219","Match","Exact","6004 E 11TH ST, INDIANAPOLIS, IN, 46219","-86.064091758804,39.782701069265","108002314","L"
"406","5630 BROOKVILLE RD, INDIANAPOLIS, IN, 46219","Match","Exact","5630 BROOKVILLE RD, INDIANAPOLIS, IN, 46219","-86.071345041745,39.75956662464","108052818","L"
"407","1330 N POST RD, INDIANAPOLIS, IN, 46219","Match","Exact","1330 N POST RD, INDIANAPOLIS, IN, 46219","-86.009342664018,39.786877486792","636516749","L"
"408","1008 N EMERSON AVE, INDIANAPOLIS, IN, 46219","Match","Exact","1008 N EMERSON AVE, INDIANAPOLIS, IN, 46219","-86.083292740485,39.781656465991","107999962","L"
"409","1739 N SHADELAND AVE, INDIANAPOLIS, IN, 46219","Match","Exact","1739 N SHADELAND AVE, INDIANAPOLIS, IN, 46219","-86.045407715645,39.791555339356","640855247","R"
"410","201 N SHADELAND AVE, INDIANAPOLIS, IN, 46219","Match","Exact","201 N SHADELAND AVE, INDIANAPOLIS, IN, 46219","-86.045298157257,39.776145421388","657835135","R"
"411","70 N FRANKLIN RD, INDIANAPOLIS, IN, 46219","Match","Exact","70 N FRANKLIN RD, INDIANAPOLIS, IN, 46219","-86.026337593005,39.773910709081","108003849","L"
"412","7410 E WASHINGTON ST, INDIANAPOLIS, IN, 46219","Match","Exact","7410 E WASHINGTON ST, INDIANAPOLIS, IN, 46219","-86.036923305624,39.772577662627","108003727","L"
"413","5101 E 10TH ST, INDIANAPOLIS, IN, 46219","Match","Exact","5101 E 10TH ST, INDIANAPOLIS, IN, 46219","-86.08312616764,39.781479800399","108001193","R"
"414","8151 E 21ST ST, INDIANAPOLIS, IN, 46219","Match","Exact","8151 E 21ST ST, INDIANAPOLIS, IN, 46219","-86.024174535418,39.796511952374","108030289","R"
"415","7365 E 16TH ST, INDIANAPOLIS, IN, 46219","Match","Exact","7365 E 16TH ST, INDIANAPOLIS, IN, 46219","-86.038651871859,39.789074101668","108030256","R"
"416","8159 E 21ST ST, INDIANAPOLIS, IN, 46219","Match","Exact","8159 E 21ST ST, INDIANAPOLIS, IN, 46219","-86.024003367274,39.796512141764","108030289","R"
"417","7034 N TACOMA AVE, INDIANAPOLIS, IN, 46220","Match","Exact","7034 N TACOMA AVE, INDIANAPOLIS, IN, 46220","-86.120732323931,39.882532975567","107984813","L"
"418","6320 GUILFORD AVE, INDIANAPOLIS, IN, 46220","Match","Exact","6320 GUILFORD AVE, INDIANAPOLIS, IN, 46220","-86.142990238241,39.870199700549","107984575","L"
"419","6302 RUCKER RD, INDIANAPOLIS, IN, 46220","Match","Exact","6302 RUCKER RD, INDIANAPOLIS, IN, 46220","-86.079402307313,39.870656423908","108068043","L"
"420","6320 RUCKER RD, INDIANAPOLIS, IN, 46220","Match","Exact","6320 RUCKER RD, INDIANAPOLIS, IN, 46220","-86.079399170801,39.870986729693","108068043","L"
"300","3701 E 38TH ST, INDIANAPOLIS, IN, 46218","Match","Non_Exact","3701 38TH ST, INDIANAPOLIS, IN, 46218","-86.104258110444,39.825271948667","107998455","R"
"421","6284 RUCKER RD, INDIANAPOLIS, IN, 46220","Match","Exact","6284 RUCKER RD, INDIANAPOLIS, IN, 46220","-86.079405443826,39.870326118124","108068043","L"
"301","3750 N SHERMAN DR, INDIANAPOLIS, IN, 46218","Match","Exact","3750 N SHERMAN DR, INDIANAPOLIS, IN, 46218","-86.102782198612,39.824368717974","107998456","L"
"422","6308 RUCKER RD, INDIANAPOLIS, IN, 46220","Match","Exact","6308 RUCKER RD, INDIANAPOLIS, IN, 46220","-86.079401261809,39.870766525836","108068043","L"
"302","2311 E 30TH ST, INDIANAPOLIS, IN, 46218","Match","Exact","2311 E 30TH ST, INDIANAPOLIS, IN, 46218","-86.122624903022,39.810697311562","107990415","R"
"423","6296 RUCKER RD, INDIANAPOLIS, IN, 46220","Match","Exact","6296 RUCKER RD, INDIANAPOLIS, IN, 46220","-86.079403352817,39.87054632198","108068043","L"
"303","5734 E 38TH ST, INDIANAPOLIS, IN, 46218","Match","Non_Exact","5734 38TH ST, INDIANAPOLIS, IN, 46218","-86.071248434141,39.8255041944","108048041","L"
"424","5244 WINTHROP AVE, INDIANAPOLIS, IN, 46220","Match","Exact","5244 WINTHROP AVE, INDIANAPOLIS, IN, 46220","-86.141836722801,39.847943745063","652689078","L"
"304","3628 E 25TH ST, INDIANAPOLIS, IN, 46218","Match","Exact","3628 E 25TH ST, INDIANAPOLIS, IN, 46218","-86.105212963194,39.803448874093","107999000","L"
"425","6407 FERGUSON ST, INDIANAPOLIS, IN, 46220","Match","Exact","6407 FERGUSON ST, INDIANAPOLIS, IN, 46220","-86.143477930209,39.872646628492","107984507","R"
"305","4425 E 21ST ST, INDIANAPOLIS, IN, 46218","Match","Exact","4425 E 21ST ST, INDIANAPOLIS, IN, 46218","-86.094289322597,39.796112686733","107999096","R"
"426","1316 BROAD RIPPLE AVE, INDIANAPOLIS, IN, 46220","Match","Exact","1316 BROAD RIPPLE AVE, INDIANAPOLIS, IN, 46220","-86.135742288528,39.869061392216","107984660","L"
"306","1722 E 38TH ST, INDIANAPOLIS, IN, 46218","Match","Non_Exact","1722 38TH ST, INDIANAPOLIS, IN, 46218","-86.12921362177,39.825508340897","107990221","L"
"427","6410 FERGUSON ST, INDIANAPOLIS, IN, 46220","Match","Exact","6410 FERGUSON ST, INDIANAPOLIS, IN, 46220","-86.143627419064,39.87267956022","107984507","L"
"307","1502 E 17TH ST, INDIANAPOLIS, IN, 46218","Match","Exact","1502 E 17TH ST, INDIANAPOLIS, IN, 46218","-86.132662985039,39.790428023664","107990715","L"
"428","6314 RUCKER RD, INDIANAPOLIS, IN, 46220","Match","Exact","6314 RUCKER RD, INDIANAPOLIS, IN, 46220","-86.079400216305,39.870876627765","108068043","L"
"308","2216 E 25TH ST, INDIANAPOLIS, IN, 46218","Match","Exact","2216 E 25TH ST, INDIANAPOLIS, IN, 46218","-86.123083843424,39.803469525048","108051591","L"
"429","2126 E 54TH ST, INDIANAPOLIS, IN, 46220","Match","Exact","2126 E 54TH ST, INDIANAPOLIS, IN, 46220","-86.125970204972,39.8513482127","107985257","L"
"309","1719 N RURAL ST, INDIANAPOLIS, IN, 46218","Match","Exact","1719 N RURAL ST, INDIANAPOLIS, IN, 46218","-86.116475875919,39.789939299331","657884612","R"
"430","5206 KEYSTONE CT, INDIANAPOLIS, IN, 46220","Match","Exact","5206 KEYSTONE CT, INDIANAPOLIS, IN, 46220","-86.123746340449,39.847692930178","107985306","L"
"310","2213 MASSACHUSETTS AVE, INDIANAPOLIS, IN, 46218","Match","Exact","2213 MASSACHUSETTS AVE, INDIANAPOLIS, IN, 46218","-86.124032570504,39.790008891127","107991061","R"
"431","5804 E 71ST ST, INDIANAPOLIS, IN, 46220","Match","Exact","5804 E 71ST ST, INDIANAPOLIS, IN, 46220","-86.069553054595,39.883438404659","107997065","L"
"311","3740 N SHERMAN DR, INDIANAPOLIS, IN, 46218","Match","Exact","3740 N SHERMAN DR, INDIANAPOLIS, IN, 46218","-86.102781328695,39.824179595931","107998456","L"
"432","6326 RUCKER RD, INDIANAPOLIS, IN, 46220","Match","Exact","6326 RUCKER RD, INDIANAPOLIS, IN, 46220","-86.079398125297,39.871096831621","108068043","L"
"312","1950 N RURAL ST, INDIANAPOLIS, IN, 46218","Match","Exact","1950 N RURAL ST, INDIANAPOLIS, IN, 46218","-86.116669224655,39.793343043003","107998867","L"
"433","5840 EVANSTON AVE, INDIANAPOLIS, IN, 46220","Match","Exact","5840 EVANSTON AVE, INDIANAPOLIS, IN, 46220","-86.127022771807,39.859495633002","107984931","L"
"313","2419 E 38TH ST, INDIANAPOLIS, IN, 46218","Match","Non_Exact","2419 38TH ST, INDIANAPOLIS, IN, 46218","-86.121395663351,39.825203080354","640864510","R"
"434","6246 CARROLLTON AVE, INDIANAPOLIS, IN, 46220","Match","Exact","6246 CARROLLTON AVE, INDIANAPOLIS, IN, 46220","-86.144827208333,39.868745961526","107983993","L"
"314","4020 E 21ST ST, INDIANAPOLIS, IN, 46218","Match","Exact","4020 E 21ST ST, INDIANAPOLIS, IN, 46218","-86.098180759412,39.796181067769","107999081","L"
"435","5235 WINTHROP AVE, INDIANAPOLIS, IN, 46220","Match","Exact","5235 WINTHROP AVE, INDIANAPOLIS, IN, 46220","-86.141687556565,39.847977967234","652689078","R"
"315","1625 ROOSEVELT AVE, INDIANAPOLIS, IN, 46218","Match","Exact","1625 ROOSEVELT AVE, INDIANAPOLIS, IN, 46218","-86.131421017914,39.789701036819","107990716","R"
"436","5412 E 65TH ST, INDIANAPOLIS, IN, 46220","Match","Exact","5412 E 65TH ST, INDIANAPOLIS, IN, 46220","-86.077824805375,39.876074957555","640859491","L"
"316","2502 N KEYSTONE AVE, INDIANAPOLIS, IN, 46218","Match","Exact","2502 N KEYSTONE AVE, INDIANAPOLIS, IN, 46218","-86.121602328541,39.803487136172","107990855","L"
"437","2502 E 56TH ST, INDIANAPOLIS, IN, 46220","Match","Exact","2502 E 56TH ST, INDIANAPOLIS, IN, 46220","-86.120470750504,39.855072757728","108030690","L"
"317","1820 N TACOMA AVE, INDIANAPOLIS, IN, 46218","Match","Exact","1820 N TACOMA AVE, INDIANAPOLIS, IN, 46218","-86.12019196757,39.791128127224","107991066","L"
"438","5916 N COLLEGE AVE, INDIANAPOLIS, IN, 46220","Match","Exact","5916 N COLLEGE AVE, INDIANAPOLIS, IN, 46220","-86.146071679756,39.862743644222","107984024","L"
"318","2345 ENTERPRISE PARK PL, INDIANAPOLIS, IN, 46218","Match","Exact","2345 ENTERPRISE PARK PL, INDIANAPOLIS, IN, 46218","-86.11938072806,39.79978324115","657825718","R"
"439","804 E LAVEROCK RD, INDIANAPOLIS, IN, 46220","Match","Exact","804 E LAVEROCK RD, INDIANAPOLIS, IN, 46220","-86.144741962073,39.870913055821","645228242","L"
"319","1610 SHELDON ST, INDIANAPOLIS, IN, 46218","Match","Exact","1610 SHELDON ST, INDIANAPOLIS, IN, 46218","-86.132811513529,39.788877461933","107990714","L"
"440","7044 N TACOMA AVE, INDIANAPOLIS, IN, 46220","Match","Exact","7044 N TACOMA AVE, INDIANAPOLIS, IN, 46220","-86.120669130522,39.882636535703","107984813","L"
"320","3748 N SHERMAN DR, INDIANAPOLIS, IN, 46218","Match","Exact","3748 N SHERMAN DR, INDIANAPOLIS, IN, 46218","-86.102782024629,39.824330893566","107998456","L"
"441","6419 FERGUSON ST, INDIANAPOLIS, IN, 46220","Match","Exact","6419 FERGUSON ST, INDIANAPOLIS, IN, 46220","-86.143478470382,39.872746845755","107984507","R"
"200","1210 W THOMPSON RD, INDIANAPOLIS, IN, 46217","Match","Exact","1210 W THOMPSON RD, INDIANAPOLIS, IN, 46217","-86.180236449004,39.692643985808","108048960","R"
"321","2345 STATION ST, INDIANAPOLIS, IN, 46218","Match","Exact","2345 STATION ST, INDIANAPOLIS, IN, 46218","-86.103985388361,39.80138065038","107999001","R"
"442","2419 E 62ND ST, INDIANAPOLIS, IN, 46220","Match","Exact","2419 E 62ND ST, INDIANAPOLIS, IN, 46220","-86.122019771026,39.868619815262","107984941","R"
"201","4640 S HARDING ST, INDIANAPOLIS, IN, 46217","Match","Exact","4640 S HARDING ST, INDIANAPOLIS, IN, 46217","-86.186860601077,39.69840141089","108069588","R"
"322","3751 N TACOMA AVE, INDIANAPOLIS, IN, 46218","Match","Exact","3751 N TACOMA AVE, INDIANAPOLIS, IN, 46218","-86.119983458886,39.824352018658","107990299","R"
"443","5022 E 62ND ST, INDIANAPOLIS, IN, 46220","Match","Exact","5022 E 62ND ST, INDIANAPOLIS, IN, 46220","-86.085000220701,39.868728215683","107995831","L"
"202","1275 W SOUTHPORT RD, INDIANAPOLIS, IN, 46217","Match","Exact","1275 W SOUTHPORT RD, INDIANAPOLIS, IN, 46217","-86.181740670915,39.66382470707","108006026","L"
"323","3009 N KEYSTONE AVE, INDIANAPOLIS, IN, 46218","Match","Exact","3009 N KEYSTONE AVE, INDIANAPOLIS, IN, 46218","-86.121526887022,39.810953726804","655648179","R"
"444","2522 E 56TH ST, INDIANAPOLIS, IN, 46220","Match","Exact","2522 E 56TH ST, INDIANAPOLIS, IN, 46220","-86.120229877171,39.85507392038","108030690","L"
"203","1337 W THOMPSON RD, INDIANAPOLIS, IN, 46217","Match","Exact","1337 W THOMPSON RD, INDIANAPOLIS, IN, 46217","-86.182629503942,39.69248596662","108048960","L"
"324","3044 N SHERMAN DR, INDIANAPOLIS, IN, 46218","Match","Exact","3044 N SHERMAN DR, INDIANAPOLIS, IN, 46218","-86.102658547799,39.81195658891","107998579","L"
"445","6051 N RURAL ST, INDIANAPOLIS, IN, 46220","Match","Exact","6051 N RURAL ST, INDIANAPOLIS, IN, 46220","-86.117434388143,39.865551739466","107995234","R"
"204","6530 BLUFF RD, INDIANAPOLIS, IN, 46217","Match","Exact","6530 BLUFF RD, INDIANAPOLIS, IN, 46217","-86.179054254077,39.670814169406","108005994","R"
"325","5944 MASSACHUSETTS AVE, INDIANAPOLIS, IN, 46218","Match","Exact","5944 MASSACHUSETTS AVE, INDIANAPOLIS, IN, 46218","-86.066261184286,39.817871775414","108030798","L"
"446","6215 N COLLEGE AVE, INDIANAPOLIS, IN, 46220","Match","Exact","6215 N COLLEGE AVE, INDIANAPOLIS, IN, 46220","-86.146025166337,39.868206480433","107983985","R"
"205","6550 S BELMONT AVE, INDIANAPOLIS, IN, 46217","Match","Exact","6550 S BELMONT AVE, INDIANAPOLIS, IN, 46217","-86.196634423818,39.670262183331","108055793","L"
"326","3014 N SHERMAN DR, INDIANAPOLIS, IN, 46218","Match","Exact","3014 N SHERMAN DR, INDIANAPOLIS, IN, 46218","-86.102650003487,39.81132981229","107998580","L"
"447","5824 EVANSTON AVE, INDIANAPOLIS, IN, 46220","Match","Exact","5824 EVANSTON AVE, INDIANAPOLIS, IN, 46220","-86.127019425596,39.859248056329","107984931","L"
"206","7 W EPLER AVE, INDIANAPOLIS, IN, 46217","Match","Exact","7 W EPLER AVE, INDIANAPOLIS, IN, 46217","-86.158742170256,39.686190440433","108006638","L"
"327","3750 N KEYSTONE AVE, INDIANAPOLIS, IN, 46218","Match","Exact","3750 N KEYSTONE AVE, INDIANAPOLIS, IN, 46218","-86.121806060641,39.824325255831","640864507","L"
"448","5834 EVANSTON AVE, INDIANAPOLIS, IN, 46220","Match","Exact","5834 EVANSTON AVE, INDIANAPOLIS, IN, 46220","-86.127021516978,39.85940279175","107984931","L"
"207","5424 W HARDING ST, INDIANAPOLIS, IN, 46217","Match","Non_Exact","5424 S HARDING ST, INDIANAPOLIS, IN, 46217","-86.187144492442,39.686978021799","653410095","R"
"328","1856 N RURAL ST, INDIANAPOLIS, IN, 46218","Match","Exact","1856 N RURAL ST, INDIANAPOLIS, IN, 46218","-86.116650155492,39.791843358717","107998872","L"
"449","6185 N RURAL ST, INDIANAPOLIS, IN, 46220","Match","Exact","6185 N RURAL ST, INDIANAPOLIS, IN, 46220","-86.117487175744,39.868354974101","107995234","R"
"208","1951 W EDGEWOOD AVE, INDIANAPOLIS, IN, 46217","Match","Exact","1951 W EDGEWOOD AVE, INDIANAPOLIS, IN, 46217","-86.194469407638,39.678255630316","640485358","L"
"329","3231 N ARLINGTON AVE, INDIANAPOLIS, IN, 46218","Match","Exact","3231 N ARLINGTON AVE, INDIANAPOLIS, IN, 46218","-86.064604634191,39.81509197308","108002027","R"
"209","4003 W SOUTHPORT RD, INDIANAPOLIS, IN, 46217","Match","Exact","4003 W SOUTHPORT RD, INDIANAPOLIS, IN, 46217","-86.228683524967,39.663117420001","636517792","L"
"450","724 E WESTFIELD BLVD, INDIANAPOLIS, IN, 46220","Match","Exact","724 E WESTFIELD BLVD, INDIANAPOLIS, IN, 46220","-86.145818388601,39.870116422447","107983992","L"
"330","1725 ROOSEVELT AVE, INDIANAPOLIS, IN, 46218","Match","Exact","1725 ROOSEVELT AVE, INDIANAPOLIS, IN, 46218","-86.130774804741,39.791305225261","107990951","R"
"451","2520 E 56TH ST, INDIANAPOLIS, IN, 46220","Match","Exact","2520 E 56TH ST, INDIANAPOLIS, IN, 46220","-86.120253964504,39.855073804115","108030690","L"
"210","5940 KOPETSKY DR, INDIANAPOLIS, IN, 46217","Match","Exact","5940 KOPETSKY DR, INDIANAPOLIS, IN, 46217","-86.192758333819,39.678826354441","108026674","R"
"331","2304 E 25TH ST, INDIANAPOLIS, IN, 46218","Match","Exact","2304 E 25TH ST, INDIANAPOLIS, IN, 46218","-86.122626632827,39.803470466514","108051592","L"
"452","6202 E CARROLLTON AVE, INDIANAPOLIS, IN, 46220","Match","Non_Exact","6202 CARROLLTON AVE, INDIANAPOLIS, IN, 46220","-86.144813366396,39.86799463664","107983993","L"
"211","4404 BLUFF RD, INDIANAPOLIS, IN, 46217","Match","Exact","4404 BLUFF RD, INDIANAPOLIS, IN, 46217","-86.172280044141,39.699433231545","108044898","R"
"332","5641 MASSACHUSETTS AVE, INDIANAPOLIS, IN, 46218","Match","Exact","5641 MASSACHUSETTS AVE, INDIANAPOLIS, IN, 46218","-86.072413636244,39.815702291906","107999691","R"
"453","5242 WINTHROP AVE, INDIANAPOLIS, IN, 46220","Match","Exact","5242 WINTHROP AVE, INDIANAPOLIS, IN, 46220","-86.141836621277,39.84790501047","652689078","L"
"212","1406 W THOMPSON RD, INDIANAPOLIS, IN, 46217","Match","Exact","1406 W THOMPSON RD, INDIANAPOLIS, IN, 46217","-86.183964436712,39.692576381774","108048960","R"
"333","2301 E 38TH ST, INDIANAPOLIS, IN, 46218","Match","Non_Exact","2301 38TH ST, INDIANAPOLIS, IN, 46218","-86.123068623533,39.825261634945","640864509","R"
"454","5830 EVANSTON AVE, INDIANAPOLIS, IN, 46220","Match","Exact","5830 EVANSTON AVE, INDIANAPOLIS, IN, 46220","-86.127020680425,39.859340897582","107984931","L"
"213","1455 W THOMPSON RD, INDIANAPOLIS, IN, 46217","Match","Exact","1455 W THOMPSON RD, INDIANAPOLIS, IN, 46217","-86.184873904705,39.692445266233","108048960","L"
"334","2024 HILLSIDE AVE, INDIANAPOLIS, IN, 46218","Match","Exact","2024 HILLSIDE AVE, INDIANAPOLIS, IN, 46218","-86.128941196423,39.79478537057","107990822","L"
"455","927 E WESTFIELD BLVD, INDIANAPOLIS, IN, 46220","Match","Exact","927 E WESTFIELD BLVD, INDIANAPOLIS, IN, 46220","-86.142678667242,39.870626728994","107984593","R"
"214","6840 S TIBBS AVE, INDIANAPOLIS, IN, 46217","Match","Exact","6840 S TIBBS AVE, INDIANAPOLIS, IN, 46217","-86.215611118205,39.665989894322","108005869","R"
"335","2356 N SHERMAN DR, INDIANAPOLIS, IN, 46218","Match","Exact","2356 N SHERMAN DR, INDIANAPOLIS, IN, 46218","-86.102516835814,39.801733921583","107999003","L"
"456","7052 N TACOMA AVE, INDIANAPOLIS, IN, 46220","Match","Exact","7052 N TACOMA AVE, INDIANAPOLIS, IN, 46220","-86.120615711146,39.882716490086","107984813","L"
"215","1215 W THOMPSON RD, INDIANAPOLIS, IN, 46217","Match","Exact","1215 W THOMPSON RD, INDIANAPOLIS, IN, 46217","-86.180309021798,39.692528046682","108048960","L"
"336","1846 E 30TH ST, INDIANAPOLIS, IN, 46218","Match","Exact","1846 E 30TH ST, INDIANAPOLIS, IN, 46218","-86.127323348686,39.810797098042","107990372","L"
"457","6018 N KEYSTONE AVE, INDIANAPOLIS, IN, 46220","Match","Exact","6018 N KEYSTONE AVE, INDIANAPOLIS, IN, 46220","-86.122294225384,39.864693649793","657870057","L"
"216","6825 BLUFF RD, INDIANAPOLIS, IN, 46217","Match","Exact","6825 BLUFF RD, INDIANAPOLIS, IN, 46217","-86.18109430672,39.665954352049","108053232","L"
"337","3801 E 38TH ST, INDIANAPOLIS, IN, 46218","Match","Non_Exact","3801 38TH ST, INDIANAPOLIS, IN, 46218","-86.102636445917,39.82527747401","107998465","R"
"458","2506 E 56TH ST, INDIANAPOLIS, IN, 46220","Match","Exact","2506 E 56TH ST, INDIANAPOLIS, IN, 46220","-86.120422575837,39.855072990259","108030690","L"
"217","8002 S MERIDIAN ST, INDIANAPOLIS, IN, 46217","Match","Exact","8002 S MERIDIAN ST, INDIANAPOLIS, IN, 46217","-86.158474598495,39.651204899867","108007885","R"
"338","2301 BROOKSIDE AVE, INDIANAPOLIS, IN, 46218","Match","Non_Exact","2301 E BROOKSIDE AVE, INDIANAPOLIS, IN, 46218","-86.122787238848,39.789826292747","107991065","R"
"459","6098 FALL CREEK RD, INDIANAPOLIS, IN, 46220","Match","Exact","6098 FALL CREEK RD, INDIANAPOLIS, IN, 46220","-86.062097127717,39.866781917798","652688855","L"
"218","4555 S HARDING ST, INDIANAPOLIS, IN, 46217","Match","Exact","4555 S HARDING ST, INDIANAPOLIS, IN, 46217","-86.186779541852,39.698910867972","108069588","L"
"339","2830 N SHERMAN DR, INDIANAPOLIS, IN, 46218","Match","Exact","2830 N SHERMAN DR, INDIANAPOLIS, IN, 46218","-86.102604041106,39.807479562586","107998584","L"
"219","6735 S HARDING ST, INDIANAPOLIS, IN, 46217","Match","Exact","6735 S HARDING ST, INDIANAPOLIS, IN, 46217","-86.18694855526,39.667569442184","624939160","L"
"460","6165 N KEYSTONE AVE, INDIANAPOLIS, IN, 46220","Match","Exact","6165 N KEYSTONE AVE, INDIANAPOLIS, IN, 46220","-86.122156215562,39.867423113446","657870057","R"
"340","3137 N RITTER AVE, INDIANAPOLIS, IN, 46218","Match","Exact","3137 N RITTER AVE, INDIANAPOLIS, IN, 46218","-86.074022894257,39.813508149907","657875907","R"
"461","2603 E 56TH ST, INDIANAPOLIS, IN, 46220","Match","Exact","2603 E 56TH ST, INDIANAPOLIS, IN, 46220","-86.119028926319,39.854964908627","657837381","R"
"220","7750 S MERIDIAN ST, INDIANAPOLIS, IN, 46217","Match","Exact","7750 S MERIDIAN ST, INDIANAPOLIS, IN, 46217","-86.158489820284,39.653899865681","657884852","R"
"341","4111 E 38TH ST, INDIANAPOLIS, IN, 46218","Match","Non_Exact","4111 38TH ST, INDIANAPOLIS, IN, 46218","-86.098909247087,39.825322889254","107998512","R"
"462","6150 N KEYSTONE AVE, INDIANAPOLIS, IN, 46220","Match","Exact","6150 N KEYSTONE AVE, INDIANAPOLIS, IN, 46220","-86.122304689952,39.867224618182","657870057","L"
"100","7235 W 10TH ST, INDIANAPOLIS, IN, 46214","Match","Exact","7235 W 10TH ST, INDIANAPOLIS, IN, 46214","-86.285823917388,39.779057091078","640809831","L"
"221","1710 W EDGEWOOD AVE, INDIANAPOLIS, IN, 46217","Match","Exact","1710 W EDGEWOOD AVE, INDIANAPOLIS, IN, 46217","-86.190483813396,39.678445803595","640485357","R"
"342","3712 N SHERMAN DR, INDIANAPOLIS, IN, 46218","Match","Exact","3712 N SHERMAN DR, INDIANAPOLIS, IN, 46218","-86.102778892924,39.82365005421","107998456","L"
"463","6345 SOMMER AWNING BLVD, INDIANAPOLIS, IN, 46220","Match","Exact","6345 SOMMER AWNING BLVD, INDIANAPOLIS, IN, 46220","-86.081418988605,39.871778210569","108058529","R"
"101","7218 W 10TH ST, INDIANAPOLIS, IN, 46214","Match","Exact","7218 W 10TH ST, INDIANAPOLIS, IN, 46214","-86.287041507781,39.779350796731","107977453","R"
"222","3400 S HARDING ST, INDIANAPOLIS, IN, 46217","Match","Exact","3400 S HARDING ST, INDIANAPOLIS, IN, 46217","-86.187056823248,39.715927670263","108005747","R"
"343","2417 STATION ST, INDIANAPOLIS, IN, 46218","Match","Exact","2417 STATION ST, INDIANAPOLIS, IN, 46218","-86.104000835382,39.802299258381","107999001","R"
"464","5335 E 65TH ST, INDIANAPOLIS, IN, 46220","Match","Exact","5335 E 65TH ST, INDIANAPOLIS, IN, 46220","-86.078800637696,39.875953316937","640859491","R"
"102","8235 COUNTRY VILLAGE DR, INDIANAPOLIS, IN, 46214","Match","Exact","8235 COUNTRY VILLAGE DR, INDIANAPOLIS, IN, 46214","-86.306104146445,39.762929907217","640833222","R"
"223","3800 DIVISION ST, INDIANAPOLIS, IN, 46217","Match","Exact","3800 DIVISION ST, INDIANAPOLIS, IN, 46217","-86.182199380696,39.710038639644","108005796","R"
"344","4005 E 26TH ST, INDIANAPOLIS, IN, 46218","Match","Exact","4005 E 26TH ST, INDIANAPOLIS, IN, 46218","-86.099133171646,39.805115315045","107999057","R"
"465","2611 55TH PL, INDIANAPOLIS, IN, 46220","Match","Non_Exact","2611 E 55TH PL, INDIANAPOLIS, IN, 46220","-86.119424911346,39.853761085795","657850616","R"
"103","7902 W 10TH ST, INDIANAPOLIS, IN, 46214","Match","Exact","7902 W 10TH ST, INDIANAPOLIS, IN, 46214","-86.300586638211,39.7791317355","640809437","R"
"224","3146 S HARDING ST, INDIANAPOLIS, IN, 46217","Match","Exact","3146 S HARDING ST, INDIANAPOLIS, IN, 46217","-86.187059007293,39.719324400623","108005732","R"
"345","5285 E 38TH ST, INDIANAPOLIS, IN, 46218","Match","Non_Exact","5285 38TH ST, INDIANAPOLIS, IN, 46218","-86.080356091411,39.825426084933","107999359","R"
"466","6840 LAKE PLAZA DR, INDIANAPOLIS, IN, 46220","Match","Exact","6840 LAKE PLAZA DR, INDIANAPOLIS, IN, 46220","-86.069099379315,39.880240243518","107997067","L"
"104","6336 W 10TH ST, INDIANAPOLIS, IN, 46214","Match","Non_Exact","6336 10TH ST, INDIANAPOLIS, IN, 46214","-86.271955718149,39.77963976612","641063847","R"
"225","5193 HARDING LN, INDIANAPOLIS, IN, 46217","Match","Exact","5193 HARDING LN, INDIANAPOLIS, IN, 46217","-86.187122659101,39.69042926682","108035056","L"
"346","5811 E 38TH ST, INDIANAPOLIS, IN, 46218","Match","Non_Exact","5811 38TH ST, INDIANAPOLIS, IN, 46218","-86.068564378135,39.825406323547","108030814","R"
"467","6358 N COLLEGE AVE, INDIANAPOLIS, IN, 46220","Match","Exact","6358 N COLLEGE AVE, INDIANAPOLIS, IN, 46220","-86.146280458159,39.871692667166","657861301","L"
"105","7373 W 10TH ST, INDIANAPOLIS, IN, 46214","Match","Non_Exact","7373 10TH ST, INDIANAPOLIS, IN, 46214","-86.290049245228,39.779079255388","641063736","R"
"226","3490 BLUFF RD, INDIANAPOLIS, IN, 46217","Match","Exact","3490 BLUFF RD, INDIANAPOLIS, IN, 46217","-86.169335895254,39.71511350688","657844750","R"
"347","5440 E 21ST ST, INDIANAPOLIS, IN, 46218","Match","Exact","5440 E 21ST ST, INDIANAPOLIS, IN, 46218","-86.074850030609,39.796324777879","108000020","L"
"468","2502 E 52ND ST, INDIANAPOLIS, IN, 46220","Match","Non_Exact","2502 E 52ND ST, INDIANAPOLIS, IN, 46205","-86.12043347893,39.847683788457","107985323","L"
"106","7501 W 10TH ST, INDIANAPOLIS, IN, 46214","Match","Non_Exact","7501 10TH ST, INDIANAPOLIS, IN, 46214","-86.291477118921,39.77905417452","641063736","R"
"227","3158 S HARDING ST, INDIANAPOLIS, IN, 46217","Match","Exact","3158 S HARDING ST, INDIANAPOLIS, IN, 46217","-86.187058678504,39.71911158742","108005732","R"
"348","2332 STATION ST, INDIANAPOLIS, IN, 46218","Match","Exact","2332 STATION ST, INDIANAPOLIS, IN, 46218","-86.104131527268,39.801200551876","107999001","L"
"469","2951 E 56TH ST, INDIANAPOLIS, IN, 46220","Match","Exact","2951 E 56TH ST, INDIANAPOLIS, IN, 46220","-86.113621274824,39.85498147658","636517904","R"
"107","650 N GIRLS SCHOOL RD, INDIANAPOLIS, IN, 46214","Match","Exact","650 N GIRLS SCHOOL RD, INDIANAPOLIS, IN, 46214","-86.289256178639,39.775290707206","108050241","L"
"228","900 W SUMNER AVE, INDIANAPOLIS, IN, 46217","Match","Exact","900 W SUMNER AVE, INDIANAPOLIS, IN, 46217","-86.177479863564,39.714883902495","108005791","R"
"349","3127 MASSACHUSETTS AVE, INDIANAPOLIS, IN, 46218","Match","Exact","3127 MASSACHUSETTS AVE, INDIANAPOLIS, IN, 46218","-86.112298130283,39.796074504245","654982546","R"
"108","7415 W 10TH ST, INDIANAPOLIS, IN, 46214","Match","Non_Exact","7415 10TH ST, INDIANAPOLIS, IN, 46214","-86.290517766284,39.779071025728","641063736","R"
"229","1015 W HANNA AVE, INDIANAPOLIS, IN, 46217","Match","Exact","1015 W HANNA AVE, INDIANAPOLIS, IN, 46217","-86.1775233992,39.707407098571","108005801","L"
"109","7201 W 10TH ST, INDIANAPOLIS, IN, 46214","Match","Exact","7201 W 10TH ST, INDIANAPOLIS, IN, 46214","-86.28559991681,39.779060652071","640809831","L"
"470","2525 E 56TH ST, INDIANAPOLIS, IN, 46220","Match","Exact","2525 E 56TH ST, INDIANAPOLIS, IN, 46220","-86.120175356594,39.854959589894","108030690","R"
"350","2201 E 30TH ST, INDIANAPOLIS, IN, 46218","Match","Exact","2201 E 30TH ST, INDIANAPOLIS, IN, 46218","-86.123922120554,39.810690942448","107990413","R"
"471","7030 GRAHAM RD, INDIANAPOLIS, IN, 46220","Match","Exact","7030 GRAHAM RD, INDIANAPOLIS, IN, 46220","-86.069800410314,39.882445495805","108043015","L"
"230","1335 W HANNA AVE, INDIANAPOLIS, IN, 46217","Match","Exact","1335 W HANNA AVE, INDIANAPOLIS, IN, 46217","-86.182864546939,39.707319522267","108005764","L"
"351","2333 STATION ST, INDIANAPOLIS, IN, 46218","Match","Exact","2333 STATION ST, INDIANAPOLIS, IN, 46218","-86.103982813858,39.801227549047","107999001","R"
"472","832 E WESTFIELD BLVD, INDIANAPOLIS, IN, 46220","Match","Exact","832 E WESTFIELD BLVD, INDIANAPOLIS, IN, 46220","-86.144100118168,39.870707496391","107983992","L"
"110","3125 DANDY TRL, INDIANAPOLIS, IN, 46214","Match","Exact","3125 DANDY TRL, INDIANAPOLIS, IN, 46214","-86.307302635464,39.811438834649","652688673","R"
"231","3488 BLUFF RD, INDIANAPOLIS, IN, 46217","Match","Exact","3488 BLUFF RD, INDIANAPOLIS, IN, 46217","-86.169331608308,39.71514095282","657844750","R"
"352","3040 N IRVINGTON AVE, INDIANAPOLIS, IN, 46218","Match","Exact","3040 N IRVINGTON AVE, INDIANAPOLIS, IN, 46218","-86.077059456244,39.811208402644","107999664","L"
"473","1211 S SHEFFIELD AVE, INDIANAPOLIS, IN, 46221","Match","Exact","1211 S SHEFFIELD AVE, INDIANAPOLIS, IN, 46221","-86.198025200152,39.750713532222","107987665","L"
"111","7336 ROCKVILLE RD, INDIANAPOLIS, IN, 46214","Match","Exact","7336 ROCKVILLE RD, INDIANAPOLIS, IN, 46214","-86.290008327628,39.76433350899","657882064","R"
"232","1315 W HANNA AVE, INDIANAPOLIS, IN, 46217","Match","Exact","1315 W HANNA AVE, INDIANAPOLIS, IN, 46217","-86.182034996712,39.707333929144","108005801","L"
"353","2507 N GALE ST, INDIANAPOLIS, IN, 46218","Match","Exact","2507 N GALE ST, INDIANAPOLIS, IN, 46218","-86.105630727058,39.803511633802","107998778","R"
"474","2655 KENTUCKY AVE, INDIANAPOLIS, IN, 46221","Match","Exact","2655 KENTUCKY AVE, INDIANAPOLIS, IN, 46221","-86.210528838347,39.726999447435","108026686","L"
"112","6355 ROCKVILLE RD, INDIANAPOLIS, IN, 46214","Match","Exact","6355 ROCKVILLE RD, INDIANAPOLIS, IN, 46214","-86.271800557654,39.76462206222","107977668","L"
"233","1635 W EDGEWOOD AVE, INDIANAPOLIS, IN, 46217","Match","Exact","1635 W EDGEWOOD AVE, INDIANAPOLIS, IN, 46217","-86.190225974119,39.678335324086","640485357","L"
"354","5107 E 38TH ST, INDIANAPOLIS, IN, 46218","Match","Non_Exact","5107 38TH ST, INDIANAPOLIS, IN, 46218","-86.083599399191,39.825455460642","107999345","R"
"475","1611 OLIVER AVE, INDIANAPOLIS, IN, 46221","Match","Exact","1611 OLIVER AVE, INDIANAPOLIS, IN, 46221","-86.190073158933,39.758410929109","107988005","L"
"113","351 TRANSFER DR, INDIANAPOLIS, IN, 46214","Match","Exact","351 TRANSFER DR, INDIANAPOLIS, IN, 46214","-86.298618789108,39.770975992724","108026160","L"
"234","6650 BLUFF RD, INDIANAPOLIS, IN, 46217","Match","Exact","6650 BLUFF RD, INDIANAPOLIS, IN, 46217","-86.179812122603,39.6691399045","108005994","R"
"355","2120 N EMERSON AVE, INDIANAPOLIS, IN, 46218","Match","Exact","2120 N EMERSON AVE, INDIANAPOLIS, IN, 46218","-86.083389842623,39.796969386825","657841794","L"
"476","5031 KENTUCKY AVE, INDIANAPOLIS, IN, 46221","Match","Exact","5031 KENTUCKY AVE, INDIANAPOLIS, IN, 46221","-86.274471076115,39.690781815836","108004250","L"
"114","77 S GIRLS SCHOOL RD, INDIANAPOLIS, IN, 46214","Match","Non_Exact","77 S GIRLS SCHOOL RD, INDIANAPOLIS, IN, 46231","-86.288954663102,39.763218423732","657883820","L"
"235","5410 S MERIDIAN ST, INDIANAPOLIS, IN, 46217","Match","Exact","5410 S MERIDIAN ST, INDIANAPOLIS, IN, 46217","-86.158862899934,39.687384890301","108006635","R"
"356","1601 E 35TH ST, INDIANAPOLIS, IN, 46218","Match","Exact","1601 E 35TH ST, INDIANAPOLIS, IN, 46218","-86.132566856153,39.819810384334","107990315","R"
"477","1176 KENTUCKY AVE, INDIANAPOLIS, IN, 46221","Match","Exact","1176 KENTUCKY AVE, INDIANAPOLIS, IN, 46221","-86.178363850995,39.751918253054","107988629","R"
"115","7436 ROCKVILLE RD, INDIANAPOLIS, IN, 46214","Match","Exact","7436 ROCKVILLE RD, INDIANAPOLIS, IN, 46214","-86.292567622152,39.764309463932","107977490","R"
"236","6611 BLUFF RD, INDIANAPOLIS, IN, 46217","Match","Exact","6611 BLUFF RD, INDIANAPOLIS, IN, 46217","-86.179418914977,39.669660290028","108005994","L"
"357","3308 E 25TH ST, INDIANAPOLIS, IN, 46218","Match","Exact","3308 E 25TH ST, INDIANAPOLIS, IN, 46218","-86.110525787154,39.803446446","107998767","L"
"478","3201 KENTUCKY AVE, INDIANAPOLIS, IN, 46221","Match","Exact","3201 KENTUCKY AVE, INDIANAPOLIS, IN, 46221","-86.233399212936,39.716536147103","650776202","L"
"116","8120 W 34TH ST, INDIANAPOLIS, IN, 46214","Match","Exact","8120 W 34TH ST, INDIANAPOLIS, IN, 46214","-86.304014974928,39.815673015225","108068240","R"
"237","7631 S MERIDIAN ST, INDIANAPOLIS, IN, 46217","Match","Exact","7631 S MERIDIAN ST, INDIANAPOLIS, IN, 46217","-86.158343014003,39.656044974226","657884852","L"
"358","2002 N ARLINGTON AVE, INDIANAPOLIS, IN, 46218","Match","Exact","2002 N ARLINGTON AVE, INDIANAPOLIS, IN, 46218","-86.064428731468,39.794918250808","108002199","L"
"479","1709 OLIVER AVE, INDIANAPOLIS, IN, 46221","Match","Exact","1709 OLIVER AVE, INDIANAPOLIS, IN, 46221","-86.191483806159,39.758376491633","107988004","L"
"117","7428 ROCKVILLE RD, INDIANAPOLIS, IN, 46214","Match","Exact","7428 ROCKVILLE RD, INDIANAPOLIS, IN, 46214","-86.292270358548,39.764311369035","657882064","R"
"238","3015 S MERIDIAN ST, INDIANAPOLIS, IN, 46217","Match","Exact","3015 S MERIDIAN ST, INDIANAPOLIS, IN, 46217","-86.158679319573,39.722181559347","108006321","L"
"359","2403 N SHERMAN DR, INDIANAPOLIS, IN, 46218","Match","Exact","2403 N SHERMAN DR, INDIANAPOLIS, IN, 46218","-86.102367072019,39.801701541383","107999003","R"
"118","8041 CRAWFORDSVILLE RD, INDIANAPOLIS, IN, 46214","Match","Exact","8041 CRAWFORDSVILLE RD, INDIANAPOLIS, IN, 46214","-86.303305082952,39.808817770808","657840824","L"
"239","3016 W SOUTHPORT RD, INDIANAPOLIS, IN, 46217","Match","Exact","3016 W SOUTHPORT RD, INDIANAPOLIS, IN, 46217","-86.210046719978,39.664242114458","641064087","R"
"119","855 N HIGH SCHOOL RD, INDIANAPOLIS, IN, 46214","Match","Exact","855 N HIGH SCHOOL RD, INDIANAPOLIS, IN, 46214","-86.272211118684,39.777667088264","640810052","R"
"10","164 E 25TH ST, INDIANAPOLIS, IN, 46205","Match","Exact","164 E 25TH ST, INDIANAPOLIS, IN, 46205","-86.153492021495,39.803004317984","107989678","L"
"11","4511 ALLISONVILLE RD, INDIANAPOLIS, IN, 46205","Match","Exact","4511 ALLISONVILLE RD, INDIANAPOLIS, IN, 46205","-86.118673536826,39.838611425786","107995489","R"
"12","4210 WINTHROP AVE, INDIANAPOLIS, IN, 46205","Match","Exact","4210 WINTHROP AVE, INDIANAPOLIS, IN, 46205","-86.141124249509,39.832617568404","107985173","L"
"13","3503 N COLLEGE AVE, INDIANAPOLIS, IN, 46205","Match","Exact","3503 N COLLEGE AVE, INDIANAPOLIS, IN, 46205","-86.144908924339,39.819597498804","107989072","R"
"14","2919 E 46TH ST, INDIANAPOLIS, IN, 46205","Match","Exact","2919 E 46TH ST, INDIANAPOLIS, IN, 46205","-86.11521637435,39.840176313579","655647387","R"
"15","4566 N COLLEGE AVE, INDIANAPOLIS, IN, 46205","Match","Exact","4566 N COLLEGE AVE, INDIANAPOLIS, IN, 46205","-86.145263726813,39.839000132884","107984469","L"
"16","3925 N KEYSTONE AVE, INDIANAPOLIS, IN, 46205","Match","Exact","3925 N KEYSTONE AVE, INDIANAPOLIS, IN, 46205","-86.121680221016,39.827479838017","107990261","R"
"17","1436 E 46TH ST, INDIANAPOLIS, IN, 46205","Match","Exact","1436 E 46TH ST, INDIANAPOLIS, IN, 46205","-86.134295602665,39.840247738249","107985205","L"
"18","2138 CLAY ST, INDIANAPOLIS, IN, 46205","Match","Exact","2138 CLAY ST, INDIANAPOLIS, IN, 46205","-86.124267329163,39.835723754811","108047500","L"
"19","3909 N KEYSTONE AVE, INDIANAPOLIS, IN, 46205","Match","Exact","3909 N KEYSTONE AVE, INDIANAPOLIS, IN, 46205","-86.121676913601,39.827257242621","107990261","R"
"480","6449 KENTUCKY AVE, INDIANAPOLIS, IN, 46221","Match","Exact","6449 KENTUCKY AVE, INDIANAPOLIS, IN, 46221","-86.300518219393,39.669840208425","653408965","L"
"360","4101 E 38TH ST, INDIANAPOLIS, IN, 46218","Match","Non_Exact","4101 38TH ST, INDIANAPOLIS, IN, 46218","-86.099008205861,39.825321651348","107998512","R"
"481","1148 S HARDING ST, INDIANAPOLIS, IN, 46221","Match","Exact","1148 S HARDING ST, INDIANAPOLIS, IN, 46221","-86.187343278387,39.752159458882","636518038","R"
"240","4610 S HARDING ST, INDIANAPOLIS, IN, 46217","Match","Exact","4610 S HARDING ST, INDIANAPOLIS, IN, 46217","-86.18688835282,39.69857641693","108069588","R"
"361","115 N SHADELAND AVE, INDIANAPOLIS, IN, 46219","Match","Exact","115 N SHADELAND AVE, INDIANAPOLIS, IN, 46219","-86.045294561261,39.775546919652","657835135","R"
"482","1306 OLIVER AVE, INDIANAPOLIS, IN, 46221","Match","Exact","1306 OLIVER AVE, INDIANAPOLIS, IN, 46221","-86.182576650188,39.758674248181","107988115","R"
"120","8140 W 34TH ST, INDIANAPOLIS, IN, 46214","Match","Exact","8140 W 34TH ST, INDIANAPOLIS, IN, 46214","-86.304169390776,39.815670313041","108068240","R"
"241","5204 S HARDING ST, INDIANAPOLIS, IN, 46217","Match","Exact","5204 S HARDING ST, INDIANAPOLIS, IN, 46217","-86.187305378831,39.690279772317","653410095","R"
"362","1620 INDUSTRY DR, INDIANAPOLIS, IN, 46219","No_Match"
"483","4620 W SOUTHPORT RD, INDIANAPOLIS, IN, 46221","Match","Exact","4620 W SOUTHPORT RD, INDIANAPOLIS, IN, 46221","-86.239759772109,39.663066095378","108005541","R"
"121","2780 WATERFRONT PKWY DR E, INDIANAPOLIS, IN, 46214","Tie"
"242","1720 W THOMPSON RD, INDIANAPOLIS, IN, 46217","Match","Exact","1720 W THOMPSON RD, INDIANAPOLIS, IN, 46217","-86.190958069055,39.692487674897","658721502","R"
"363","350 S FRANKLIN RD, INDIANAPOLIS, IN, 46219","Match","Exact","350 S FRANKLIN RD, INDIANAPOLIS, IN, 46219","-86.026268017462,39.765693650807","108003921","R"
"484","928 DIVISION ST, INDIANAPOLIS, IN, 46221","Match","Exact","928 DIVISION ST, INDIANAPOLIS, IN, 46221","-86.182877612363,39.755617499799","107988519","R"
"122","2831 WATERFRONT PKWY DR E, INDIANAPOLIS, IN, 46214","Tie"
"243","4017 S MERIDIAN ST, INDIANAPOLIS, IN, 46217","Match","Exact","4017 S MERIDIAN ST, INDIANAPOLIS, IN, 46217","-86.158377067049,39.707435849935","652688958","L"
"364","6600 BROOKVILLE RD, INDIANAPOLIS, IN, 46219","Match","Exact","6600 BROOKVILLE RD, INDIANAPOLIS, IN, 46219","-86.052985250667,39.755641198999","108044863","L"
"485","634 BIRCH AVE, INDIANAPOLIS, IN, 46221","Match","Exact","634 BIRCH AVE, INDIANAPOLIS, IN, 46221","-86.17793031876,39.757824889558","107988270","R"
"123","6450 W 10TH ST, INDIANAPOLIS, IN, 46214","Match","Non_Exact","6450 10TH ST, INDIANAPOLIS, IN, 46214","-86.2745967579,39.779561106797","641064154","R"
"244","841 W SUMNER AVE, INDIANAPOLIS, IN, 46217","Match","Exact","841 W SUMNER AVE, INDIANAPOLIS, IN, 46217","-86.175777529442,39.714791547661","108006324","L"
"365","5510 E WASHINGTON ST, INDIANAPOLIS, IN, 46219","Match","Exact","5510 E WASHINGTON ST, INDIANAPOLIS, IN, 46219","-86.073034199515,39.770721790045","108001537","L"
"486","1605 W MORRIS ST, INDIANAPOLIS, IN, 46221","Match","Exact","1605 W MORRIS ST, INDIANAPOLIS, IN, 46221","-86.188641231826,39.751133310568","107988441","L"
"124","3060 VALLEY FARMS RD, INDIANAPOLIS, IN, 46214","Match","Exact","3060 VALLEY FARMS RD, INDIANAPOLIS, IN, 46214","-86.301678116139,39.810017253488","107976484","L"
"245","1631 W THOMPSON RD, INDIANAPOLIS, IN, 46217","Match","Exact","1631 W THOMPSON RD, INDIANAPOLIS, IN, 46217","-86.189586590132,39.69238468806","658721502","L"
"366","6030 E 10TH ST, INDIANAPOLIS, IN, 46219","Match","Exact","6030 E 10TH ST, INDIANAPOLIS, IN, 46219","-86.063591792991,39.781691100452","108003318","L"
"487","1149 BLAINE AVE, INDIANAPOLIS, IN, 46221","Match","Exact","1149 BLAINE AVE, INDIANAPOLIS, IN, 46221","-86.188556581807,39.752183156128","107988499","L"
"125","8135 CRAWFORDSVILLE RD, INDIANAPOLIS, IN, 46214","Match","Exact","8135 CRAWFORDSVILLE RD, INDIANAPOLIS, IN, 46214","-86.305209398515,39.809515780429","657840856","L"
"246","5641 S HARDING ST, INDIANAPOLIS, IN, 46217","Match","Exact","5641 S HARDING ST, INDIANAPOLIS, IN, 46217","-86.186976629798,39.683917787632","108005833","L"
"367","5502 E WASHINGTON ST, INDIANAPOLIS, IN, 46219","Match","Exact","5502 E WASHINGTON ST, INDIANAPOLIS, IN, 46219","-86.073105814828,39.770718022361","108001537","L"
"488","2955 KENTUCKY AVE, INDIANAPOLIS, IN, 46221","Match","Exact","2955 KENTUCKY AVE, INDIANAPOLIS, IN, 46221","-86.221110757161,39.722131881718","108068092","L"
"126","770 N HIGH SCHOOL RD, INDIANAPOLIS, IN, 46214","Match","Exact","770 N HIGH SCHOOL RD, INDIANAPOLIS, IN, 46214","-86.270948977937,39.775248131025","640810052","L"
"247","4004 S MERIDIAN ST, INDIANAPOLIS, IN, 46217","Match","Exact","4004 S MERIDIAN ST, INDIANAPOLIS, IN, 46217","-86.158530018373,39.707646190186","652688958","R"
"368","549 N SHADELAND AVE, INDIANAPOLIS, IN, 46219","Match","Exact","549 N SHADELAND AVE, INDIANAPOLIS, IN, 46219","-86.0453127085,39.778567265622","657835135","R"
"489","3217 S LYONS AVE, INDIANAPOLIS, IN, 46221","Match","Exact","3217 S LYONS AVE, INDIANAPOLIS, IN, 46221","-86.233296575156,39.716314463597","108005212","L"
"127","6443 W 10TH ST, INDIANAPOLIS, IN, 46214","Match","Non_Exact","6443 10TH ST, INDIANAPOLIS, IN, 46214","-86.274427905088,39.779336669535","640810054","R"
"248","147 TRI SAB LN, INDIANAPOLIS, IN, 46217","Match","Exact","147 TRI SAB LN, INDIANAPOLIS, IN, 46217","-86.160673816088,39.720861514065","108006322","L"
"369","7011 E 14TH ST, INDIANAPOLIS, IN, 46219","Match","Exact","7011 E 14TH ST, INDIANAPOLIS, IN, 46219","-86.045119558304,39.787210282253","108002958","R"
"128","1961 N GIRLS SCHOOL RD, INDIANAPOLIS, IN, 46214","Match","Exact","1961 N GIRLS SCHOOL RD, INDIANAPOLIS, IN, 46214","-86.288592292212,39.792002954648","107976861","R"
"249","1601 ROOSEVELT AVE, INDIANAPOLIS, IN, 46218","Match","Exact","1601 ROOSEVELT AVE, INDIANAPOLIS, IN, 46218","-86.131497326535,39.78950360816","107990716","R"
"129","7537 W 38TH ST, INDIANAPOLIS, IN, 46214","Match","Non_Exact","7537 W 38TH ST, INDIANAPOLIS, IN, 46254","-86.293650709157,39.822971621769","640723080","L"
"20","4838 N COLLEGE AVE, INDIANAPOLIS, IN, 46205","Match","Exact","4838 N COLLEGE AVE, INDIANAPOLIS, IN, 46205","-86.145719378963,39.842082363491","107984450","L"
"21","2524 N DELAWARE ST, INDIANAPOLIS, IN, 46205","Match","Exact","2524 N DELAWARE ST, INDIANAPOLIS, IN, 46205","-86.153137025143,39.803246156127","107989677","L"
"22","2228 N COLLEGE AVE, INDIANAPOLIS, IN, 46205","Match","Exact","2228 N COLLEGE AVE, INDIANAPOLIS, IN, 46205","-86.144825086417,39.798187010658","107989793","L"
"23","4728 N KEYSTONE AVE, INDIANAPOLIS, IN, 46205","Match","Exact","4728 N KEYSTONE AVE, INDIANAPOLIS, IN, 46205","-86.122015415391,39.841591804133","647251530","L"
"24","1841 E 46TH ST, INDIANAPOLIS, IN, 46205","Match","Exact","1841 E 46TH ST, INDIANAPOLIS, IN, 46205","-86.129683891222,39.840151813289","107985344","R"
"25","2356 CARROLLTON AVE, INDIANAPOLIS, IN, 46205","Match","Exact","2356 CARROLLTON AVE, INDIANAPOLIS, IN, 46205","-86.143320698868,39.800484184577","107990479","L"
"26","2520 N DELAWARE ST, INDIANAPOLIS, IN, 46205","Match","Exact","2520 N DELAWARE ST, INDIANAPOLIS, IN, 46205","-86.153136834883,39.803206975595","107989677","L"
"27","3900 N PENNSYLVANIA ST, INDIANAPOLIS, IN, 46205","Match","Exact","3900 N PENNSYLVANIA ST, INDIANAPOLIS, IN, 46205","-86.154577877102,39.827109754258","107988969","L"
"28","944 E 30TH ST, INDIANAPOLIS, IN, 46205","Match","Exact","944 E 30TH ST, INDIANAPOLIS, IN, 46205","-86.139730944205,39.81070847953","107990126","L"
"29","3787 N MERIDIAN ST, INDIANAPOLIS, IN, 46205","Match","Non_Exact","3787 N MERIDIAN ST, INDIANAPOLIS, IN, 46208","-86.156770414102,39.824171826207","652688022","R"
"490","1049 OLIVER AVE, INDIANAPOLIS, IN, 46221","Match","Exact","1049 OLIVER AVE, INDIANAPOLIS, IN, 46221","-86.17813978249,39.758513497529","107988267","L"
"370","7548 E WASHINGTON ST, INDIANAPOLIS, IN, 46219","Match","Exact","7548 E WASHINGTON ST, INDIANAPOLIS, IN, 46219","-86.034242301394,39.772710418355","108003760","L"
"491","1313 OLIVER AVE, INDIANAPOLIS, IN, 46221","Match","Exact","1313 OLIVER AVE, INDIANAPOLIS, IN, 46221","-86.183215561158,39.758548273187","107988114","L"
"250","1503 E 18TH ST, INDIANAPOLIS, IN, 46218","Match","Exact","1503 E 18TH ST, INDIANAPOLIS, IN, 46218","-86.13267204014,39.791223344562","647262007","R"
"371","517 NARROW BROOK DR, INDIANAPOLIS, IN, 46219","Match","Non_Exact","517 NARROW BROOK DR, INDIANAPOLIS, IN, 46239","-86.029490917255,39.760767142","625010717","L"
"492","1601 W MORRIS ST, INDIANAPOLIS, IN, 46221","Match","Exact","1601 W MORRIS ST, INDIANAPOLIS, IN, 46221","-86.188603395545,39.751134119096","107988441","L"
"130","900 N HIGH SCHOOL RD, INDIANAPOLIS, IN, 46214","Match","Exact","900 N HIGH SCHOOL RD, INDIANAPOLIS, IN, 46214","-86.272298247991,39.777572224102","640810052","L"
"251","2508 BROUSE AVE, INDIANAPOLIS, IN, 46218","Match","Exact","2508 BROUSE AVE, INDIANAPOLIS, IN, 46218","-86.122790529407,39.803539074155","107990853","L"
"372","8175 E 21ST ST, INDIANAPOLIS, IN, 46219","Match","Exact","8175 E 21ST ST, INDIANAPOLIS, IN, 46219","-86.023661030987,39.796512520542","108030289","R"
"493","735 S BELMONT AVE, INDIANAPOLIS, IN, 46221","Match","Exact","735 S BELMONT AVE, INDIANAPOLIS, IN, 46221","-86.196712918328,39.756337722669","108051112","L"
"131","6331 ROCKVILLE RD, INDIANAPOLIS, IN, 46214","Match","Exact","6331 ROCKVILLE RD, INDIANAPOLIS, IN, 46214","-86.271510511683,39.764628305555","107977668","L"
"252","3725 SCHOFIELD AVE, INDIANAPOLIS, IN, 46218","Match","Exact","3725 SCHOFIELD AVE, INDIANAPOLIS, IN, 46218","-86.129648668741,39.823177053581","107990212","R"
"373","6900 ENGLISH AVE, INDIANAPOLIS, IN, 46219","Match","Exact","6900 ENGLISH AVE, INDIANAPOLIS, IN, 46219","-86.047280747966,39.761419339604","108052989","L"
"494","3031 S HOLT RD, INDIANAPOLIS, IN, 46221","Match","Exact","3031 S HOLT RD, INDIANAPOLIS, IN, 46221","-86.225031425325,39.719848738018","108005184","L"
"132","925 N HIGH SCHOOL RD, INDIANAPOLIS, IN, 46214","Match","Exact","925 N HIGH SCHOOL RD, INDIANAPOLIS, IN, 46214","-86.272986047276,39.77841057492","640810052","R"
"253","5284 38TH ST DR N, INDIANAPOLIS, IN, 46218","Match","Non_Exact","5284 38TH ST, INDIANAPOLIS, IN, 46218","-86.080579624465,39.825541849277","107999359","L"
"374","1514 N EMERSON AVE, INDIANAPOLIS, IN, 46219","Match","Exact","1514 N EMERSON AVE, INDIANAPOLIS, IN, 46219","-86.083358470932,39.788136375605","107999939","L"
"495","6215 W MOORESVILLE RD, INDIANAPOLIS, IN, 46221","Match","Exact","6215 W MOORESVILLE RD, INDIANAPOLIS, IN, 46221","-86.267976099474,39.692920874905","108004689","L"
"133","8101 CRAWFORDSVILLE RD, INDIANAPOLIS, IN, 46214","Match","Exact","8101 CRAWFORDSVILLE RD, INDIANAPOLIS, IN, 46214","-86.304676692215,39.809317417904","657840856","L"
"254","2449 MASSACHUSETTS AVE, INDIANAPOLIS, IN, 46218","Match","Exact","2449 MASSACHUSETTS AVE, INDIANAPOLIS, IN, 46218","-86.120692324906,39.791750204326","107991061","R"
"375","2170 N POST RD, INDIANAPOLIS, IN, 46219","Match","Exact","2170 N POST RD, INDIANAPOLIS, IN, 46219","-86.009550290927,39.797868735858","108012531","L"
"496","3506 MANN RD, INDIANAPOLIS, IN, 46221","Match","Exact","3506 MANN RD, INDIANAPOLIS, IN, 46221","-86.238698011297,39.712799750019","108005039","R"
"134","7295 W 21ST ST, INDIANAPOLIS, IN, 46214","Match","Exact","7295 W 21ST ST, INDIANAPOLIS, IN, 46214","-86.288559322643,39.793829709615","624807050","L"
"255","2706 BLOYD AVE, INDIANAPOLIS, IN, 46218","Match","Exact","2706 BLOYD AVE, INDIANAPOLIS, IN, 46218","-86.117223195146,39.795342995461","657841693","L"
"376","7142 E WASHINGTON ST, INDIANAPOLIS, IN, 46219","Match","Exact","7142 E WASHINGTON ST, INDIANAPOLIS, IN, 46219","-86.041091398302,39.772365127873","108003719","L"
"497","4895 KENTUCKY AVE, INDIANAPOLIS, IN, 46221","Match","Exact","4895 KENTUCKY AVE, INDIANAPOLIS, IN, 46221","-86.269146524546,39.694422895731","108004708","L"
"135","6301 ROCKVILLE RD, INDIANAPOLIS, IN, 46214","Match","Exact","6301 ROCKVILLE RD, INDIANAPOLIS, IN, 46214","-86.27114795422,39.764636109722","107977668","L"
"256","2339 STATION ST, INDIANAPOLIS, IN, 46218","Match","Exact","2339 STATION ST, INDIANAPOLIS, IN, 46218","-86.103984101109,39.801304099713","107999001","R"
"377","5550 BROOKVILLE RD, INDIANAPOLIS, IN, 46219","Match","Exact","5550 BROOKVILLE RD, INDIANAPOLIS, IN, 46219","-86.072606038482,39.759838065069","108052818","L"
"498","1349 W RAY ST, INDIANAPOLIS, IN, 46221","Match","Exact","1349 W RAY ST, INDIANAPOLIS, IN, 46221","-86.184325762724,39.755231102313","107988515","L"
"136","7052 CRAWFORDSVILLE RD, INDIANAPOLIS, IN, 46214","Match","Exact","7052 CRAWFORDSVILLE RD, INDIANAPOLIS, IN, 46214","-86.285930447385,39.804219807285","640819628","R"
"257","1508 E 17TH ST, INDIANAPOLIS, IN, 46218","Match","Exact","1508 E 17TH ST, INDIANAPOLIS, IN, 46218","-86.132578501285,39.790428632673","107990715","L"
"378","5540 GREENFIELD AVE, INDIANAPOLIS, IN, 46219","Match","Non_Exact","5540 E GREENFIELD AVE, INDIANAPOLIS, IN, 46219","-86.072792297856,39.761285525423","108001688","L"
"499","3003 04TH AVE E, INDIANAPOLIS, IN, 46221","No_Match"
"137","5829 N POST RD, INDIANAPOLIS, IN, 46216","Match","Exact","5829 N POST RD, INDIANAPOLIS, IN, 46216","-86.010374548403,39.860770508009","108011299","R"
"258","1511 E 18TH ST, INDIANAPOLIS, IN, 46218","Match","Exact","1511 E 18TH ST, INDIANAPOLIS, IN, 46218","-86.132528537391,39.791224157493","647262007","R"
"379","2140 N BOEHNING ST, INDIANAPOLIS, IN, 46219","Match","Exact","2140 N BOEHNING ST, INDIANAPOLIS, IN, 46219","-86.010622609468,39.798190048506","108053601","L"
"138","8335 E 56TH ST, INDIANAPOLIS, IN, 46216","Match","Exact","8335 E 56TH ST, INDIANAPOLIS, IN, 46216","-86.02122565238,39.85512573384","107998093","R"
"259","2155 HOVEY ST, INDIANAPOLIS, IN, 46218","Match","Exact","2155 HOVEY ST, INDIANAPOLIS, IN, 46218","-86.132066588107,39.797268801151","108047698","R"
"139","5505 N POST RD, INDIANAPOLIS, IN, 46216","Match","Exact","5505 N POST RD, INDIANAPOLIS, IN, 46216","-86.0102248616,39.852913971615","108011364","R"
"30","657 E 38TH ST, INDIANAPOLIS, IN, 46205","Match","Exact","657 E 38TH ST, INDIANAPOLIS, IN, 46205","-86.145762373036,39.824923851585","640863754","R"
"31","25 E 39TH ST, INDIANAPOLIS, IN, 46205","Match","Exact","25 E 39TH ST, INDIANAPOLIS, IN, 46205","-86.155141371867,39.825844279231","652687930","R"
"32","2446 N PENNSYLVANIA ST, INDIANAPOLIS, IN, 46205","Match","Exact","2446 N PENNSYLVANIA ST, INDIANAPOLIS, IN, 46205","-86.155573562165,39.801965928412","107989654","L"
"33","4163 WINTHROP AVE, INDIANAPOLIS, IN, 46205","Match","Exact","4163 WINTHROP AVE, INDIANAPOLIS, IN, 46205","-86.140967212221,39.831679870089","107990007","R"
"34","3353 CENTRAL AVE, INDIANAPOLIS, IN, 46205","Match","Exact","3353 CENTRAL AVE, INDIANAPOLIS, IN, 46205","-86.149601623305,39.816764333806","107989144","R"
"35","2450 N PENNSYLVANIA ST, INDIANAPOLIS, IN, 46205","Match","Exact","2450 N PENNSYLVANIA ST, INDIANAPOLIS, IN, 46205","-86.15556740724,39.802035308565","107989654","L"
"36","2702 CARROLLTON AVE, INDIANAPOLIS, IN, 46205","Match","Exact","2702 CARROLLTON AVE, INDIANAPOLIS, IN, 46205","-86.143348152547,39.805542897059","107990433","L"
"37","2030 E 52ND ST, INDIANAPOLIS, IN, 46205","Match","Exact","2030 E 52ND ST, INDIANAPOLIS, IN, 46205","-86.127055262081,39.847684988323","107985262","L"
"38","2507 WILLOWBROOK PKWY, INDIANAPOLIS, IN, 46205","Match","Exact","2507 WILLOWBROOK PKWY, INDIANAPOLIS, IN, 46205","-86.120602728551,39.842295390642","107985439","R"
"39","3355 CENTRAL AVE, INDIANAPOLIS, IN, 46205","Match","Exact","3355 CENTRAL AVE, INDIANAPOLIS, IN, 46205","-86.149601948056,39.816798857539","107989144","R"
"380","6464 BROOKVILLE RD, INDIANAPOLIS, IN, 46219","Match","Exact","6464 BROOKVILLE RD, INDIANAPOLIS, IN, 46219","-86.055305374427,39.756129704751","640780258","L"
"260","2429 MASSACHUSETTS AVE, INDIANAPOLIS, IN, 46218","Match","Exact","2429 MASSACHUSETTS AVE, INDIANAPOLIS, IN, 46218","-86.120975663143,39.791602911416","107991061","R"
"381","453 N EMERSON AVE, INDIANAPOLIS, IN, 46219","Match","Exact","453 N EMERSON AVE, INDIANAPOLIS, IN, 46219","-86.083045173722,39.774369225588","108001224","R"
"140","5825 N POST RD, INDIANAPOLIS, IN, 46216","Match","Exact","5825 N POST RD, INDIANAPOLIS, IN, 46216","-86.010373550759,39.860727295558","108011299","R"
"261","3004 STATION ST, INDIANAPOLIS, IN, 46218","Match","Exact","3004 STATION ST, INDIANAPOLIS, IN, 46218","-86.104262411373,39.81089608411","107998576","L"
"382","64 N FRANKLIN RD, INDIANAPOLIS, IN, 46219","Match","Exact","64 N FRANKLIN RD, INDIANAPOLIS, IN, 46219","-86.026337256936,39.77384024118","108003849","L"
"141","5827 N POST RD, INDIANAPOLIS, IN, 46216","Match","Exact","5827 N POST RD, INDIANAPOLIS, IN, 46216","-86.010374049581,39.860748901783","108011299","R"
"262","3801 E 31ST ST, INDIANAPOLIS, IN, 46218","Match","Exact","3801 E 31ST ST, INDIANAPOLIS, IN, 46218","-86.102503256709,39.81154563441","107998632","R"
"383","370 S FRANKLIN RD, INDIANAPOLIS, IN, 46219","Match","Exact","370 S FRANKLIN RD, INDIANAPOLIS, IN, 46219","-86.026261855013,39.765184113794","108003921","R"
"142","9535 E 59TH ST, INDIANAPOLIS, IN, 46216","Match","Exact","9535 E 59TH ST, INDIANAPOLIS, IN, 46216","-86.000471379968,39.862819553392","108011335","R"
"263","4543 E 21ST ST, INDIANAPOLIS, IN, 46218","Match","Exact","4543 E 21ST ST, INDIANAPOLIS, IN, 46218","-86.092159403441,39.796104452217","107999740","R"
"384","7600 OLD TRAILS RD, INDIANAPOLIS, IN, 46219","Match","Exact","7600 OLD TRAILS RD, INDIANAPOLIS, IN, 46219","-86.03323660794,39.771302060377","108003762","L"
"143","5738 WHEELER RD, INDIANAPOLIS, IN, 46216","Match","Exact","5738 WHEELER RD, INDIANAPOLIS, IN, 46216","-86.006605261766,39.859336035268","640828977","L"
"264","2138 RALSTON AVE, INDIANAPOLIS, IN, 46218","Match","Exact","2138 RALSTON AVE, INDIANAPOLIS, IN, 46218","-86.131079246489,39.79814986153","107990814","L"
"385","8804 E 25TH ST, INDIANAPOLIS, IN, 46219","Match","Exact","8804 E 25TH ST, INDIANAPOLIS, IN, 46219","-86.01264889529,39.803925515089","108032920","L"
"144","8930 E 56TH ST, INDIANAPOLIS, IN, 46216","Match","Exact","8930 E 56TH ST, INDIANAPOLIS, IN, 46216","-86.012562156567,39.855325633223","108011361","L"
"265","5757 E 38TH ST, INDIANAPOLIS, IN, 46218","Match","Non_Exact","5757 38TH ST, INDIANAPOLIS, IN, 46218","-86.06999528825,39.82540158815","108030813","R"
"386","8800 E 21ST ST, INDIANAPOLIS, IN, 46219","Match","Exact","8800 E 21ST ST, INDIANAPOLIS, IN, 46219","-86.012503049165,39.79672536877","108012481","L"
"145","9145 E 56TH ST, INDIANAPOLIS, IN, 46216","Match","Exact","9145 E 56TH ST, INDIANAPOLIS, IN, 46216","-86.007123221471,39.855270787941","647250718","R"
"266","1930 E 32ND ST, INDIANAPOLIS, IN, 46218","Match","Exact","1930 E 32ND ST, INDIANAPOLIS, IN, 46218","-86.12759668419,39.814473901737","107990364","L"
"387","1504 N EMERSON AVE, INDIANAPOLIS, IN, 46219","Match","Exact","1504 N EMERSON AVE, INDIANAPOLIS, IN, 46219","-86.083358023026,39.788056128442","107999939","L"
"146","9130 OTIS AVE, INDIANAPOLIS, IN, 46216","Match","Exact","9130 OTIS AVE, INDIANAPOLIS, IN, 46216","-86.008622033637,39.856687391858","647254907","L"
"267","4527 E 21ST ST, INDIANAPOLIS, IN, 46218","Match","Exact","4527 E 21ST ST, INDIANAPOLIS, IN, 46218","-86.092456974119,39.796106961029","107999095","R"
"388","8155 E 21ST ST, INDIANAPOLIS, IN, 46219","Match","Exact","8155 E 21ST ST, INDIANAPOLIS, IN, 46219","-86.024088951346,39.796512047069","108030289","R"
"147","8901 OTIS AVE, INDIANAPOLIS, IN, 46216","Match","Exact","8901 OTIS AVE, INDIANAPOLIS, IN, 46216","-86.011979347432,39.856622772116","657866934","R"
"268","3745 HILLSIDE AVE, INDIANAPOLIS, IN, 46218","Match","Exact","3745 HILLSIDE AVE, INDIANAPOLIS, IN, 46218","-86.123062219333,39.824199439109","640864502","R"
"389","1102 N SHADELAND AVE, INDIANAPOLIS, IN, 46219","Match","Exact","1102 N SHADELAND AVE, INDIANAPOLIS, IN, 46219","-86.045486889177,39.783011974784","108002510","L"
"148","8225 E 56TH ST, INDIANAPOLIS, IN, 46216","Match","Exact","8225 E 56TH ST, INDIANAPOLIS, IN, 46216","-86.023383861334,39.855059093427","641063919","R"
"269","2229 E 38TH ST, INDIANAPOLIS, IN, 46218","Match","Non_Exact","2229 38TH ST, INDIANAPOLIS, IN, 46218","-86.123674653539,39.825290115396","640864504","R"
"149","9560 E 59TH ST, INDIANAPOLIS, IN, 46216","Match","Exact","9560 E 59TH ST, INDIANAPOLIS, IN, 46216","-86.000099368806,39.86294652378","108011335","L"
"40","4902 N COLLEGE AVE, INDIANAPOLIS, IN, 46205","Match","Exact","4902 N COLLEGE AVE, INDIANAPOLIS, IN, 46205","-86.145775028522,39.842882140785","107984438","L"
"41","1217 EUGENE ST, INDIANAPOLIS, IN, 46208","Match","Exact","1217 EUGENE ST, INDIANAPOLIS, IN, 46208","-86.183243948693,39.809084193122","107986358","L"
"42","211 W 34TH ST, INDIANAPOLIS, IN, 46208","Match","Exact","211 W 34TH ST, INDIANAPOLIS, IN, 46208","-86.161684414221,39.817269084808","107988913","L"
"43","2269 N ILLINOIS ST, INDIANAPOLIS, IN, 46208","Match","Exact","2269 N ILLINOIS ST, INDIANAPOLIS, IN, 46208","-86.159007734305,39.798524046273","107989379","R"
"44","400 FALL CREEK BLVD, INDIANAPOLIS, IN, 46208","Match","Exact","400 FALL CREEK BLVD, INDIANAPOLIS, IN, 46208","-86.167335356275,39.797798788234","107989283","R"
"45","2437 N MERIDIAN ST, INDIANAPOLIS, IN, 46208","Match","Exact","2437 N MERIDIAN ST, INDIANAPOLIS, IN, 46208","-86.156673308424,39.801734556916","107989652","R"
"46","1118 W 26TH ST, INDIANAPOLIS, IN, 46208","Match","Exact","1118 W 26TH ST, INDIANAPOLIS, IN, 46208","-86.180390613233,39.803781753428","647242533","R"
"47","1317 EUGENE ST, INDIANAPOLIS, IN, 46208","Match","Exact","1317 EUGENE ST, INDIANAPOLIS, IN, 46208","-86.185312705019,39.809066537706","107986341","L"
"48","2947 CLIFTON ST, INDIANAPOLIS, IN, 46208","Match","Exact","2947 CLIFTON ST, INDIANAPOLIS, IN, 46208","-86.180389635741,39.809351106392","107986426","R"
"49","5644 N ILLINOIS ST, INDIANAPOLIS, IN, 46208","Match","Exact","5644 N ILLINOIS ST, INDIANAPOLIS, IN, 46208","-86.159618023105,39.85690245409","107984076","L"
"390","128 S AUDUBON RD, INDIANAPOLIS, IN, 46219","Match","Exact","128 S AUDUBON RD, INDIANAPOLIS, IN, 46219","-86.070345526153,39.768134601831","108001651","R"
"270","5742 E 38TH ST, INDIANAPOLIS, IN, 46218","Match","Non_Exact","5742 38TH ST, INDIANAPOLIS, IN, 46218","-86.071215028662,39.825504399525","108048041","L"
"391","438 S RITTER AVE, INDIANAPOLIS, IN, 46219","Match","Exact","438 S RITTER AVE, INDIANAPOLIS, IN, 46219","-86.073574453297,39.761577922209","108001675","R"
"150","5525 N POST RD, INDIANAPOLIS, IN, 46216","Match","Exact","5525 N POST RD, INDIANAPOLIS, IN, 46216","-86.010243134555,39.853875732274","108011362","R"
"271","2012 TIPTON ST, INDIANAPOLIS, IN, 46218","Match","Exact","2012 TIPTON ST, INDIANAPOLIS, IN, 46218","-86.129665741417,39.794391525978","107990820","L"
"392","6032 E 10TH ST, INDIANAPOLIS, IN, 46219","Match","Exact","6032 E 10TH ST, INDIANAPOLIS, IN, 46219","-86.063554380022,39.781691323864","108003318","L"
"151","5825 LAWTON LOOP DR E, INDIANAPOLIS, IN, 46216","Match","Non_Exact","5825 LAWTON LOOP EAST DR, INDIANAPOLIS, IN, 46216","-86.01339809024,39.861076521763","108011294","R"
"272","3551 SUTHERLAND AVE, INDIANAPOLIS, IN, 46218","Match","Exact","3551 SUTHERLAND AVE, INDIANAPOLIS, IN, 46218","-86.132360543962,39.821290187036","107990076","R"
"393","2025 RAMA PL, INDIANAPOLIS, IN, 46219","No_Match"
"152","5355 N POST RD, INDIANAPOLIS, IN, 46216","Match","Exact","5355 N POST RD, INDIANAPOLIS, IN, 46216","-86.010208441579,39.851636301054","108011375","R"
"273","2824 N SHERMAN DR, INDIANAPOLIS, IN, 46218","Match","Exact","2824 N SHERMAN DR, INDIANAPOLIS, IN, 46218","-86.102602687351,39.807364004288","107998584","L"
"394","5436 BROOKVILLE RD, INDIANAPOLIS, IN, 46219","Match","Exact","5436 BROOKVILLE RD, INDIANAPOLIS, IN, 46219","-86.07560259482,39.760494409154","636517923","L"
"153","9050 E 56TH ST, INDIANAPOLIS, IN, 46216","Match","Exact","9050 E 56TH ST, INDIANAPOLIS, IN, 46216","-86.009312493316,39.855351472511","647250718","L"
"274","5701 MASSACHUSETTS AVE, INDIANAPOLIS, IN, 46218","Match","Exact","5701 MASSACHUSETTS AVE, INDIANAPOLIS, IN, 46218","-86.071665008161,39.815946904809","108030797","R"
"395","8171 E 21ST ST, INDIANAPOLIS, IN, 46219","Match","Exact","8171 E 21ST ST, INDIANAPOLIS, IN, 46219","-86.023746615059,39.796512425847","108030289","R"
"154","9165 E 56TH ST, INDIANAPOLIS, IN, 46216","Match","Exact","9165 E 56TH ST, INDIANAPOLIS, IN, 46216","-86.00668679806,39.855282962367","647250718","R"
"275","2450 N ARSENAL AVE, INDIANAPOLIS, IN, 46218","Match","Exact","2450 N ARSENAL AVE, INDIANAPOLIS, IN, 46218","-86.134421658329,39.802414813029","107990542","L"
"396","8107 E 30TH ST, INDIANAPOLIS, IN, 46219","Match","Exact","8107 E 30TH ST, INDIANAPOLIS, IN, 46219","-86.024723687991,39.811123486096","108002870","R"
"155","9152 KENT AVE, INDIANAPOLIS, IN, 46216","Match","Exact","9152 KENT AVE, INDIANAPOLIS, IN, 46216","-86.007305725555,39.861718384882","108053531","L"
"276","3216 E 25TH ST, INDIANAPOLIS, IN, 46218","Match","Exact","3216 E 25TH ST, INDIANAPOLIS, IN, 46218","-86.111723013686,39.803458448495","107998691","L"
"397","8167 E 21ST ST, INDIANAPOLIS, IN, 46219","Match","Exact","8167 E 21ST ST, INDIANAPOLIS, IN, 46219","-86.02383219913,39.796512331153","108030289","R"
"156","5645 N POST RD, INDIANAPOLIS, IN, 46216","Match","Exact","5645 N POST RD, INDIANAPOLIS, IN, 46216","-86.010252373219,39.856430313232","640801287","R"
"277","1506 E 17TH ST, INDIANAPOLIS, IN, 46218","Match","Exact","1506 E 17TH ST, INDIANAPOLIS, IN, 46218","-86.132606662536,39.79042842967","107990715","L"
"398","2045 N POST RD, INDIANAPOLIS, IN, 46219","Match","Exact","2045 N POST RD, INDIANAPOLIS, IN, 46219","-86.00936343719,39.795793477877","108068135","R"
"157","8315 E 56TH ST, INDIANAPOLIS, IN, 46216","Match","Exact","8315 E 56TH ST, INDIANAPOLIS, IN, 46216","-86.02148080114,39.855123216845","107998093","R"
"278","3500 N KEYSTONE AVE, INDIANAPOLIS, IN, 46218","Match","Exact","3500 N KEYSTONE AVE, INDIANAPOLIS, IN, 46218","-86.121755127273,39.819972890294","107990292","L"
"399","2456 N SHADELAND AVE, INDIANAPOLIS, IN, 46219","Match","Exact","2456 N SHADELAND AVE, INDIANAPOLIS, IN, 46219","-86.045704659577,39.803622793287","108002400","L"
"158","5805 N POST RD, INDIANAPOLIS, IN, 46216","Match","Exact","5805 N POST RD, INDIANAPOLIS, IN, 46216","-86.010368562543,39.860511233299","108011299","R"
"279","2443 MASSACHUSETTS AVE, INDIANAPOLIS, IN, 46218","Match","Exact","2443 MASSACHUSETTS AVE, INDIANAPOLIS, IN, 46218","-86.120777326378,39.791706016453","107991061","R"
"159","9134 OTIS AVE, INDIANAPOLIS, IN, 46216","Match","Exact","9134 OTIS AVE, INDIANAPOLIS, IN, 46216","-86.008502859355,39.856683645826","647254907","L"
"50","3302 N MERIDIAN ST, INDIANAPOLIS, IN, 46208","Match","Exact","3302 N MERIDIAN ST, INDIANAPOLIS, IN, 46208","-86.156844574154,39.815779989153","107989076","L"
"51","3360 N ILLINOIS ST, INDIANAPOLIS, IN, 46208","Match","Exact","3360 N ILLINOIS ST, INDIANAPOLIS, IN, 46208","-86.159204095509,39.816627021678","107988927","L"
"52","1222 EUGENE ST, INDIANAPOLIS, IN, 46208","Match","Exact","1222 EUGENE ST, INDIANAPOLIS, IN, 46208","-86.183380203574,39.809197689609","107986358","R"
"53","3422 SALEM ST, INDIANAPOLIS, IN, 46208","Match","Exact","3422 SALEM ST, INDIANAPOLIS, IN, 46208","-86.158048692672,39.817886223444","107988925","L"
"54","3401 N CAPITOL AVE, INDIANAPOLIS, IN, 46208","Match","Exact","3401 N CAPITOL AVE, INDIANAPOLIS, IN, 46208","-86.161435522002,39.817387458307","107988909","R"
"55","3002 N CAPITOL AVE, INDIANAPOLIS, IN, 46208","Match","Exact","3002 N CAPITOL AVE, INDIANAPOLIS, IN, 46208","-86.161507773163,39.810231089499","108051352","L"
"56","3244 N ILLINOIS ST, INDIANAPOLIS, IN, 46208","Match","Exact","3244 N ILLINOIS ST, INDIANAPOLIS, IN, 46208","-86.15918230638,39.814490922585","107988929","L"
"57","3624 DR M L KING JR ST, INDIANAPOLIS, IN, 46208","Match","Exact","3624 DR MARTIN LUTHER KING JR ST, INDIANAPOLIS, IN, 46208","-86.177608234484,39.817861572213","107986405","L"
"58","3426 SALEM ST, INDIANAPOLIS, IN, 46208","Match","Exact","3426 SALEM ST, INDIANAPOLIS, IN, 46208","-86.15804919229,39.81796244363","107988925","L"
"59","3231 N MERIDIAN ST, INDIANAPOLIS, IN, 46208","Match","Exact","3231 N MERIDIAN ST, INDIANAPOLIS, IN, 46208","-86.1566833765,39.814388538504","107989079","R"
"280","2627 E 30TH ST, INDIANAPOLIS, IN, 46218","Match","Exact","2627 E 30TH ST, INDIANAPOLIS, IN, 46218","-86.118964167059,39.810704686833","107998363","R"
"160","9119 OTIS AVE, INDIANAPOLIS, IN, 46216","Match","Exact","9119 OTIS AVE, INDIANAPOLIS, IN, 46216","-86.008206185209,39.856564272556","647254907","R"
"281","1830 E 30TH ST, INDIANAPOLIS, IN, 46218","Match","Exact","1830 E 30TH ST, INDIANAPOLIS, IN, 46218","-86.12741897149,39.810796787243","107990372","L"
"161","9620 E 59TH ST, INDIANAPOLIS, IN, 46216","Match","Exact","9620 E 59TH ST, INDIANAPOLIS, IN, 46216","-85.999226087681,39.862975334457","108011335","L"
"282","1507 E 18TH ST, INDIANAPOLIS, IN, 46218","Match","Exact","1507 E 18TH ST, INDIANAPOLIS, IN, 46218","-86.132600288766,39.791223751028","647262007","R"
"162","5747 N POST RD, INDIANAPOLIS, IN, 46216","Match","Exact","5747 N POST RD, INDIANAPOLIS, IN, 46216","-86.010354096714,39.859884652751","108011299","R"
"283","3408 N ARLINGTON AVE, INDIANAPOLIS, IN, 46218","Match","Exact","3408 N ARLINGTON AVE, INDIANAPOLIS, IN, 46218","-86.064777464751,39.818496232712","108001993","L"
"163","5665 N POST RD, INDIANAPOLIS, IN, 46216","Match","Exact","5665 N POST RD, INDIANAPOLIS, IN, 46216","-86.010250339078,39.85694463054","640801284","R"
"284","2033 HILLSIDE AVE, INDIANAPOLIS, IN, 46218","Match","Exact","2033 HILLSIDE AVE, INDIANAPOLIS, IN, 46218","-86.128841994688,39.794686468501","107990822","R"
"164","8501 E 56TH ST, INDIANAPOLIS, IN, 46216","Match","Exact","8501 E 56TH ST, INDIANAPOLIS, IN, 46216","-86.019107917673,39.855146624897","107998093","R"
"285","3009 N SHERMAN DR, INDIANAPOLIS, IN, 46218","Match","Exact","3009 N SHERMAN DR, INDIANAPOLIS, IN, 46218","-86.102494984051,39.810889200072","107998580","R"
"165","9055 E 56TH ST, INDIANAPOLIS, IN, 46216","Match","Exact","9055 E 56TH ST, INDIANAPOLIS, IN, 46216","-86.009090609197,39.855236058113","647250718","R"
"286","1510 E 17TH ST, INDIANAPOLIS, IN, 46218","Match","Exact","1510 E 17TH ST, INDIANAPOLIS, IN, 46218","-86.132550340034,39.790428835676","107990715","L"
"166","8415 E 56TH ST, INDIANAPOLIS, IN, 46216","Match","Exact","8415 E 56TH ST, INDIANAPOLIS, IN, 46216","-86.020205057341,39.855135801819","107998093","R"
"287","3701 MASSACHUSETTS AVE, INDIANAPOLIS, IN, 46218","Match","Exact","3701 MASSACHUSETTS AVE, INDIANAPOLIS, IN, 46218","-86.103534394893,39.800679768846","107999024","R"
"167","5845 LAWTON LOOP DR E, INDIANAPOLIS, IN, 46216","Match","Non_Exact","5845 LAWTON LOOP EAST DR, INDIANAPOLIS, IN, 46216","-86.012694860377,39.861864421614","108053519","L"
"288","5635 MASSACHUSETTS AVE, INDIANAPOLIS, IN, 46218","Match","Exact","5635 MASSACHUSETTS AVE, INDIANAPOLIS, IN, 46218","-86.072476864697,39.815681648332","107999691","R"
"168","5605 N POST RD, INDIANAPOLIS, IN, 46216","Match","Exact","5605 N POST RD, INDIANAPOLIS, IN, 46216","-86.010263391279,39.855681521944","640801287","R"
"289","1840 E 38TH ST, INDIANAPOLIS, IN, 46218","Match","Non_Exact","1840 38TH ST, INDIANAPOLIS, IN, 46218","-86.127758048376,39.825486185188","107990240","L"
"169","5823 N POST RD, INDIANAPOLIS, IN, 46216","Match","Exact","5823 N POST RD, INDIANAPOLIS, IN, 46216","-86.010373051938,39.860705689332","108011299","R"
"60","1018 EDGEMONT AVE, INDIANAPOLIS, IN, 46208","Match","Exact","1018 EDGEMONT AVE, INDIANAPOLIS, IN, 46208","-86.178309706956,39.801958576378","108067381","R"
"61","3745 SALEM ST, INDIANAPOLIS, IN, 46208","Match","Exact","3745 SALEM ST, INDIANAPOLIS, IN, 46208","-86.157952821303,39.823708568303","640863415","R"
"62","2530 BURTON AVE, INDIANAPOLIS, IN, 46208","Match","Exact","2530 BURTON AVE, INDIANAPOLIS, IN, 46208","-86.181980771651,39.803036355303","107986615","L"
"63","828 ROACHE ST, INDIANAPOLIS, IN, 46208","Match","Exact","828 ROACHE ST, INDIANAPOLIS, IN, 46208","-86.174045074673,39.804698107121","107986856","R"
"64","2445 N MERIDIAN ST, INDIANAPOLIS, IN, 46208","Match","Exact","2445 N MERIDIAN ST, INDIANAPOLIS, IN, 46208","-86.156659051355,39.801866375604","107989652","R"
"65","2967 DR M L KING JR ST, INDIANAPOLIS, IN, 46208","Match","Exact","2967 DR MARTIN LUTHER KING JR ST, INDIANAPOLIS, IN, 46208","-86.173184507811,39.808912653223","107986473","R"
"66","2311 N MERIDIAN ST, INDIANAPOLIS, IN, 46208","Match","Exact","2311 N MERIDIAN ST, INDIANAPOLIS, IN, 46208","-86.156900973945,39.799544315152","107989383","R"
"67","1331 EUGENE ST, INDIANAPOLIS, IN, 46208","Match","Exact","1331 EUGENE ST, INDIANAPOLIS, IN, 46208","-86.185382258125,39.809065552343","107986341","L"
"68","3172 N ILLINOIS ST, INDIANAPOLIS, IN, 46208","Match","Exact","3172 N ILLINOIS ST, INDIANAPOLIS, IN, 46208","-86.15916902943,39.81323267207","107988958","L"
"69","553 W 26TH ST, INDIANAPOLIS, IN, 46208","Match","Exact","553 W 26TH ST, INDIANAPOLIS, IN, 46208","-86.16944305812,39.804223729614","108051010","L"
"290","2002 HILLSIDE AVE, INDIANAPOLIS, IN, 46218","Match","Exact","2002 HILLSIDE AVE, INDIANAPOLIS, IN, 46218","-86.129383394737,39.79422093357","108029477","L"
"170","5752 WHEELER RD, INDIANAPOLIS, IN, 46216","Match","Exact","5752 WHEELER RD, INDIANAPOLIS, IN, 46216","-86.006606848374,39.859623143665","640828978","L"
"291","2439 MASSACHUSETTS AVE, INDIANAPOLIS, IN, 46218","Match","Exact","2439 MASSACHUSETTS AVE, INDIANAPOLIS, IN, 46218","-86.120833994025,39.791676557871","107991061","R"
"171","9120 HARRISON PARK CT, INDIANAPOLIS, IN, 46216","Match","Exact","9120 HARRISON PARK CT, INDIANAPOLIS, IN, 46216","-86.008045616622,39.851847410628","108059021","L"
"292","1902 E 38TH ST, INDIANAPOLIS, IN, 46218","Match","Non_Exact","1902 38TH ST, INDIANAPOLIS, IN, 46218","-86.126946792863,39.825483681378","107990244","L"
"172","9515 E 59TH ST, INDIANAPOLIS, IN, 46216","Match","Exact","9515 E 59TH ST, INDIANAPOLIS, IN, 46216","-86.000762473677,39.862809949833","108011335","R"
"293","1515 E 18TH ST, INDIANAPOLIS, IN, 46218","Match","Exact","1515 E 18TH ST, INDIANAPOLIS, IN, 46218","-86.132456786016,39.791224563959","647262007","R"
"173","9025 E 56TH ST, INDIANAPOLIS, IN, 46216","Match","Exact","9025 E 56TH ST, INDIANAPOLIS, IN, 46216","-86.00974566846,39.855238483968","647250718","R"
"294","3634 ROOSEVELT AVE, INDIANAPOLIS, IN, 46218","Match","Exact","3634 ROOSEVELT AVE, INDIANAPOLIS, IN, 46218","-86.105237197588,39.800687650286","107999013","L"
"174","8899 KENT AVE, INDIANAPOLIS, IN, 46216","Match","Exact","8899 KENT AVE, INDIANAPOLIS, IN, 46216","-86.012463242145,39.861727720051","108053524","R"
"295","4002 MASSACHUSETTS AVE, INDIANAPOLIS, IN, 46218","Match","Exact","4002 MASSACHUSETTS AVE, INDIANAPOLIS, IN, 46218","-86.099468841491,39.802912055317","107999065","L"
"175","9235 E 56TH ST, INDIANAPOLIS, IN, 46216","Match","Exact","9235 E 56TH ST, INDIANAPOLIS, IN, 46216","-86.005228072837,39.855340749743","108055076","R"
"296","2006 TIPTON ST, INDIANAPOLIS, IN, 46218","Match","Exact","2006 TIPTON ST, INDIANAPOLIS, IN, 46218","-86.129663821877,39.794309399122","107990820","L"
"176","5515 N POST RD, INDIANAPOLIS, IN, 46216","Match","Exact","5515 N POST RD, INDIANAPOLIS, IN, 46216","-86.010238261544,39.853613532261","108011364","R"
"297","2435 MASSACHUSETTS AVE, INDIANAPOLIS, IN, 46218","Match","Exact","2435 MASSACHUSETTS AVE, INDIANAPOLIS, IN, 46218","-86.120890661672,39.791647099289","107991061","R"
"177","5742 N POST RD, INDIANAPOLIS, IN, 46216","Match","Exact","5742 N POST RD, INDIANAPOLIS, IN, 46216","-86.010502357633,39.859839409838","108011299","L"
"298","1840 E 30TH ST, INDIANAPOLIS, IN, 46218","Match","Exact","1840 E 30TH ST, INDIANAPOLIS, IN, 46218","-86.127359207237,39.810796981493","107990372","L"
"178","5625 N POST RD, INDIANAPOLIS, IN, 46216","Match","Exact","5625 N POST RD, INDIANAPOLIS, IN, 46216","-86.010257882249,39.856055917588","640801287","R"
"299","2339 MASSACHUSETTS AVE, INDIANAPOLIS, IN, 46218","Match","Exact","2339 MASSACHUSETTS AVE, INDIANAPOLIS, IN, 46218","-86.122250685211,39.790940093318","107991061","R"
"179","9168 OTIS AVE, INDIANAPOLIS, IN, 46216","Match","Exact","9168 OTIS AVE, INDIANAPOLIS, IN, 46216","-86.007491942428,39.856676931847","647254907","L"
"70","150 W 29TH ST N, INDIANAPOLIS, IN, 46208","Match","Non_Exact","150 W 29TH ST, INDIANAPOLIS, IN, 46208","-86.159624107553,39.808424277575","107988956","R"
"71","1064 W 29TH ST, INDIANAPOLIS, IN, 46208","Match","Exact","1064 W 29TH ST, INDIANAPOLIS, IN, 46208","-86.179617851353,39.808328075964","107986430","R"
"72","2901 N KENWOOD AVE, INDIANAPOLIS, IN, 46208","Match","Exact","2901 N KENWOOD AVE, INDIANAPOLIS, IN, 46208","-86.160107892776,39.808424614154","107988952","R"
"73","137 W FALL CREEK PKWY DR S, INDIANAPOLIS, IN, 46208","Tie"
"74","2933 CLIFTON ST, INDIANAPOLIS, IN, 46208","Match","Exact","2933 CLIFTON ST, INDIANAPOLIS, IN, 46208","-86.180386003386,39.809062016732","107986428","R"
"75","1333 UDELL ST, INDIANAPOLIS, IN, 46208","Match","Exact","1333 UDELL ST, INDIANAPOLIS, IN, 46208","-86.186808102229,39.807029834518","107986568","L"
"76","2906 N KENWOOD AVE, INDIANAPOLIS, IN, 46208","Match","Exact","2906 N KENWOOD AVE, INDIANAPOLIS, IN, 46208","-86.160257838817,39.808525386542","107988952","L"
"77","1019 EDGEMONT AVE, INDIANAPOLIS, IN, 46208","Match","Exact","1019 EDGEMONT AVE, INDIANAPOLIS, IN, 46208","-86.178307699935,39.801843995386","108067381","L"
"78","2225 N MERIDIAN ST, INDIANAPOLIS, IN, 46208","Match","Exact","2225 N MERIDIAN ST, INDIANAPOLIS, IN, 46208","-86.157069720188,39.79781719931","107989384","R"
"79","1320 W 29TH ST, INDIANAPOLIS, IN, 46208","Match","Exact","1320 W 29TH ST, INDIANAPOLIS, IN, 46208","-86.186831880453,39.808249463997","639689967","R"
"180","5455 HARRISON PARK LN, INDIANAPOLIS, IN, 46216","Match","Exact","5455 HARRISON PARK LN, INDIANAPOLIS, IN, 46216","-86.006856314331,39.852987837271","108058988","R"
"181","9045 E 59TH ST, INDIANAPOLIS, IN, 46216","Match","Exact","9045 E 59TH ST, INDIANAPOLIS, IN, 46216","-86.00967587564,39.862585427741","657857645","R"
"182","5625 LAWTON LOOP DR E, INDIANAPOLIS, IN, 46216","Tie"
"183","9155 HARRISON PARK CT, INDIANAPOLIS, IN, 46216","Match","Exact","9155 HARRISON PARK CT, INDIANAPOLIS, IN, 46216","-86.007361748927,39.852066873602","108059021","R"
"184","9105 E 56TH ST, INDIANAPOLIS, IN, 46216","Match","Exact","9105 E 56TH ST, INDIANAPOLIS, IN, 46216","-86.007996068292,39.855246439091","647250718","R"
"185","5777 N POST RD, INDIANAPOLIS, IN, 46216","Match","Exact","5777 N POST RD, INDIANAPOLIS, IN, 46216","-86.010361579039,39.860208746138","108011299","R"
"186","5635 LAWTON LOOP DR E, INDIANAPOLIS, IN, 46216","Tie"
"187","9505 E 59TH ST, INDIANAPOLIS, IN, 46216","Match","Exact","9505 E 59TH ST, INDIANAPOLIS, IN, 46216","-86.000908020531,39.862805148053","108011335","R"
"188","9225 HARRISON PARK CT, INDIANAPOLIS, IN, 46216","Match","Exact","9225 HARRISON PARK CT, INDIANAPOLIS, IN, 46216","-86.006207261766,39.852670950467","108058987","R"
"189","9615 E 59TH ST, INDIANAPOLIS, IN, 46216","Match","Exact","9615 E 59TH ST, INDIANAPOLIS, IN, 46216","-85.999307005135,39.86285796763","108011335","R"
"80","3402 N ILLINOIS ST, INDIANAPOLIS, IN, 46208","Match","Exact","3402 N ILLINOIS ST, INDIANAPOLIS, IN, 46208","-86.159212385365,39.817455776186","107988924","L"
"81","7421 W 10TH ST, INDIANAPOLIS, IN, 46214","Match","Non_Exact","7421 10TH ST, INDIANAPOLIS, IN, 46214","-86.290584697863,39.779069850062","641063736","R"
"82","7040 W 10TH ST, INDIANAPOLIS, IN, 46214","Match","Exact","7040 W 10TH ST, INDIANAPOLIS, IN, 46214","-86.286355907532,39.779366344652","108050243","R"
"83","2930 WATERFRONT PKWY DR W, INDIANAPOLIS, IN, 46214","Tie"
"84","3135 DANDY TRL, INDIANAPOLIS, IN, 46214","Match","Exact","3135 DANDY TRL, INDIANAPOLIS, IN, 46214","-86.307196889844,39.811619828994","652688674","R"
"85","1060 N GLEN ARM RD, INDIANAPOLIS, IN, 46214","Match","Exact","1060 N GLEN ARM RD, INDIANAPOLIS, IN, 46214","-86.273599715724,39.780471966236","640810060","L"
"86","2629 WATERFRONT PKWY DR E, INDIANAPOLIS, IN, 46214","Tie"
"87","3061 SALT LAKE RD, INDIANAPOLIS, IN, 46214","Match","Exact","3061 SALT LAKE RD, INDIANAPOLIS, IN, 46214","-86.304503003265,39.809792213988","107976472","R"
"88","3089 SALT LAKE RD, INDIANAPOLIS, IN, 46214","Match","Exact","3089 SALT LAKE RD, INDIANAPOLIS, IN, 46214","-86.304503226594,39.80997462505","107976472","R"
"89","8051 WINDHAM LAKE DR, INDIANAPOLIS, IN, 46214","Match","Exact","8051 WINDHAM LAKE DR, INDIANAPOLIS, IN, 46214","-86.302562915031,39.815121424646","108035408","L"
"190","9120 OTIS AVE, INDIANAPOLIS, IN, 46216","Match","Exact","9120 OTIS AVE, INDIANAPOLIS, IN, 46216","-86.009012786886,39.856697169874","108011386","L"
"191","9115 E 56TH ST, INDIANAPOLIS, IN, 46216","Match","Exact","9115 E 56TH ST, INDIANAPOLIS, IN, 46216","-86.007777856587,39.855252526303","647250718","R"
"192","9165 OTIS AVE, INDIANAPOLIS, IN, 46216","Match","Exact","9165 OTIS AVE, INDIANAPOLIS, IN, 46216","-86.006449231601,39.856559071899","108037203","R"
"193","5950 S BELMONT AVE, INDIANAPOLIS, IN, 46217","Match","Non_Exact","5950 BELMONT AVE, INDIANAPOLIS, IN, 46217","-86.197953416355,39.682768638845","658718200","L"
"194","4028 WICKER RD, INDIANAPOLIS, IN, 46217","Match","Exact","4028 WICKER RD, INDIANAPOLIS, IN, 46217","-86.228528383006,39.641277285697","108044896","R"
"195","8602 S MERIDIAN ST, INDIANAPOLIS, IN, 46217","Match","Exact","8602 S MERIDIAN ST, INDIANAPOLIS, IN, 46217","-86.158508914807,39.64256218836","108016370","R"
"196","4589 S HARDING ST, INDIANAPOLIS, IN, 46217","Match","Exact","4589 S HARDING ST, INDIANAPOLIS, IN, 46217","-86.18675557674,39.698714306407","108069588","L"
"197","2000 W EPLER AVE, INDIANAPOLIS, IN, 46217","No_Match"
"198","6118 S HARDING ST, INDIANAPOLIS, IN, 46217","Match","Exact","6118 S HARDING ST, INDIANAPOLIS, IN, 46217","-86.187098961497,39.676673922702","108005967","R"
"199","7607 S MERIDIAN ST, INDIANAPOLIS, IN, 46217","Match","Exact","7607 S MERIDIAN ST, INDIANAPOLIS, IN, 46217","-86.158343413587,39.656423210019","657884852","L"
"90","3085 SALT LAKE RD, INDIANAPOLIS, IN, 46214","Match","Exact","3085 SALT LAKE RD, INDIANAPOLIS, IN, 46214","-86.30450319469,39.809948566327","107976472","R"
"91","7301 ROCKVILLE RD, INDIANAPOLIS, IN, 46214","Match","Exact","7301 ROCKVILLE RD, INDIANAPOLIS, IN, 46214","-86.289120107939,39.764231648692","657882064","L"
"92","2611 WATERFRONT PKWY DR E, INDIANAPOLIS, IN, 46214","Tie"
"93","7255 W 10TH ST, INDIANAPOLIS, IN, 46214","Match","Exact","7255 W 10TH ST, INDIANAPOLIS, IN, 46214","-86.285949687505,39.779049126775","640809831","L"
"94","3065 SALT LAKE RD, INDIANAPOLIS, IN, 46214","Match","Exact","3065 SALT LAKE RD, INDIANAPOLIS, IN, 46214","-86.304503035169,39.809818272711","107976472","R"
"95","3077 SALT LAKE RD, INDIANAPOLIS, IN, 46214","Match","Exact","3077 SALT LAKE RD, INDIANAPOLIS, IN, 46214","-86.304503130882,39.809896448881","107976472","R"
"96","3069 SALT LAKE RD, INDIANAPOLIS, IN, 46214","Match","Exact","3069 SALT LAKE RD, INDIANAPOLIS, IN, 46214","-86.304503067073,39.809844331434","107976472","R"
"97","3073 SALT LAKE RD, INDIANAPOLIS, IN, 46214","Match","Exact","3073 SALT LAKE RD, INDIANAPOLIS, IN, 46214","-86.304503098977,39.809870390157","107976472","R"
"98","6406 ROCKVILLE RD, INDIANAPOLIS, IN, 46214","Match","Exact","6406 ROCKVILLE RD, INDIANAPOLIS, IN, 46214","-86.273374394045,39.764700165618","108041927","R"
"99","8151 COUNTRY VILLAGE DR, INDIANAPOLIS, IN, 46214","Match","Exact","8151 COUNTRY VILLAGE DR, INDIANAPOLIS, IN, 46214","-86.304309241583,39.763227262131","640833222","R"

"907","7578 W WASHINGTON ST, INDIANAPOLIS, IN, 46231","Match","Exact","7578 W WASHINGTON ST, INDIANAPOLIS, IN, 46231","-86.293410517643,39.739609475735","108033950","R"
"908","8500 W WASHINGTON ST, INDIANAPOLIS, IN, 46231","Match","Exact","8500 W WASHINGTON ST, INDIANAPOLIS, IN, 46231","-86.311375385987,39.734050475785","107977358","R"
"909","7520 W WASHINGTON ST, INDIANAPOLIS, IN, 46231","Match","Exact","7520 W WASHINGTON ST, INDIANAPOLIS, IN, 46231","-86.292486773123,39.739895568263","108033950","R"
"910","7310 W WASHINGTON ST, INDIANAPOLIS, IN, 46231","Match","Exact","7310 W WASHINGTON ST, INDIANAPOLIS, IN, 46231","-86.289142180895,39.740931420519","108033950","R"
"911","9268 W WASHINGTON ST, INDIANAPOLIS, IN, 46231","Match","Exact","9268 W WASHINGTON ST, INDIANAPOLIS, IN, 46231","-86.325484111566,39.729796803731","108004035","R"
"912","8484 W WASHINGTON ST, INDIANAPOLIS, IN, 46231","Match","Exact","8484 W WASHINGTON ST, INDIANAPOLIS, IN, 46231","-86.311110671986,39.734132960544","107977358","R"
"913","8013 W WASHINGTON ST, INDIANAPOLIS, IN, 46231","Match","Exact","8013 W WASHINGTON ST, INDIANAPOLIS, IN, 46231","-86.302723942793,39.736601973992","107977372","L"
"914","8808 W WASHINGTON ST, INDIANAPOLIS, IN, 46231","Match","Exact","8808 W WASHINGTON ST, INDIANAPOLIS, IN, 46231","-86.316621116434,39.732416501067","107977319","R"
"915","8639 W WASHINGTON ST, INDIANAPOLIS, IN, 46231","Match","Exact","8639 W WASHINGTON ST, INDIANAPOLIS, IN, 46231","-86.3140616761,39.733105211378","107977324","L"
"916","8480 W WASHINGTON ST, INDIANAPOLIS, IN, 46231","Match","Exact","8480 W WASHINGTON ST, INDIANAPOLIS, IN, 46231","-86.311044493486,39.734153581734","107977358","R"
"917","2352 BURKE ST, INDIANAPOLIS, IN, 46231","Match","Non_Exact","2352 S BURKE ST, INDIANAPOLIS, IN, 46231","-86.316630479795,39.733095602438","107977305","R"
"918","9020 W WASHINGTON ST, INDIANAPOLIS, IN, 46231","Match","Exact","9020 W WASHINGTON ST, INDIANAPOLIS, IN, 46231","-86.319867146336,39.731428357243","657881784","R"
"919","7820 W WASHINGTON ST, INDIANAPOLIS, IN, 46231","Match","Exact","7820 W WASHINGTON ST, INDIANAPOLIS, IN, 46231","-86.297447884292,39.738359431123","657877483","R"
"920","8538 W WASHINGTON ST, INDIANAPOLIS, IN, 46231","Match","Exact","8538 W WASHINGTON ST, INDIANAPOLIS, IN, 46231","-86.312161807407,39.733808662281","107977324","R"
"800","5860 MICHIGAN RD, INDIANAPOLIS, IN, 46228","Match","Exact","5860 MICHIGAN RD, INDIANAPOLIS, IN, 46228","-86.198118787311,39.860431018665","107981989","L"
"921","8854 W WASHINGTON ST, INDIANAPOLIS, IN, 46231","Match","Exact","8854 W WASHINGTON ST, INDIANAPOLIS, IN, 46231","-86.317708736705,39.732077711081","107977306","R"
"801","1950 KESSLER BLVD DR W, INDIANAPOLIS, IN, 46228","Match","Non_Exact","1950 KESSLER BOULEVARD WEST DR, INDIANAPOLIS, IN, 46228","-86.194334481324,39.85569154237","107982517","R"
"922","2425 PORTER ST, INDIANAPOLIS, IN, 46231","No_Match"
"802","5516 ARABIAN RUN, INDIANAPOLIS, IN, 46228","Match","Exact","5516 ARABIAN RUN, INDIANAPOLIS, IN, 46228","-86.224209239342,39.85182404209","108028241","L"
"923","8120 W WASHINGTON ST, INDIANAPOLIS, IN, 46231","Match","Exact","8120 W WASHINGTON ST, INDIANAPOLIS, IN, 46231","-86.3045979128,39.736145329868","107977372","R"
"803","6001 MICHIGAN RD, INDIANAPOLIS, IN, 46228","Match","Exact","6001 MICHIGAN RD, INDIANAPOLIS, IN, 46228","-86.198678739443,39.861893560652","107981979","R"
"924","7576 W WASHINGTON ST, INDIANAPOLIS, IN, 46231","Match","Exact","7576 W WASHINGTON ST, INDIANAPOLIS, IN, 46231","-86.293378664383,39.739619340994","108033950","R"
"804","5620 MICHIGAN RD, INDIANAPOLIS, IN, 46228","Match","Exact","5620 MICHIGAN RD, INDIANAPOLIS, IN, 46228","-86.195059527904,39.854098899307","108067957","L"
"925","9043 CRAWFORDSVILLE RD, INDIANAPOLIS, IN, 46234","Match","Exact","9043 CRAWFORDSVILLE RD, INDIANAPOLIS, IN, 46234","-86.322456156697,39.815798610445","107974653","L"
"805","5865 MICHIGAN RD, INDIANAPOLIS, IN, 46228","Match","Exact","5865 MICHIGAN RD, INDIANAPOLIS, IN, 46228","-86.197956693421,39.86042515617","107981989","R"
"926","9150 ROCKVILLE RD, INDIANAPOLIS, IN, 46234","Match","Exact","9150 ROCKVILLE RD, INDIANAPOLIS, IN, 46234","-86.323624829451,39.76387242542","108070304","R"
"806","6080 MICHIGAN RD, INDIANAPOLIS, IN, 46228","Match","Exact","6080 MICHIGAN RD, INDIANAPOLIS, IN, 46228","-86.199496718688,39.863268239167","107981979","L"
"927","8353 ROCKVILLE RD, INDIANAPOLIS, IN, 46234","Match","Exact","8353 ROCKVILLE RD, INDIANAPOLIS, IN, 46234","-86.308026561808,39.764044209066","107977222","L"
"807","5675 MICHIGAN RD, INDIANAPOLIS, IN, 46228","Match","Exact","5675 MICHIGAN RD, INDIANAPOLIS, IN, 46228","-86.195921592985,39.856248350812","107982171","R"
"928","9233 CRAWFORDSVILLE RD, INDIANAPOLIS, IN, 46234","Match","Exact","9233 CRAWFORDSVILLE RD, INDIANAPOLIS, IN, 46234","-86.325900657646,39.817137138812","107974642","L"
"808","2032 W 60TH ST, INDIANAPOLIS, IN, 46228","Match","Exact","2032 W 60TH ST, INDIANAPOLIS, IN, 46228","-86.19660438763,39.861895970575","107981981","R"
"929","9129 ROCKVILLE RD, INDIANAPOLIS, IN, 46234","Match","Exact","9129 ROCKVILLE RD, INDIANAPOLIS, IN, 46234","-86.323160614923,39.763720121233","108070305","R"
"809","2103 W 58TH ST, INDIANAPOLIS, IN, 46228","Match","Exact","2103 W 58TH ST, INDIANAPOLIS, IN, 46228","-86.199323773339,39.859474655602","107981957","L"
"1000","4840 HAPPY HOUSE DR, INDIANAPOLIS, IN, 46235","Match","Exact","4840 HAPPY HOUSE DR, INDIANAPOLIS, IN, 46235","-85.991849553794,39.844131477226","108011660","R"
"930","9241 CRAWFORDSVILLE RD, INDIANAPOLIS, IN, 46234","Match","Exact","9241 CRAWFORDSVILLE RD, INDIANAPOLIS, IN, 46234","-86.3261376925,39.817223768612","107974630","L"
"810","5555 MICHIGAN RD, INDIANAPOLIS, IN, 46228","Match","Exact","5555 MICHIGAN RD, INDIANAPOLIS, IN, 46228","-86.19426609361,39.852794471087","108067957","R"
"931","8835 ROCKVILLE RD, INDIANAPOLIS, IN, 46234","Match","Exact","8835 ROCKVILLE RD, INDIANAPOLIS, IN, 46234","-86.318032003384,39.763837229535","107977122","L"
"811","5835 MICHIGAN RD, INDIANAPOLIS, IN, 46228","Match","Exact","5835 MICHIGAN RD, INDIANAPOLIS, IN, 46228","-86.19787166433,39.860249503549","107981989","R"
"932","55 N RACEWAY RD, INDIANAPOLIS, IN, 46234","Match","Exact","55 N RACEWAY RD, INDIANAPOLIS, IN, 46234","-86.326725339747,39.764685376881","89219726","R"
"812","1950 W NORTHGATE ST, INDIANAPOLIS, IN, 46228","Match","Exact","1950 W NORTHGATE ST, INDIANAPOLIS, IN, 46228","-86.196687705624,39.860196751819","107981991","R"
"933","8311 CRAWFORDSVILLE RD, INDIANAPOLIS, IN, 46234","Match","Exact","8311 CRAWFORDSVILLE RD, INDIANAPOLIS, IN, 46234","-86.308100030667,39.810598340149","657837019","L"
"813","5210 MICHIGAN RD, INDIANAPOLIS, IN, 46228","Match","Exact","5210 MICHIGAN RD, INDIANAPOLIS, IN, 46228","-86.19151616995,39.846823661005","107982534","L"
"934","9126 CRAWFORDSVILLE RD, INDIANAPOLIS, IN, 46234","Match","Exact","9126 CRAWFORDSVILLE RD, INDIANAPOLIS, IN, 46234","-86.324124480674,39.816572682932","107974651","R"
"814","2110 W 38TH ST, INDIANAPOLIS, IN, 46228","Match","Exact","2110 W 38TH ST, INDIANAPOLIS, IN, 46228","-86.197987819307,39.824612261433","107985671","R"
"935","9205 W 10TH ST, INDIANAPOLIS, IN, 46234","Match","Exact","9205 W 10TH ST, INDIANAPOLIS, IN, 46234","-86.324669723346,39.778619220491","108049702","L"
"815","6180 MICHIGAN RD, INDIANAPOLIS, IN, 46228","Match","Exact","6180 MICHIGAN RD, INDIANAPOLIS, IN, 46228","-86.201689351164,39.867785857511","652686922","L"
"936","905 N RACEWAY RD, INDIANAPOLIS, IN, 46234","Match","Exact","905 N RACEWAY RD, INDIANAPOLIS, IN, 46234","-86.326829767913,39.776521869016","646265397","R"
"816","1800 W 57TH ST, INDIANAPOLIS, IN, 46228","Match","Exact","1800 W 57TH ST, INDIANAPOLIS, IN, 46228","-86.193087048684,39.857476205416","107982169","R"
"937","9073 CRAWFORDSVILLE RD, INDIANAPOLIS, IN, 46234","Match","Exact","9073 CRAWFORDSVILLE RD, INDIANAPOLIS, IN, 46234","-86.323028597281,39.816020199072","107974653","L"
"817","5659 MICHIGAN RD, INDIANAPOLIS, IN, 46228","Match","Exact","5659 MICHIGAN RD, INDIANAPOLIS, IN, 46228","-86.195716414137,39.855817151063","107982171","R"
"938","9122 CRAWFORDSVILLE RD, INDIANAPOLIS, IN, 46234","Match","Exact","9122 CRAWFORDSVILLE RD, INDIANAPOLIS, IN, 46234","-86.323946054811,39.816503662974","107974653","R"
"818","5697 MICHIGAN RD, INDIANAPOLIS, IN, 46228","Match","Exact","5697 MICHIGAN RD, INDIANAPOLIS, IN, 46228","-86.196396823038,39.857245064682","107982165","R"
"939","8354 LITTLE EAGLE CT, INDIANAPOLIS, IN, 46234","Match","Exact","8354 LITTLE EAGLE CT, INDIANAPOLIS, IN, 46234","-86.308329938897,39.780336180745","108043640","R"
"819","5602 MICHIGAN RD, INDIANAPOLIS, IN, 46228","Match","Exact","5602 MICHIGAN RD, INDIANAPOLIS, IN, 46228","-86.194917118904,39.853798519052","108067957","L"
"940","1920 JOSHUA ST, INDIANAPOLIS, IN, 46234","Match","Exact","1920 JOSHUA ST, INDIANAPOLIS, IN, 46234","-86.314020390696,39.791050596391","657872035","L"
"820","5959 MICHIGAN RD, INDIANAPOLIS, IN, 46228","Match","Exact","5959 MICHIGAN RD, INDIANAPOLIS, IN, 46228","-86.198489516712,39.86150364603","107981980","R"
"941","1931 LAKE OF THE PINES DR, INDIANAPOLIS, IN, 46234","Match","Exact","1931 LAKE OF THE PINES DR, INDIANAPOLIS, IN, 46234","-86.314777869333,39.791238304182","657872338","R"
"700","4508 N FRANKLIN RD, INDIANAPOLIS, IN, 46226","Match","Exact","4508 N FRANKLIN RD, INDIANAPOLIS, IN, 46226","-86.02721326668,39.839420536913","107998156","L"
"821","5957 MICHIGAN RD, INDIANAPOLIS, IN, 46228","Match","Exact","5957 MICHIGAN RD, INDIANAPOLIS, IN, 46228","-86.198482643208,39.861489510245","107981980","R"
"942","9218 WIND RIVER CT, INDIANAPOLIS, IN, 46234","Match","Exact","9218 WIND RIVER CT, INDIANAPOLIS, IN, 46234","-86.325678246562,39.782782428005","107974688","R"
"701","4504 N FRANKLIN RD, INDIANAPOLIS, IN, 46226","Match","Exact","4504 N FRANKLIN RD, INDIANAPOLIS, IN, 46226","-86.027212426438,39.839361696163","107998156","L"
"822","5955 MICHIGAN RD, INDIANAPOLIS, IN, 46228","Match","Exact","5955 MICHIGAN RD, INDIANAPOLIS, IN, 46228","-86.198475769704,39.861475374459","107981980","R"
"943","9033 MOUNT SHASTA S, INDIANAPOLIS, IN, 46234","Match","Non_Exact","9033 MT SHASTA S DR, INDIANAPOLIS, IN, 46234","-86.321843905674,39.78277300872","107976512","L"
"702","6000 BRAEWICK RD, INDIANAPOLIS, IN, 46226","Match","Exact","6000 BRAEWICK RD, INDIANAPOLIS, IN, 46226","-86.063892447514,39.862736630039","107997142","L"
"823","5876 MICHIGAN RD, INDIANAPOLIS, IN, 46228","Match","Exact","5876 MICHIGAN RD, INDIANAPOLIS, IN, 46228","-86.198192994517,39.860584315498","107981989","L"
"944","3639 N RACEWAY RD, INDIANAPOLIS, IN, 46234","Match","Exact","3639 N RACEWAY RD, INDIANAPOLIS, IN, 46234","-86.327153632424,39.819768210101","89210339","R"
"703","3838 E 46TH ST, INDIANAPOLIS, IN, 46226","Match","Non_Exact","3838 E 46TH ST, INDIANAPOLIS, IN, 46205","-86.101539263033,39.84034738228","107995689","L"
"824","5878 MICHIGAN RD, INDIANAPOLIS, IN, 46228","Match","Exact","5878 MICHIGAN RD, INDIANAPOLIS, IN, 46228","-86.198430045634,39.86105363774","107981980","L"
"945","8501 ROCKVILLE RD, INDIANAPOLIS, IN, 46234","Match","Exact","8501 ROCKVILLE RD, INDIANAPOLIS, IN, 46234","-86.311403988244,39.763976085819","107977148","L"
"704","4505 E MC COY ST, INDIANAPOLIS, IN, 46226","Match","Non_Exact","4505 MCCOY ST, INDIANAPOLIS, IN, 46226","-86.02497338961,39.839763081109","107998142","R"
"825","5870 MICHIGAN RD, INDIANAPOLIS, IN, 46228","Match","Exact","5870 MICHIGAN RD, INDIANAPOLIS, IN, 46228","-86.198165166815,39.860526829186","107981989","L"
"946","9211 CRAWFORDSVILLE RD, INDIANAPOLIS, IN, 46234","Match","Exact","9211 CRAWFORDSVILLE RD, INDIANAPOLIS, IN, 46234","-86.32532965542,39.816917967435","107974642","L"
"705","4315 SELLERS ST, INDIANAPOLIS, IN, 46226","Match","Exact","4315 SELLERS ST, INDIANAPOLIS, IN, 46226","-86.033718167988,39.834504248795","640820287","R"
"826","5880 MICHIGAN RD, INDIANAPOLIS, IN, 46228","Match","Exact","5880 MICHIGAN RD, INDIANAPOLIS, IN, 46228","-86.198435658996,39.861065181965","107981980","L"
"947","8947 CRAWFORDSVILLE RD, INDIANAPOLIS, IN, 46234","Match","Exact","8947 CRAWFORDSVILLE RD, INDIANAPOLIS, IN, 46234","-86.320489584307,39.815069250838","107976386","L"
"706","8202 E 47TH ST, INDIANAPOLIS, IN, 46226","Match","Exact","8202 E 47TH ST, INDIANAPOLIS, IN, 46226","-86.023405970535,39.841812697978","107998185","L"
"827","5603 MICHIGAN RD, INDIANAPOLIS, IN, 46228","Match","Exact","5603 MICHIGAN RD, INDIANAPOLIS, IN, 46228","-86.194935516616,39.854172380473","108067957","R"
"948","9230 CRAWFORDSVILLE RD, INDIANAPOLIS, IN, 46234","Match","Exact","9230 CRAWFORDSVILLE RD, INDIANAPOLIS, IN, 46234","-86.326060483238,39.81732254928","107974630","R"
"707","8013 E 46TH ST, INDIANAPOLIS, IN, 46226","Match","Exact","8013 E 46TH ST, INDIANAPOLIS, IN, 46226","-86.026841095112,39.840509799064","107998141","R"
"828","5701 MICHIGAN RD, INDIANAPOLIS, IN, 46228","Match","Exact","5701 MICHIGAN RD, INDIANAPOLIS, IN, 46228","-86.196491446738,39.85744180671","107981992","R"
"949","9100 W 10TH ST, INDIANAPOLIS, IN, 46234","Match","Exact","9100 W 10TH ST, INDIANAPOLIS, IN, 46234","-86.321657202056,39.778785999534","108018284","R"
"708","4502 N FRANKLIN RD, INDIANAPOLIS, IN, 46226","Match","Exact","4502 N FRANKLIN RD, INDIANAPOLIS, IN, 46226","-86.027212006317,39.839332275788","107998156","L"
"829","7173 W UNITED STATES HIGHWAY 40, INDIANAPOLIS, IN, 46229","Match","Exact","7173 W US HWY 40, INDIANAPOLIS, IN, 46229","-85.93664709432,39.777434509998","658161987","R"
"709","4513 N FRANKLIN RD, INDIANAPOLIS, IN, 46226","Match","Exact","4513 N FRANKLIN RD, INDIANAPOLIS, IN, 46226","-86.027070759224,39.839916993511","108039253","L"
"950","1243 RUSHMORE BLVD W, INDIANAPOLIS, IN, 46234","Match","Exact","1243 RUSHMORE BLVD W, INDIANAPOLIS, IN, 46234","-86.324339568507,39.782424383389","107974695","L"
"830","137 S TRADE CENTER WAY, INDIANAPOLIS, IN, 46229","Match","Exact","137 S TRADE CENTER WAY, INDIANAPOLIS, IN, 46229","-85.940144442838,39.776120832336","650184975","R"
"951","3417 N RACEWAY RD, INDIANAPOLIS, IN, 46234","Match","Exact","3417 N RACEWAY RD, INDIANAPOLIS, IN, 46234","-86.327081250423,39.816191574412","636509858","R"
"710","8014 45TH ST, INDIANAPOLIS, IN, 46226","Match","Non_Exact","8014 E 45TH ST, INDIANAPOLIS, IN, 46226","-86.026790250117,39.839715304592","108039250","L"
"831","7109 W UNITED STATES HIGHWAY 40, INDIANAPOLIS, IN, 46229","Match","Exact","7109 W US HWY 40, INDIANAPOLIS, IN, 46229","-85.935455982976,39.777492438586","658161987","R"
"952","8438 CRAWFORDSVILLE RD, INDIANAPOLIS, IN, 46234","Match","Exact","8438 CRAWFORDSVILLE RD, INDIANAPOLIS, IN, 46234","-86.310446923742,39.811568774002","107976444","R"
"711","5215 N SHADELAND AVE, INDIANAPOLIS, IN, 46226","Match","Exact","5215 N SHADELAND AVE, INDIANAPOLIS, IN, 46226","-86.046092983128,39.84738293081","108052518","R"
"832","47 S TRADE CENTER WAY, INDIANAPOLIS, IN, 46229","Match","Exact","47 S TRADE CENTER WAY, INDIANAPOLIS, IN, 46229","-85.940165299663,39.776879648799","650184975","R"
"953","1926 JOSHUA ST, INDIANAPOLIS, IN, 46234","Match","Exact","1926 JOSHUA ST, INDIANAPOLIS, IN, 46234","-86.31402161928,39.791109575973","657872035","L"
"712","4437 N FRANKLIN RD, INDIANAPOLIS, IN, 46226","Match","Exact","4437 N FRANKLIN RD, INDIANAPOLIS, IN, 46226","-86.027050175846,39.838450920948","107998156","R"
"833","28 YORKSHIRE BLVD S, INDIANAPOLIS, IN, 46229","Match","Non_Exact","28 YORKSHIRE BLVD, INDIANAPOLIS, IN, 46229","-85.94025824214,39.777730181019","31085147","L"
"954","9032 CRAWFORDSVILLE RD, INDIANAPOLIS, IN, 46234","Match","Exact","9032 CRAWFORDSVILLE RD, INDIANAPOLIS, IN, 46234","-86.321910805395,39.815722749332","107976386","R"
"713","3525 N SHADELAND AVE, INDIANAPOLIS, IN, 46226","Match","Exact","3525 N SHADELAND AVE, INDIANAPOLIS, IN, 46226","-86.045754644706,39.820814924229","108002131","R"
"834","7179 W UNITED STATES HIGHWAY 40, INDIANAPOLIS, IN, 46229","Match","Exact","7179 W US HWY 40, INDIANAPOLIS, IN, 46229","-85.93675876045,39.777428898477","658161987","R"
"955","9175 W 10TH ST, INDIANAPOLIS, IN, 46234","Match","Exact","9175 W 10TH ST, INDIANAPOLIS, IN, 46234","-86.324587970364,39.778620529917","108049702","L"
"714","6670 E 38TH ST, INDIANAPOLIS, IN, 46226","Match","Non_Exact","6670 38TH ST, INDIANAPOLIS, IN, 46226","-86.05324833976,39.825767750788","108002088","L"
"835","7177 W UNITED STATES HIGHWAY 40, INDIANAPOLIS, IN, 46229","Match","Exact","7177 W US HWY 40, INDIANAPOLIS, IN, 46229","-85.936721538407,39.777430768985","658161987","R"
"956","9129 CRAWFORDSVILLE RD, INDIANAPOLIS, IN, 46234","Match","Exact","9129 CRAWFORDSVILLE RD, INDIANAPOLIS, IN, 46234","-86.324192853077,39.816470834045","107974651","L"
"715","6001 MASSACHUSETTS AVE, INDIANAPOLIS, IN, 46226","Match","Exact","6001 MASSACHUSETTS AVE, INDIANAPOLIS, IN, 46226","-86.06459826802,39.818312710323","108002017","R"
"836","7181 W UNITED STATES HIGHWAY 40, INDIANAPOLIS, IN, 46229","Match","Exact","7181 W US HWY 40, INDIANAPOLIS, IN, 46229","-85.936795982494,39.777427027971","658161987","R"
"957","8850 CRAWFORDSVILLE RD, INDIANAPOLIS, IN, 46234","Match","Exact","8850 CRAWFORDSVILLE RD, INDIANAPOLIS, IN, 46234","-86.31902329996,39.814660359866","107976388","R"
"716","4590 N SHADELAND AVE, INDIANAPOLIS, IN, 46226","Match","Exact","4590 N SHADELAND AVE, INDIANAPOLIS, IN, 46226","-86.046134749899,39.840144301726","107997681","L"
"837","12114 E WASHINGTON ST, INDIANAPOLIS, IN, 46229","Match","Exact","12114 E WASHINGTON ST, INDIANAPOLIS, IN, 46229","-85.953554736361,39.776687118912","654981952","L"
"958","9054 CRAWFORDSVILLE RD, INDIANAPOLIS, IN, 46234","Match","Exact","9054 CRAWFORDSVILLE RD, INDIANAPOLIS, IN, 46234","-86.322389016421,39.815900941909","107974653","R"
"717","6833 MASSACHUSETTS AVE, INDIANAPOLIS, IN, 46226","Match","Exact","6833 MASSACHUSETTS AVE, INDIANAPOLIS, IN, 46226","-86.051307700156,39.824654491561","108002095","R"
"838","12140 E WASHINGTON ST, INDIANAPOLIS, IN, 46229","Match","Exact","12140 E WASHINGTON ST, INDIANAPOLIS, IN, 46229","-85.953460721249,39.776691827627","654981952","L"
"959","8301 W 10TH ST, INDIANAPOLIS, IN, 46234","Match","Exact","8301 W 10TH ST, INDIANAPOLIS, IN, 46234","-86.308041044166,39.778883537218","107977075","L"
"718","6012 E 46TH ST, INDIANAPOLIS, IN, 46226","Match","Exact","6012 E 46TH ST, INDIANAPOLIS, IN, 46226","-86.064391146026,39.840428305224","639124661","L"
"839","7391 W UNITED STATES HIGHWAY 40, INDIANAPOLIS, IN, 46229","Match","Exact","7391 W US HWY 40, INDIANAPOLIS, IN, 46229","-85.940716487781,39.777236611267","31084165","R"
"719","7135 E 46TH ST, INDIANAPOLIS, IN, 46226","Match","Exact","7135 E 46TH ST, INDIANAPOLIS, IN, 46226","-86.043768219025,39.840334258045","107997688","R"
"960","9111 CRAWFORDSVILLE RD, INDIANAPOLIS, IN, 46234","Match","Exact","9111 CRAWFORDSVILLE RD, INDIANAPOLIS, IN, 46234","-86.323753688688,39.816300877999","107974653","L"
"840","102 GRANBY DR, INDIANAPOLIS, IN, 46229","Match","Exact","102 GRANBY DR, INDIANAPOLIS, IN, 46229","-85.951104258802,39.776831691704","650005421","R"
"961","9041 MOUNT SHASTA S, INDIANAPOLIS, IN, 46234","Match","Non_Exact","9041 MT SHASTA S DR, INDIANAPOLIS, IN, 46234","-86.321923705082,39.78272361901","107976512","L"
"720","7254 PICTON DR, INDIANAPOLIS, IN, 46226","Match","Exact","7254 PICTON DR, INDIANAPOLIS, IN, 46226","-86.042608464631,39.831434381852","108002122","L"
"841","12110 E WASHINGTON ST, INDIANAPOLIS, IN, 46229","Match","Exact","12110 E WASHINGTON ST, INDIANAPOLIS, IN, 46229","-85.953569200225,39.776686394494","654981952","L"
"962","9104 RUSHMORE BLVD S, INDIANAPOLIS, IN, 46234","Match","Exact","9104 RUSHMORE BLVD S, INDIANAPOLIS, IN, 46234","-86.32293300201,39.781610931858","107976998","R"
"600","5320 W VERMONT ST, INDIANAPOLIS, IN, 46224","Match","Exact","5320 W VERMONT ST, INDIANAPOLIS, IN, 46224","-86.250995562927,39.77256382105","107979550","R"
"721","8606 PENDLETON PIKE, INDIANAPOLIS, IN, 46226","Match","Exact","8606 PENDLETON PIKE, INDIANAPOLIS, IN, 46226","-86.016764006212,39.841393577049","108011427","L"
"842","7175 W UNITED STATES HIGHWAY 40, INDIANAPOLIS, IN, 46229","Match","Exact","7175 W US HWY 40, INDIANAPOLIS, IN, 46229","-85.936684316363,39.777432639491","658161987","R"
"963","9020 CRAWFORDSVILLE RD, INDIANAPOLIS, IN, 46234","Match","Exact","9020 CRAWFORDSVILLE RD, INDIANAPOLIS, IN, 46234","-86.321703455545,39.815645966659","107976386","R"
"601","1300 N MICKLEY AVE, INDIANAPOLIS, IN, 46224","Match","Exact","1300 N MICKLEY AVE, INDIANAPOLIS, IN, 46224","-86.260214862717,39.783901344743","657877744","L"
"722","8345 PENDLETON PIKE, INDIANAPOLIS, IN, 46226","Match","Exact","8345 PENDLETON PIKE, INDIANAPOLIS, IN, 46226","-86.020330009231,39.839538609133","107998195","R"
"843","7053 W UNITED STATES HIGHWAY 40, INDIANAPOLIS, IN, 46229","Match","Exact","7053 W US HWY 40, INDIANAPOLIS, IN, 46229","-85.934413622626,39.77754312442","658161987","R"
"964","8763 SUZANNE CT, INDIANAPOLIS, IN, 46234","Match","Exact","8763 SUZANNE CT, INDIANAPOLIS, IN, 46234","-86.317194903041,39.792099905698","108026308","L"
"602","5345 W VERMONT ST, INDIANAPOLIS, IN, 46224","Match","Exact","5345 W VERMONT ST, INDIANAPOLIS, IN, 46224","-86.251544040581,39.772434394028","107979550","L"
"723","8401 PENDLETON PIKE, INDIANAPOLIS, IN, 46226","Match","Exact","8401 PENDLETON PIKE, INDIANAPOLIS, IN, 46226","-86.019497926852,39.839936596584","107998195","R"
"844","44 YORKSHIRE BLVD S, INDIANAPOLIS, IN, 46229","Match","Non_Exact","44 YORKSHIRE BLVD, INDIANAPOLIS, IN, 46229","-85.940243916176,39.777952129076","31085147","L"
"965","10155 PENDLETON PIKE, INDIANAPOLIS, IN, 46235","Match","Non_Exact","10155 PENDLETON PIKE, INDIANAPOLIS, IN, 46236","-85.987492155643,39.85534003275","640948165","R"
"603","5235 W 16TH ST, INDIANAPOLIS, IN, 46224","Match","Exact","5235 W 16TH ST, INDIANAPOLIS, IN, 46224","-86.249245297764,39.78723624779","107978638","L"
"724","4537 N FRANKLIN RD, INDIANAPOLIS, IN, 46226","Match","Exact","4537 N FRANKLIN RD, INDIANAPOLIS, IN, 46226","-86.027077410135,39.840406100671","108039252","L"
"845","104 GRANBY DR, INDIANAPOLIS, IN, 46229","Match","Exact","104 GRANBY DR, INDIANAPOLIS, IN, 46229","-85.951106596918,39.776856712367","650005421","R"
"966","11025 E 38TH ST, INDIANAPOLIS, IN, 46235","Match","Non_Exact","11025 38TH ST, INDIANAPOLIS, IN, 46235","-85.971378090842,39.826475007638","108031301","R"
"604","2545 FOUNDERS SQUARE DR, INDIANAPOLIS, IN, 46224","No_Match"
"725","5050 E 38TH ST, INDIANAPOLIS, IN, 46226","Match","Non_Exact","5050 38TH ST, INDIANAPOLIS, IN, 46218","-86.084931505597,39.82556617531","107999343","L"
"846","7243 W UNITED STATES HIGHWAY 40, INDIANAPOLIS, IN, 46229","Match","Exact","7243 W US HWY 40, INDIANAPOLIS, IN, 46229","-85.937949865842,39.777369042255","658161987","R"
"967","5620 SUNNYSIDE RD, INDIANAPOLIS, IN, 46235","Match","Exact","5620 SUNNYSIDE RD, INDIANAPOLIS, IN, 46235","-85.972735537102,39.857895982737","640856565","R"
"605","4902 W 34TH ST, INDIANAPOLIS, IN, 46224","Match","Exact","4902 W 34TH ST, INDIANAPOLIS, IN, 46224","-86.241937527844,39.816701593405","107978727","R"
"726","6849 E 32ND ST, INDIANAPOLIS, IN, 46226","Match","Exact","6849 E 32ND ST, INDIANAPOLIS, IN, 46226","-86.049042930855,39.815789598801","108002139","R"
"847","12130 E WASHINGTON ST, INDIANAPOLIS, IN, 46229","Match","Exact","12130 E WASHINGTON ST, INDIANAPOLIS, IN, 46229","-85.953496880907,39.776690016582","654981952","L"
"968","3415 N GERMAN CHURCH RD, INDIANAPOLIS, IN, 46235","Match","Exact","3415 N GERMAN CHURCH RD, INDIANAPOLIS, IN, 46235","-85.971812411383,39.818846317129","647263006","R"
"606","4900 CRAWFORDSVILLE RD, INDIANAPOLIS, IN, 46224","Match","Exact","4900 CRAWFORDSVILLE RD, INDIANAPOLIS, IN, 46224","-86.24184409109,39.788503620325","107979072","R"
"727","8989 PENDLETON PIKE, INDIANAPOLIS, IN, 46226","Match","Exact","8989 PENDLETON PIKE, INDIANAPOLIS, IN, 46226","-86.010508522184,39.844265753312","108016567","R"
"848","78 S COUNTY ROAD 700 W, INDIANAPOLIS, IN, 46229","Match","Non_Exact","78 S 700 W, INDIANAPOLIS, IN, 46229","-85.933477870569,39.778769162179","647611527","R"
"969","9930 E 38TH ST, INDIANAPOLIS, IN, 46235","Match","Non_Exact","9930 38TH ST, INDIANAPOLIS, IN, 46235","-85.99231654631,39.82632353823","108035934","L"
"607","5836 CRAWFORDSVILLE RD, INDIANAPOLIS, IN, 46224","Match","Exact","5836 CRAWFORDSVILLE RD, INDIANAPOLIS, IN, 46224","-86.262385331959,39.797091390486","657852056","R"
"728","8101 E 47TH ST, INDIANAPOLIS, IN, 46226","Match","Exact","8101 E 47TH ST, INDIANAPOLIS, IN, 46226","-86.024988938695,39.841684847466","107998145","R"
"849","2192 N MITTHOEFER RD, INDIANAPOLIS, IN, 46229","Match","Exact","2192 N MITTHOEFER RD, INDIANAPOLIS, IN, 46229","-85.990667808491,39.799405161705","108012731","L"
"608","4923 ROCKVILLE RD, INDIANAPOLIS, IN, 46224","Match","Exact","4923 ROCKVILLE RD, INDIANAPOLIS, IN, 46224","-86.245157214603,39.764821718679","657872538","L"
"729","2000 E COUNTY LINE RD, INDIANAPOLIS, IN, 46227","Match","Exact","2000 E COUNTY LINE RD, INDIANAPOLIS, IN, 46227","-86.126604918601,39.635539739191","636814547","L"
"609","5353 W VERMONT ST, INDIANAPOLIS, IN, 46224","Match","Exact","5353 W VERMONT ST, INDIANAPOLIS, IN, 46224","-86.251728606119,39.772429425368","107979550","L"
"970","11411 E 56TH ST, INDIANAPOLIS, IN, 46235","Match","Exact","11411 E 56TH ST, INDIANAPOLIS, IN, 46235","-85.966438885302,39.855883449024","636065678","R"
"850","10401 E WASHINGTON ST, INDIANAPOLIS, IN, 46229","Match","Exact","10401 E WASHINGTON ST, INDIANAPOLIS, IN, 46229","-85.983731852112,39.775143458249","108020143","R"
"971","4830 DUSTIN DR, INDIANAPOLIS, IN, 46235","Match","Exact","4830 DUSTIN DR, INDIANAPOLIS, IN, 46235","-85.995606144548,39.84408404999","108011647","R"
"730","8616 UNITED STATES HIGHWAY 31, INDIANAPOLIS, IN, 46227","Match","Exact","8616 US HWY 31, INDIANAPOLIS, IN, 46227","-86.130877481296,39.640960827248","640863431","R"
"851","9529 E WASHINGTON ST, INDIANAPOLIS, IN, 46229","Match","Exact","9529 E WASHINGTON ST, INDIANAPOLIS, IN, 46229","-85.998012854359,39.774446109368","108013306","R"
"972","3855 N POST RD, INDIANAPOLIS, IN, 46235","Match","Non_Exact","3855 N POST RD, INDIANAPOLIS, IN, 46226","-86.009877618448,39.827390236636","108053587","R"
"610","150 N LYNHURST DR, INDIANAPOLIS, IN, 46224","Match","Exact","150 N LYNHURST DR, INDIANAPOLIS, IN, 46224","-86.250483444412,39.768214129495","108055421","L"
"731","8784 MADISON AVE, INDIANAPOLIS, IN, 46227","Match","Exact","8784 MADISON AVE, INDIANAPOLIS, IN, 46227","-86.118336725148,39.639049051118","108008625","R"
"852","11926 E WASHINGTON ST, INDIANAPOLIS, IN, 46229","Match","Exact","11926 E WASHINGTON ST, INDIANAPOLIS, IN, 46229","-85.955751417261,39.776589804172","108013550","L"
"973","4954 BASSETT DR, INDIANAPOLIS, IN, 46235","Match","Exact","4954 BASSETT DR, INDIANAPOLIS, IN, 46235","-85.992418277036,39.84541900103","108011609","L"
"611","5242 ROCKVILLE RD, INDIANAPOLIS, IN, 46224","Match","Exact","5242 ROCKVILLE RD, INDIANAPOLIS, IN, 46224","-86.24937846921,39.765188761847","107979610","R"
"732","1340 E COUNTY LINE RD, INDIANAPOLIS, IN, 46227","Match","Exact","1340 E COUNTY LINE RD, INDIANAPOLIS, IN, 46227","-86.135204904345,39.635511416743","640022410","L"
"853","9001 E WASHINGTON ST, INDIANAPOLIS, IN, 46229","Match","Exact","9001 E WASHINGTON ST, INDIANAPOLIS, IN, 46229","-86.00911593842,39.773885313062","108013187","R"
"974","5015 DUSTIN DR, INDIANAPOLIS, IN, 46235","Match","Exact","5015 DUSTIN DR, INDIANAPOLIS, IN, 46235","-85.995476732506,39.84608779859","108011579","R"
"612","3710 MOLLER RD, INDIANAPOLIS, IN, 46224","Match","Exact","3710 MOLLER RD, INDIANAPOLIS, IN, 46224","-86.256212557024,39.822275139487","650776481","L"
"733","1502 E COUNTY LINE RD, INDIANAPOLIS, IN, 46227","Match","Exact","1502 E COUNTY LINE RD, INDIANAPOLIS, IN, 46227","-86.134426494346,39.635518369839","108008494","L"
"854","9515 E WASHINGTON ST, INDIANAPOLIS, IN, 46229","Match","Exact","9515 E WASHINGTON ST, INDIANAPOLIS, IN, 46229","-85.998238642704,39.774435201728","108013306","R"
"975","5022 TRUMP DR, INDIANAPOLIS, IN, 46235","Match","Exact","5022 TRUMP DR, INDIANAPOLIS, IN, 46235","-85.993213536862,39.845494110115","108011607","L"
"613","5821 W 25TH ST, INDIANAPOLIS, IN, 46224","Match","Exact","5821 W 25TH ST, INDIANAPOLIS, IN, 46224","-86.262239640167,39.801657258324","107978346","L"
"734","7315 UNITED STATES HIGHWAY 31, INDIANAPOLIS, IN, 46227","Match","Exact","7315 US HWY 31, INDIANAPOLIS, IN, 46227","-86.142359345378,39.657708011519","640805555","R"
"855","117 S GERMAN CHURCH RD, INDIANAPOLIS, IN, 46229","Match","Exact","117 S GERMAN CHURCH RD, INDIANAPOLIS, IN, 46229","-85.97113737037,39.772911741977","638712843","L"
"976","3863 N POST RD, INDIANAPOLIS, IN, 46235","Match","Non_Exact","3863 N POST RD, INDIANAPOLIS, IN, 46226","-86.009882803468,39.827628314076","108053587","R"
"614","5822 CRAWFORDSVILLE RD, INDIANAPOLIS, IN, 46224","Match","Exact","5822 CRAWFORDSVILLE RD, INDIANAPOLIS, IN, 46224","-86.262059089853,39.796881169049","657852056","R"
"735","2424 E COUNTY LINE RD, INDIANAPOLIS, IN, 46227","Match","Exact","2424 E COUNTY LINE RD, INDIANAPOLIS, IN, 46227","-86.120088605889,39.635612530573","657003852","L"
"856","10701 E 30TH ST, INDIANAPOLIS, IN, 46229","Match","Exact","10701 E 30TH ST, INDIANAPOLIS, IN, 46229","-85.977638313153,39.811720549835","645227156","R"
"977","5011 MINDY DR, INDIANAPOLIS, IN, 46235","Match","Exact","5011 MINDY DR, INDIANAPOLIS, IN, 46235","-85.993866604714,39.845996193847","108011590","R"
"615","3402 GEORGETOWN RD, INDIANAPOLIS, IN, 46224","Match","Exact","3402 GEORGETOWN RD, INDIANAPOLIS, IN, 46224","-86.240040384196,39.816753680023","107978781","L"
"736","8800 UNITED STATES HIGHWAY 31, INDIANAPOLIS, IN, 46227","Match","Exact","8800 US HWY 31, INDIANAPOLIS, IN, 46227","-86.129061631712,39.638409012626","640863432","R"
"857","1100 N GERMAN CHURCH RD, INDIANAPOLIS, IN, 46229","Match","Exact","1100 N GERMAN CHURCH RD, INDIANAPOLIS, IN, 46229","-85.971395920328,39.783327076931","108038870","L"
"978","4816 TRAVIS DR, INDIANAPOLIS, IN, 46235","Match","Exact","4816 TRAVIS DR, INDIANAPOLIS, IN, 46235","-85.994798161829,39.84389097525","108011649","R"
"616","5901 W 25TH ST, INDIANAPOLIS, IN, 46224","Match","Exact","5901 W 25TH ST, INDIANAPOLIS, IN, 46224","-86.263349873251,39.801640008359","107978346","L"
"737","8900 ST PETER ST, INDIANAPOLIS, IN, 46227","Match","Exact","8900 ST PETER ST, INDIANAPOLIS, IN, 46227","-86.122425145734,39.636758944294","108055959","R"
"858","11245 E WASHINGTON ST, INDIANAPOLIS, IN, 46229","Match","Exact","11245 E WASHINGTON ST, INDIANAPOLIS, IN, 46229","-85.967001821762,39.775938189009","108013348","R"
"979","4836 MINDY DR, INDIANAPOLIS, IN, 46235","Match","Exact","4836 MINDY DR, INDIANAPOLIS, IN, 46235","-85.993994387644,39.844101036506","108011650","R"
"617","6240 W 34TH ST, INDIANAPOLIS, IN, 46224","Match","Exact","6240 W 34TH ST, INDIANAPOLIS, IN, 46224","-86.269340693508,39.816300757866","107977996","R"
"738","8740 UNITED STATES HIGHWAY 31, INDIANAPOLIS, IN, 46227","Match","Exact","8740 US HWY 31, INDIANAPOLIS, IN, 46227","-86.129407136146,39.638894548919","640863432","R"
"859","11424 E WASHINGTON ST, INDIANAPOLIS, IN, 46229","Match","Exact","11424 E WASHINGTON ST, INDIANAPOLIS, IN, 46229","-85.962973043768,39.776247795489","108024132","L"
"618","4911 ROCKVILLE RD, INDIANAPOLIS, IN, 46224","Match","Exact","4911 ROCKVILLE RD, INDIANAPOLIS, IN, 46224","-86.244685085593,39.764797515614","657872538","L"
"739","1380 E COUNTY LINE RD, INDIANAPOLIS, IN, 46227","Match","Exact","1380 E COUNTY LINE RD, INDIANAPOLIS, IN, 46227","-86.134961560705,39.635513045776","640022410","L"
"619","5259 W 10TH ST, INDIANAPOLIS, IN, 46224","Match","Exact","5259 W 10TH ST, INDIANAPOLIS, IN, 46224","-86.249791507657,39.779923358698","107979533","L"
"980","4963 MINDY DR, INDIANAPOLIS, IN, 46235","Match","Exact","4963 MINDY DR, INDIANAPOLIS, IN, 46235","-85.993860955791,39.84549474126","108011590","R"
"860","145 WASHINGTON POINTE DR, INDIANAPOLIS, IN, 46229","Match","Exact","145 WASHINGTON POINTE DR, INDIANAPOLIS, IN, 46229","-85.980293158008,39.778571867184","636078361","L"
"981","5113 TRUMP DR, INDIANAPOLIS, IN, 46235","Match","Exact","5113 TRUMP DR, INDIANAPOLIS, IN, 46235","-85.993066819599,39.845723782947","108011607","R"
"740","7422 SHELBY ST, INDIANAPOLIS, IN, 46227","Match","Exact","7422 SHELBY ST, INDIANAPOLIS, IN, 46227","-86.139534178889,39.658525147783","108008157","R"
"861","11620 E WASHINGTON ST, INDIANAPOLIS, IN, 46229","Match","Exact","11620 E WASHINGTON ST, INDIANAPOLIS, IN, 46229","-85.958937403758,39.776430575884","108068188","L"
"982","4944 TRUMP DR, INDIANAPOLIS, IN, 46235","Match","Exact","4944 TRUMP DR, INDIANAPOLIS, IN, 46235","-85.993211345894,39.845295903159","108011607","L"
"620","2230 N HIGH SCHOOL RD, INDIANAPOLIS, IN, 46224","Match","Non_Exact","2230 HIGH SCHOOL RD, INDIANAPOLIS, IN, 46224","-86.272494424131,39.795866309834","624382128","L"
"741","7500 SHELBY ST, INDIANAPOLIS, IN, 46227","Match","Exact","7500 SHELBY ST, INDIANAPOLIS, IN, 46227","-86.139528855496,39.657550247753","639121469","R"
"862","9150 E 21ST ST, INDIANAPOLIS, IN, 46229","Match","Exact","9150 E 21ST ST, INDIANAPOLIS, IN, 46229","-86.006500950031,39.79677748312","108012549","L"
"983","4946 DUSTIN DR, INDIANAPOLIS, IN, 46235","Match","Exact","4946 DUSTIN DR, INDIANAPOLIS, IN, 46235","-85.99561930971,39.845395472289","108011579","L"
"621","5735 CRAWFORDSVILLE RD, INDIANAPOLIS, IN, 46224","Match","Exact","5735 CRAWFORDSVILLE RD, INDIANAPOLIS, IN, 46224","-86.260094643566,39.795501765898","657852056","L"
"742","7719 UNITED STATES HIGHWAY 31, INDIANAPOLIS, IN, 46227","Match","Exact","7719 US HWY 31, INDIANAPOLIS, IN, 46227","-86.138013053552,39.651591152968","640805479","R"
"863","11100 E 10TH ST, INDIANAPOLIS, IN, 46229","Match","Exact","11100 E 10TH ST, INDIANAPOLIS, IN, 46229","-85.969431828829,39.782573926111","636516757","L"
"984","4808 MINDY DR, INDIANAPOLIS, IN, 46235","Match","Exact","4808 MINDY DR, INDIANAPOLIS, IN, 46235","-85.993991266469,39.843813171366","108011650","R"
"501","4771 KENTUCKY AVE, INDIANAPOLIS, IN, 46221","Match","Exact","4771 KENTUCKY AVE, INDIANAPOLIS, IN, 46221","-86.264366231264,39.699163267396","108004697","L"
"622","1534 MAIN ST, INDIANAPOLIS, IN, 46224","Match","Exact","1534 MAIN ST, INDIANAPOLIS, IN, 46224","-86.241136663305,39.786662870647","107979099","L"
"743","8125 UNITED STATES HIGHWAY 31, INDIANAPOLIS, IN, 46227","Match","Exact","8125 US HWY 31, INDIANAPOLIS, IN, 46227","-86.135564783685,39.648166405783","641063655","R"
"864","10849 E WASHINGTON ST, INDIANAPOLIS, IN, 46229","Match","Exact","10849 E WASHINGTON ST, INDIANAPOLIS, IN, 46229","-85.974013729797,39.775605212062","108020254","R"
"985","3813 N MITTHOEFER RD, INDIANAPOLIS, IN, 46235","Match","Exact","3813 N MITTHOEFER RD, INDIANAPOLIS, IN, 46235","-85.991002926517,39.826847674441","108012399","R"
"502","3099 MARS HILL ST, INDIANAPOLIS, IN, 46221","Match","Non_Exact","3099 MARS HILL ST, INDIANAPOLIS, IN, 46241","-86.228556098847,39.71917374868","108005147","L"
"623","5668 CRAWFORDSVILLE RD, INDIANAPOLIS, IN, 46224","Match","Exact","5668 CRAWFORDSVILLE RD, INDIANAPOLIS, IN, 46224","-86.258299687849,39.794772313739","657852056","R"
"744","7557 SHELBY ST, INDIANAPOLIS, IN, 46227","Match","Exact","7557 SHELBY ST, INDIANAPOLIS, IN, 46227","-86.139367746194,39.656311233337","640805493","L"
"865","741 N MITTHOEFER RD, INDIANAPOLIS, IN, 46229","Match","Exact","741 N MITTHOEFER RD, INDIANAPOLIS, IN, 46229","-85.990282062262,39.779814198923","657880898","R"
"986","5116 TRAVIS DR, INDIANAPOLIS, IN, 46235","Match","Exact","5116 TRAVIS DR, INDIANAPOLIS, IN, 46235","-85.994817784859,39.845717006161","108011588","L"
"503","1802 KENTUCKY AVE, INDIANAPOLIS, IN, 46221","Match","Exact","1802 KENTUCKY AVE, INDIANAPOLIS, IN, 46221","-86.188991484425,39.742753092437","107988580","R"
"624","5212 ROCKVILLE RD, INDIANAPOLIS, IN, 46224","Match","Exact","5212 ROCKVILLE RD, INDIANAPOLIS, IN, 46224","-86.248797615399,39.765152429539","108067944","R"
"745","3720 S EAST ST, INDIANAPOLIS, IN, 46227","Match","Exact","3720 S EAST ST, INDIANAPOLIS, IN, 46227","-86.149035266539,39.713040865713","108006540","R"
"866","10405 E WASHINGTON ST, INDIANAPOLIS, IN, 46229","Match","Exact","10405 E WASHINGTON ST, INDIANAPOLIS, IN, 46229","-85.983598416741,39.775150016777","108020143","R"
"987","5016 MINDY DR, INDIANAPOLIS, IN, 46235","Match","Exact","5016 MINDY DR, INDIANAPOLIS, IN, 46235","-85.99401655599,39.846057884344","108011590","L"
"504","3006 S HOLT RD, INDIANAPOLIS, IN, 46221","Match","Exact","3006 S HOLT RD, INDIANAPOLIS, IN, 46221","-86.225184070928,39.720257030252","108005184","R"
"625","6029 W 10TH ST, INDIANAPOLIS, IN, 46224","Match","Non_Exact","6029 10TH ST, INDIANAPOLIS, IN, 46224","-86.264538363481,39.779523154147","640810635","L"
"746","7701 SHELBY ST, INDIANAPOLIS, IN, 46227","Match","Exact","7701 SHELBY ST, INDIANAPOLIS, IN, 46227","-86.139351304965,39.654662083446","640805493","L"
"867","361 S POST RD, INDIANAPOLIS, IN, 46229","Match","Non_Exact","361 S POST RD, INDIANAPOLIS, IN, 46219","-86.008968231167,39.765759660019","108013224","L"
"988","5760 SUNNYSIDE RD, INDIANAPOLIS, IN, 46235","Match","Exact","5760 SUNNYSIDE RD, INDIANAPOLIS, IN, 46235","-85.972747144514,39.860281918988","108043963","R"
"505","3129 COLLIER ST, INDIANAPOLIS, IN, 46221","Match","Exact","3129 COLLIER ST, INDIANAPOLIS, IN, 46221","-86.230901097516,39.71743697696","108005216","L"
"626","6215 CRAWFORDSVILLE RD, INDIANAPOLIS, IN, 46224","Match","Exact","6215 CRAWFORDSVILLE RD, INDIANAPOLIS, IN, 46224","-86.26880554382,39.800798289502","640819645","L"
"747","1522 E DUDLEY AVE, INDIANAPOLIS, IN, 46227","Match","Exact","1522 E DUDLEY AVE, INDIANAPOLIS, IN, 46227","-86.133020515974,39.684974464475","108007438","L"
"868","9816 RAWLES AVE, INDIANAPOLIS, IN, 46229","Match","Exact","9816 RAWLES AVE, INDIANAPOLIS, IN, 46229","-85.993944047848,39.762484870694","657848534","L"
"989","5034 TRAVIS DR, INDIANAPOLIS, IN, 46235","Match","Exact","5034 TRAVIS DR, INDIANAPOLIS, IN, 46235","-85.994815625699,39.845510030892","108011588","L"
"506","4375 KENTUCKY AVE, INDIANAPOLIS, IN, 46221","Match","Exact","4375 KENTUCKY AVE, INDIANAPOLIS, IN, 46221","-86.256951281013,39.705094019004","639685686","L"
"627","3740 N HIGH SCHOOL RD, INDIANAPOLIS, IN, 46224","Match","Exact","3740 N HIGH SCHOOL RD, INDIANAPOLIS, IN, 46224","-86.270347455545,39.822667432924","641064029","L"
"748","514 E THOMPSON RD, INDIANAPOLIS, IN, 46227","Match","Exact","514 E THOMPSON RD, INDIANAPOLIS, IN, 46227","-86.14833437008,39.693369758494","640806147","L"
"869","10103 E WASHINGTON ST, INDIANAPOLIS, IN, 46229","Match","Exact","10103 E WASHINGTON ST, INDIANAPOLIS, IN, 46229","-85.988643718433,39.774910223862","657859463","R"
"507","3035 KENTUCKY AVE, INDIANAPOLIS, IN, 46221","Match","Exact","3035 KENTUCKY AVE, INDIANAPOLIS, IN, 46221","-86.225693058822,39.720082831683","108005183","L"
"628","5640 CRAWFORDSVILLE RD, INDIANAPOLIS, IN, 46224","Match","Exact","5640 CRAWFORDSVILLE RD, INDIANAPOLIS, IN, 46224","-86.257543298389,39.794475135098","657852056","R"
"749","7734 MADISON AVE, INDIANAPOLIS, IN, 46227","Match","Exact","7734 MADISON AVE, INDIANAPOLIS, IN, 46227","-86.123308417631,39.653847603081","627785995","R"
"508","1144 KENTUCKY AVE, INDIANAPOLIS, IN, 46221","Match","Exact","1144 KENTUCKY AVE, INDIANAPOLIS, IN, 46221","-86.177582951848,39.752601007471","107988629","R"
"629","5240 CRAWFORDSVILLE RD, INDIANAPOLIS, IN, 46224","Match","Exact","5240 CRAWFORDSVILLE RD, INDIANAPOLIS, IN, 46224","-86.249650938134,39.791494808234","107978596","R"
"509","3601 KENTUCKY AVE, INDIANAPOLIS, IN, 46221","Match","Exact","3601 KENTUCKY AVE, INDIANAPOLIS, IN, 46221","-86.238453108202,39.714123326014","108005037","L"
"990","5046 MINDY DR, INDIANAPOLIS, IN, 46235","Match","Exact","5046 MINDY DR, INDIANAPOLIS, IN, 46235","-85.994020086567,39.846371292211","108011590","L"
"870","10012 E WASHINGTON ST, INDIANAPOLIS, IN, 46229","Match","Exact","10012 E WASHINGTON ST, INDIANAPOLIS, IN, 46229","-85.990017864153,39.77495823775","657859463","L"
"991","11040 PENDLETON PIKE, INDIANAPOLIS, IN, 46235","Match","Non_Exact","11040 PENDLETON PIKE, INDIANAPOLIS, IN, 46236","-85.971931379668,39.862959451933","657883000","L"
"750","1599 E EPLER AVE, INDIANAPOLIS, IN, 46227","Match","Exact","1599 E EPLER AVE, INDIANAPOLIS, IN, 46227","-86.131334484124,39.686740007005","657878960","R"
"871","1503 N MITTHOEFER RD, INDIANAPOLIS, IN, 46229","Match","Exact","1503 N MITTHOEFER RD, INDIANAPOLIS, IN, 46229","-85.990280923812,39.788473909774","657869491","R"
"992","5017 MINDY DR, INDIANAPOLIS, IN, 46235","Match","Exact","5017 MINDY DR, INDIANAPOLIS, IN, 46235","-85.993867310829,39.84605887542","108011590","R"
"630","5664 CRAWFORDSVILLE RD, INDIANAPOLIS, IN, 46224","Match","Exact","5664 CRAWFORDSVILLE RD, INDIANAPOLIS, IN, 46224","-86.25819176823,39.794729228527","657852056","R"
"751","1265 E THOMPSON RD, INDIANAPOLIS, IN, 46227","Match","Exact","1265 E THOMPSON RD, INDIANAPOLIS, IN, 46227","-86.135841461684,39.693478006913","108007376","R"
"872","11801 E WASHINGTON ST, INDIANAPOLIS, IN, 46229","Match","Exact","11801 E WASHINGTON ST, INDIANAPOLIS, IN, 46229","-85.95712064855,39.776406637942","108013541","R"
"993","9765 CHERRY TREE LN, INDIANAPOLIS, IN, 46235","Match","Exact","9765 CHERRY TREE LN, INDIANAPOLIS, IN, 46235","-85.9949986505,39.842585445205","108011652","L"
"510","4906 KENTUCKY AVE, INDIANAPOLIS, IN, 46221","Match","Exact","4906 KENTUCKY AVE, INDIANAPOLIS, IN, 46221","-86.269652128148,39.694424689117","108065395","R"
"631","5610 CRAWFORDSVILLE RD, INDIANAPOLIS, IN, 46224","Match","Exact","5610 CRAWFORDSVILLE RD, INDIANAPOLIS, IN, 46224","-86.256724819734,39.794165802985","657852056","R"
"752","5530 S EAST ST, INDIANAPOLIS, IN, 46227","Match","Exact","5530 S EAST ST, INDIANAPOLIS, IN, 46227","-86.148994109624,39.68573275682","108006782","R"
"873","9930 E 10TH ST, INDIANAPOLIS, IN, 46229","Match","Exact","9930 E 10TH ST, INDIANAPOLIS, IN, 46229","-85.991610044916,39.782290981901","108013286","L"
"994","9929 CHERRY TREE LN, INDIANAPOLIS, IN, 46235","Match","Exact","9929 CHERRY TREE LN, INDIANAPOLIS, IN, 46235","-85.992206883802,39.842598850074","108011663","L"
"511","4430 MANN RD, INDIANAPOLIS, IN, 46221","Match","Exact","4430 MANN RD, INDIANAPOLIS, IN, 46221","-86.241459364941,39.699065865136","108005291","R"
"632","6211 W 30TH ST, INDIANAPOLIS, IN, 46224","Match","Exact","6211 W 30TH ST, INDIANAPOLIS, IN, 46224","-86.268932255462,39.809224173174","107978029","L"
"753","4325 CARSON AVE, INDIANAPOLIS, IN, 46227","Match","Exact","4325 CARSON AVE, INDIANAPOLIS, IN, 46227","-86.113984044155,39.70383750981","627787227","L"
"874","1035 N POST RD, INDIANAPOLIS, IN, 46229","Match","Non_Exact","1035 N POST RD, INDIANAPOLIS, IN, 46219","-86.009285085819,39.782493435268","108012617","R"
"995","4950 MINDY DR, INDIANAPOLIS, IN, 46235","Match","Exact","4950 MINDY DR, INDIANAPOLIS, IN, 46235","-85.994008788721,39.845368387037","108011590","L"
"512","6329 S MOORESVILLE RD, INDIANAPOLIS, IN, 46221","Match","Exact","6329 S MOORESVILLE RD, INDIANAPOLIS, IN, 46221","-86.26964549628,39.671133664742","108005393","L"
"633","805 S MISSOURI ST, INDIANAPOLIS, IN, 46225","Match","Exact","805 S MISSOURI ST, INDIANAPOLIS, IN, 46225","-86.165620759331,39.756584500681","107992403","L"
"754","1936 E SOUTHPORT RD, INDIANAPOLIS, IN, 46227","Match","Exact","1936 E SOUTHPORT RD, INDIANAPOLIS, IN, 46227","-86.12577923628,39.664998146817","108008339","L"
"875","2860 MITTHOEFER PL, INDIANAPOLIS, IN, 46229","Match","Non_Exact","2860 MITTHOEFER RD, INDIANAPOLIS, IN, 46229","-85.991841221102,39.810147364401","108038736","R"
"996","4744 TRUMP DR, INDIANAPOLIS, IN, 46235","Match","Exact","4744 TRUMP DR, INDIANAPOLIS, IN, 46235","-85.993186572265,39.843161973693","108011656","R"
"513","1627 OLIVER AVE, INDIANAPOLIS, IN, 46221","Match","Exact","1627 OLIVER AVE, INDIANAPOLIS, IN, 46221","-86.190288428706,39.758405764973","107988005","L"
"634","942 S SENATE AVE, INDIANAPOLIS, IN, 46225","Match","Exact","942 S SENATE AVE, INDIANAPOLIS, IN, 46225","-86.163628046293,39.754909954961","107992426","R"
"755","7001 E MADISON AVE, INDIANAPOLIS, IN, 46227","Match","Non_Exact","7001 MADISON AVE, INDIANAPOLIS, IN, 46227","-86.126944904759,39.664893707147","108008333","L"
"876","320 S MITTHOEFER RD, INDIANAPOLIS, IN, 46229","Match","Non_Exact","320 S MITTHOEFFER RD, INDIANAPOLIS, IN, 46229","-85.990298737945,39.767716162209","652688764","R"
"997","11020 PENDLETON PIKE, INDIANAPOLIS, IN, 46235","Match","Non_Exact","11020 PENDLETON PIKE, INDIANAPOLIS, IN, 46236","-85.972295781878,39.862777356949","657883000","L"
"514","3315 KENTUCKY AVE, INDIANAPOLIS, IN, 46221","Match","Exact","3315 KENTUCKY AVE, INDIANAPOLIS, IN, 46221","-86.234752534744,39.715894138393","650776203","L"
"635","10 W MCCARTY ST, INDIANAPOLIS, IN, 46225","Match","Exact","10 W MCCARTY ST, INDIANAPOLIS, IN, 46225","-86.159392424731,39.756601055383","107992472","R"
"756","2204 NATIONAL AVE, INDIANAPOLIS, IN, 46227","Match","Exact","2204 NATIONAL AVE, INDIANAPOLIS, IN, 46227","-86.124047818919,39.712158096408","108029052","L"
"877","11903 WELLAND ST, INDIANAPOLIS, IN, 46229","Match","Exact","11903 WELLAND ST, INDIANAPOLIS, IN, 46229","-85.954984170061,39.778553902704","646582143","R"
"998","5029 TRUMP DR, INDIANAPOLIS, IN, 46235","Match","Exact","5029 TRUMP DR, INDIANAPOLIS, IN, 46235","-85.993064460095,39.845510329302","108011607","R"
"515","1256 LEE ST, INDIANAPOLIS, IN, 46221","Match","Exact","1256 LEE ST, INDIANAPOLIS, IN, 46221","-86.192099541957,39.750100016732","107988427","R"
"636","506 E MORRIS ST, INDIANAPOLIS, IN, 46225","Match","Non_Exact","506 E MORRIS ST, INDIANAPOLIS, IN, 46203","-86.149452114625,39.751485362117","107992854","L"
"757","2212 E SOUTHPORT RD, INDIANAPOLIS, IN, 46227","Match","Exact","2212 E SOUTHPORT RD, INDIANAPOLIS, IN, 46227","-86.122529786466,39.665016333717","108008386","L"
"878","11706 E WASHINGTON ST, INDIANAPOLIS, IN, 46229","Match","Exact","11706 E WASHINGTON ST, INDIANAPOLIS, IN, 46229","-85.958129059486,39.776470693312","108013532","L"
"999","9160 E 38TH ST, INDIANAPOLIS, IN, 46235","Match","Non_Exact","9160 38TH ST, INDIANAPOLIS, IN, 46235","-86.006558358774,39.826150051221","646724773","L"
"516","2132 S HARDING ST, INDIANAPOLIS, IN, 46221","Match","Exact","2132 S HARDING ST, INDIANAPOLIS, IN, 46221","-86.187081002846,39.737897850177","640835698","R"
"637","750 S DELAWARE ST, INDIANAPOLIS, IN, 46225","Match","Exact","750 S DELAWARE ST, INDIANAPOLIS, IN, 46225","-86.154940697402,39.757069198231","107992134","R"
"758","1410 E EPLER AVE, INDIANAPOLIS, IN, 46227","Match","Exact","1410 E EPLER AVE, INDIANAPOLIS, IN, 46227","-86.135551369743,39.686868240142","108053316","L"
"879","10005 E 21ST ST, INDIANAPOLIS, IN, 46229","Match","Exact","10005 E 21ST ST, INDIANAPOLIS, IN, 46229","-85.990400043784,39.796886344994","108012976","R"
"517","4822 MANN RD, INDIANAPOLIS, IN, 46221","Match","Exact","4822 MANN RD, INDIANAPOLIS, IN, 46221","-86.242848796074,39.693394081169","108053187","R"
"638","821 S MISSOURI ST, INDIANAPOLIS, IN, 46225","Match","Exact","821 S MISSOURI ST, INDIANAPOLIS, IN, 46225","-86.16564454296,39.756402364817","107992403","L"
"759","1634 NATIONAL AVE, INDIANAPOLIS, IN, 46227","Match","Exact","1634 NATIONAL AVE, INDIANAPOLIS, IN, 46227","-86.131082325598,39.71207812148","108007203","L"
"518","2702 W MORRIS ST, INDIANAPOLIS, IN, 46221","Match","Exact","2702 W MORRIS ST, INDIANAPOLIS, IN, 46221","-86.20526956225,39.750713323305","107987594","R"
"639","836 S SENATE AVE, INDIANAPOLIS, IN, 46225","Match","Exact","836 S SENATE AVE, INDIANAPOLIS, IN, 46225","-86.163822732227,39.756200179527","107992420","R"
"519","4402 MANN RD, INDIANAPOLIS, IN, 46221","Match","Exact","4402 MANN RD, INDIANAPOLIS, IN, 46221","-86.241381090038,39.69935762744","108005291","R"
"880","10745 E WASHINGTON ST, INDIANAPOLIS, IN, 46229","Match","Exact","10745 E WASHINGTON ST, INDIANAPOLIS, IN, 46229","-85.975887122862,39.775514387549","108020254","R"
"760","3440 MADISON AVE, INDIANAPOLIS, IN, 46227","Match","Exact","3440 MADISON AVE, INDIANAPOLIS, IN, 46227","-86.146786688564,39.715810732965","108006542","R"
"881","2902 MITTHOEFER PL, INDIANAPOLIS, IN, 46229","Match","Non_Exact","2902 MITTHOEFER RD, INDIANAPOLIS, IN, 46229","-85.992463169188,39.810369277216","108038736","R"
"640","913 S KENWOOD AVE, INDIANAPOLIS, IN, 46225","Match","Exact","913 S KENWOOD AVE, INDIANAPOLIS, IN, 46225","-86.161188075195,39.755216697498","107992465","L"
"761","1323 STANDISH AVE, INDIANAPOLIS, IN, 46227","Match","Exact","1323 STANDISH AVE, INDIANAPOLIS, IN, 46227","-86.136359256253,39.712836757446","108007006","R"
"882","9440 BURK RD, INDIANAPOLIS, IN, 46229","Match","Exact","9440 BURK RD, INDIANAPOLIS, IN, 46229","-86.00250136437,39.769689415312","108013250","L"
"520","2102 W MORRIS ST, INDIANAPOLIS, IN, 46221","Match","Exact","2102 W MORRIS ST, INDIANAPOLIS, IN, 46221","-86.196841128872,39.751050621471","107987669","R"
"641","427 W MERRILL ST, INDIANAPOLIS, IN, 46225","Match","Exact","427 W MERRILL ST, INDIANAPOLIS, IN, 46225","-86.166153178233,39.759093589563","107991519","L"
"762","7007 MADISON AVE, INDIANAPOLIS, IN, 46227","Match","Exact","7007 MADISON AVE, INDIANAPOLIS, IN, 46227","-86.126918812707,39.664833261643","108008333","L"
"883","334 N MITTHOEFER RD, INDIANAPOLIS, IN, 46229","Match","Exact","334 N MITTHOEFER RD, INDIANAPOLIS, IN, 46229","-85.990412498865,39.776146770085","657859317","L"
"521","3148 COLLIER ST, INDIANAPOLIS, IN, 46221","Match","Exact","3148 COLLIER ST, INDIANAPOLIS, IN, 46221","-86.231048106782,39.717273587974","108005216","R"
"642","937 S KENWOOD AVE, INDIANAPOLIS, IN, 46225","Match","Exact","937 S KENWOOD AVE, INDIANAPOLIS, IN, 46225","-86.16118474197,39.754934585013","107992465","L"
"763","5601 MADISON AVE, INDIANAPOLIS, IN, 46227","Match","Exact","5601 MADISON AVE, INDIANAPOLIS, IN, 46227","-86.133788261426,39.684865879459","108019988","L"
"884","296 S MITTHOEFER RD, INDIANAPOLIS, IN, 46229","Match","Non_Exact","296 S MITTHOEFFER RD, INDIANAPOLIS, IN, 46229","-85.990314944753,39.768423104552","652688764","R"
"522","3148 S HOLT RD, INDIANAPOLIS, IN, 46221","Match","Exact","3148 S HOLT RD, INDIANAPOLIS, IN, 46221","-86.225170972527,39.717757108657","108005189","R"
"643","925 CHURCH ST, INDIANAPOLIS, IN, 46225","Match","Exact","925 CHURCH ST, INDIANAPOLIS, IN, 46225","-86.162974356639,39.755121744114","107992427","L"
"764","2127 E SOUTHPORT RD, INDIANAPOLIS, IN, 46227","Match","Exact","2127 E SOUTHPORT RD, INDIANAPOLIS, IN, 46227","-86.123494975435,39.66489903243","655644271","R"
"885","8014 W WASHINGTON ST, INDIANAPOLIS, IN, 46231","Match","Exact","8014 W WASHINGTON ST, INDIANAPOLIS, IN, 46231","-86.302666808298,39.736743191011","107977372","R"
"523","2735 KENTUCKY AVE, INDIANAPOLIS, IN, 46221","Match","Exact","2735 KENTUCKY AVE, INDIANAPOLIS, IN, 46221","-86.212786245268,39.725948924398","108026686","L"
"644","368 S MERIDIAN ST, INDIANAPOLIS, IN, 46225","Match","Exact","368 S MERIDIAN ST, INDIANAPOLIS, IN, 46225","-86.158378355712,39.761664035243","107991685","R"
"765","5454 S EAST ST, INDIANAPOLIS, IN, 46227","Match","Exact","5454 S EAST ST, INDIANAPOLIS, IN, 46227","-86.148995524837,39.687702434541","653415121","R"
"886","8004 W WASHINGTON ST, INDIANAPOLIS, IN, 46231","Match","Exact","8004 W WASHINGTON ST, INDIANAPOLIS, IN, 46231","-86.302350128698,39.736841399237","107977373","R"
"524","4811 S HIGH SCHOOL RD, INDIANAPOLIS, IN, 46221","Match","Exact","4811 S HIGH SCHOOL RD, INDIANAPOLIS, IN, 46221","-86.269337105589,39.694042988068","108004687","L"
"645","2171 BLUFF AVE, INDIANAPOLIS, IN, 46225","Match","Non_Exact","2171 BLUFF RD, INDIANAPOLIS, IN, 46225","-86.162652161861,39.737166488174","107992633","L"
"766","5433 MADISON AVE, INDIANAPOLIS, IN, 46227","Match","Exact","5433 MADISON AVE, INDIANAPOLIS, IN, 46227","-86.134539811044,39.68714470283","108065490","L"
"887","8305 W MORRIS ST, INDIANAPOLIS, IN, 46231","Match","Exact","8305 W MORRIS ST, INDIANAPOLIS, IN, 46231","-86.308326176222,39.749377502592","108044011","L"
"525","1170 KENTUCKY AVE, INDIANAPOLIS, IN, 46221","Match","Exact","1170 KENTUCKY AVE, INDIANAPOLIS, IN, 46221","-86.178217432405,39.752046269508","107988629","R"
"646","843 CHURCH ST, INDIANAPOLIS, IN, 46225","Match","Exact","843 CHURCH ST, INDIANAPOLIS, IN, 46225","-86.162962282693,39.756113665492","107992423","L"
"767","4904 MADISON AVE, INDIANAPOLIS, IN, 46227","Match","Exact","4904 MADISON AVE, INDIANAPOLIS, IN, 46227","-86.137230676364,39.694537289394","108028924","R"
"888","8734 W WASHINGTON ST, INDIANAPOLIS, IN, 46231","Match","Exact","8734 W WASHINGTON ST, INDIANAPOLIS, IN, 46231","-86.31559974212,39.73273277243","107977321","R"
"526","2020 S BELMONT AVE, INDIANAPOLIS, IN, 46221","Match","Exact","2020 S BELMONT AVE, INDIANAPOLIS, IN, 46221","-86.196706332346,39.74005975806","107987741","R"
"647","2125 S MERIDIAN ST, INDIANAPOLIS, IN, 46225","Match","Exact","2125 S MERIDIAN ST, INDIANAPOLIS, IN, 46225","-86.158960407683,39.738466193759","107992624","L"
"768","3141 E THOMPSON RD, INDIANAPOLIS, IN, 46227","Match","Exact","3141 E THOMPSON RD, INDIANAPOLIS, IN, 46227","-86.110852431607,39.693970790731","108009038","R"
"889","2255 S RACEWAY RD, INDIANAPOLIS, IN, 46231","Match","Exact","2255 S RACEWAY RD, INDIANAPOLIS, IN, 46231","-86.326452976482,39.732550526256","654220129","L"
"527","3455 MANN RD, INDIANAPOLIS, IN, 46221","Match","Exact","3455 MANN RD, INDIANAPOLIS, IN, 46221","-86.23845174817,39.713489830145","108005038","L"
"648","800 S SENATE AVE, INDIANAPOLIS, IN, 46225","Match","Exact","800 S SENATE AVE, INDIANAPOLIS, IN, 46225","-86.163802418138,39.756593034068","107992420","R"
"769","5540 S EAST ST, INDIANAPOLIS, IN, 46227","Match","Exact","5540 S EAST ST, INDIANAPOLIS, IN, 46227","-86.148992203317,39.685555259817","108006782","R"
"528","2905 KENTUCKY AVE, INDIANAPOLIS, IN, 46221","Match","Exact","2905 KENTUCKY AVE, INDIANAPOLIS, IN, 46221","-86.217806780578,39.723617729396","108068092","L"
"649","914 MEIKEL ST, INDIANAPOLIS, IN, 46225","Match","Exact","914 MEIKEL ST, INDIANAPOLIS, IN, 46225","-86.164746761874,39.75532075114","108051874","R"
"529","3245 W WASHINGTON ST, INDIANAPOLIS, IN, 46222","Match","Exact","3245 W WASHINGTON ST, INDIANAPOLIS, IN, 46222","-86.212846462617,39.76433420721","107987184","L"
"890","1616 S GIRLS SCHOOL RD, INDIANAPOLIS, IN, 46231","Match","Exact","1616 S GIRLS SCHOOL RD, INDIANAPOLIS, IN, 46231","-86.288977103728,39.742250653491","652688735","R"
"770","3033 SHELBY ST, INDIANAPOLIS, IN, 46227","Match","Exact","3033 SHELBY ST, INDIANAPOLIS, IN, 46227","-86.139461668722,39.722028531423","108006869","L"
"891","8450 W WASHINGTON ST, INDIANAPOLIS, IN, 46231","Match","Exact","8450 W WASHINGTON ST, INDIANAPOLIS, IN, 46231","-86.310548154735,39.734308240657","107977358","R"
"650","829 S MISSOURI ST, INDIANAPOLIS, IN, 46225","Match","Exact","829 S MISSOURI ST, INDIANAPOLIS, IN, 46225","-86.165665955619,39.756310814049","107992403","L"
"771","604 MARTIN ST, INDIANAPOLIS, IN, 46227","Match","Exact","604 MARTIN ST, INDIANAPOLIS, IN, 46227","-86.147514426477,39.719165322592","108006473","L"
"892","55 S RACEWAY RD, INDIANAPOLIS, IN, 46231","Match","Exact","55 S RACEWAY RD, INDIANAPOLIS, IN, 46231","-86.326709267157,39.762450647864","89238271","L"
"530","3259 W WASHINGTON ST, INDIANAPOLIS, IN, 46222","Match","Exact","3259 W WASHINGTON ST, INDIANAPOLIS, IN, 46222","-86.213067173934,39.764264822234","107987184","L"
"651","2719 MADISON AVE, INDIANAPOLIS, IN, 46225","Match","Exact","2719 MADISON AVE, INDIANAPOLIS, IN, 46225","-86.152776655434,39.727522845133","657878298","L"
"772","3005 CARSON AVE, INDIANAPOLIS, IN, 46227","Match","Exact","3005 CARSON AVE, INDIANAPOLIS, IN, 46227","-86.136058571419,39.722139311149","108006926","L"
"893","8201 W WASHINGTON ST, INDIANAPOLIS, IN, 46231","Match","Exact","8201 W WASHINGTON ST, INDIANAPOLIS, IN, 46231","-86.305632592277,39.735701469384","107977372","L"
"531","730 KING AVE, INDIANAPOLIS, IN, 46222","Match","Exact","730 KING AVE, INDIANAPOLIS, IN, 46222","-86.203893086902,39.776999185238","107987238","L"
"652","1901 S MERIDIAN ST, INDIANAPOLIS, IN, 46225","Match","Exact","1901 S MERIDIAN ST, INDIANAPOLIS, IN, 46225","-86.159003548361,39.741749430755","641063157","L"
"773","3814 MADISON AVE, INDIANAPOLIS, IN, 46227","Match","Exact","3814 MADISON AVE, INDIANAPOLIS, IN, 46227","-86.144561196049,39.711287700342","108006564","R"
"894","8912 W WASHINGTON ST, INDIANAPOLIS, IN, 46231","Match","Exact","8912 W WASHINGTON ST, INDIANAPOLIS, IN, 46231","-86.318533766357,39.731826953064","107977297","R"
"532","3550 W 16TH ST, INDIANAPOLIS, IN, 46222","Match","Exact","3550 W 16TH ST, INDIANAPOLIS, IN, 46222","-86.220267717368,39.787800382578","107979272","R"
"653","449 S PENNSYLVANIA ST, INDIANAPOLIS, IN, 46225","Match","Exact","449 S PENNSYLVANIA ST, INDIANAPOLIS, IN, 46225","-86.156475061948,39.759867431441","107991714","L"
"774","4305 CARSON AVE, INDIANAPOLIS, IN, 46227","Match","Exact","4305 CARSON AVE, INDIANAPOLIS, IN, 46227","-86.114211039355,39.704117667644","627787227","L"
"895","1910 S GIRLS SCHOOL RD, INDIANAPOLIS, IN, 46231","Match","Non_Exact","1910 S GIRLS SCHOOL RD, INDIANAPOLIS, IN, 46241","-86.288926138636,39.738930191644","107977747","R"
"533","2537 W WASHINGTON ST, INDIANAPOLIS, IN, 46222","Match","Exact","2537 W WASHINGTON ST, INDIANAPOLIS, IN, 46222","-86.203358073291,39.765537010633","107987380","L"
"654","239 W MCCARTY ST, INDIANAPOLIS, IN, 46225","Match","Exact","239 W MCCARTY ST, INDIANAPOLIS, IN, 46225","-86.163326269427,39.756579567261","107992421","L"
"775","3600 DEVELOPERS RD, INDIANAPOLIS, IN, 46227","Match","Exact","3600 DEVELOPERS RD, INDIANAPOLIS, IN, 46227","-86.124301798347,39.713934119694","108029053","R"
"896","8802 W WASHINGTON ST, INDIANAPOLIS, IN, 46231","Match","Exact","8802 W WASHINGTON ST, INDIANAPOLIS, IN, 46231","-86.316401364811,39.732485434934","107977319","R"
"534","2670 LAFAYETTE RD, INDIANAPOLIS, IN, 46222","Match","Exact","2670 LAFAYETTE RD, INDIANAPOLIS, IN, 46222","-86.215586882704,39.804590659244","107985795","L"
"655","813 S SENATE AVE, INDIANAPOLIS, IN, 46225","Match","Exact","813 S SENATE AVE, INDIANAPOLIS, IN, 46225","-86.163660248603,39.756457530895","107992420","L"
"776","3101 SHELBY ST, INDIANAPOLIS, IN, 46227","Match","Exact","3101 SHELBY ST, INDIANAPOLIS, IN, 46227","-86.139454844449,39.721261190054","108006870","L"
"897","1650 S GIRLS SCHOOL RD, INDIANAPOLIS, IN, 46231","Match","Exact","1650 S GIRLS SCHOOL RD, INDIANAPOLIS, IN, 46231","-86.28896882217,39.741631170671","652688736","R"
"535","2304 W 16TH ST, INDIANAPOLIS, IN, 46222","Match","Exact","2304 W 16TH ST, INDIANAPOLIS, IN, 46222","-86.200342122697,39.788127035263","107986152","R"
"656","1968 S MERIDIAN ST, INDIANAPOLIS, IN, 46225","Match","Exact","1968 S MERIDIAN ST, INDIANAPOLIS, IN, 46225","-86.159127093507,39.74066123541","108051925","R"
"777","711 E MURRY ST, INDIANAPOLIS, IN, 46227","Match","Exact","711 E MURRY ST, INDIANAPOLIS, IN, 46227","-86.146438832959,39.718176425213","108006961","R"
"898","8514 W WASHINGTON ST, INDIANAPOLIS, IN, 46231","Match","Exact","8514 W WASHINGTON ST, INDIANAPOLIS, IN, 46231","-86.311711734804,39.73394609949","107977324","R"
"536","2519 W WASHINGTON ST, INDIANAPOLIS, IN, 46222","Match","Exact","2519 W WASHINGTON ST, INDIANAPOLIS, IN, 46222","-86.203164077751,39.765556830206","107987380","L"
"657","945 S CAPITOL AVE, INDIANAPOLIS, IN, 46225","Match","Exact","945 S CAPITOL AVE, INDIANAPOLIS, IN, 46225","-86.16195697868,39.754742970437","108047778","L"
"778","4033 WEAVER AVE, INDIANAPOLIS, IN, 46227","Match","Exact","4033 WEAVER AVE, INDIANAPOLIS, IN, 46227","-86.138841039303,39.706883513073","108048304","L"
"899","8007 W WASHINGTON ST, INDIANAPOLIS, IN, 46231","Match","Exact","8007 W WASHINGTON ST, INDIANAPOLIS, IN, 46231","-86.302631113554,39.736630713501","107977372","L"
"537","3639 W 16TH ST, INDIANAPOLIS, IN, 46222","No_Match"
"658","607 RUSSELL AVE, INDIANAPOLIS, IN, 46225","Match","Exact","607 RUSSELL AVE, INDIANAPOLIS, IN, 46225","-86.160056126534,39.758913211119","108051728","L"
"779","603 KNOX ST, INDIANAPOLIS, IN, 46227","Match","Exact","603 KNOX ST, INDIANAPOLIS, IN, 46227","-86.148223469392,39.721683627607","108006466","R"
"538","2015 LAFAYETTE RD, INDIANAPOLIS, IN, 46222","Match","Exact","2015 LAFAYETTE RD, INDIANAPOLIS, IN, 46222","-86.203736747431,39.793556567449","107986053","R"
"659","830 MEIKEL ST, INDIANAPOLIS, IN, 46225","Match","Exact","830 MEIKEL ST, INDIANAPOLIS, IN, 46225","-86.164712455052,39.756278751296","107992411","R"
"539","3220 ROBERTA DR, INDIANAPOLIS, IN, 46222","Match","Exact","3220 ROBERTA DR, INDIANAPOLIS, IN, 46222","-86.213319209945,39.803673694079","107985826","R"
"780","3001 SHELBY ST, INDIANAPOLIS, IN, 46227","Match","Exact","3001 SHELBY ST, INDIANAPOLIS, IN, 46227","-86.139467078703,39.722690048993","108006868","L"
"660","818 MEIKEL ST, INDIANAPOLIS, IN, 46225","Match","Exact","818 MEIKEL ST, INDIANAPOLIS, IN, 46225","-86.164706688641,39.756408722676","107992411","R"
"781","3331 MADISON AVE, INDIANAPOLIS, IN, 46227","Match","Exact","3331 MADISON AVE, INDIANAPOLIS, IN, 46227","-86.147698337242,39.71784025586","108006534","L"
"540","3094 LAFAYETTE RD, INDIANAPOLIS, IN, 46222","Match","Exact","3094 LAFAYETTE RD, INDIANAPOLIS, IN, 46222","-86.222761812072,39.811682625156","107978996","L"
"661","817 S MISSOURI ST, INDIANAPOLIS, IN, 46225","Match","Exact","817 S MISSOURI ST, INDIANAPOLIS, IN, 46225","-86.165636909388,39.756446543529","107992403","L"
"782","3520 DEVELOPERS RD, INDIANAPOLIS, IN, 46227","Match","Exact","3520 DEVELOPERS RD, INDIANAPOLIS, IN, 46227","-86.12431640907,39.71465279891","108029053","R"
"541","235 N ELDER AVE, INDIANAPOLIS, IN, 46222","Match","Exact","235 N ELDER AVE, INDIANAPOLIS, IN, 46222","-86.193723965931,39.770655196466","107987832","R"
"662","828 CHURCH ST, INDIANAPOLIS, IN, 46225","Match","Exact","828 CHURCH ST, INDIANAPOLIS, IN, 46225","-86.163112390894,39.756265836595","107992423","R"
"783","512 E PERRY ST, INDIANAPOLIS, IN, 46227","Match","Exact","512 E PERRY ST, INDIANAPOLIS, IN, 46227","-86.148678339381,39.720033063141","108006471","L"
"542","3433 W WASHINGTON ST, INDIANAPOLIS, IN, 46222","Match","Exact","3433 W WASHINGTON ST, INDIANAPOLIS, IN, 46222","-86.217117162727,39.763171070865","107987161","L"
"663","325 W MORRIS ST, INDIANAPOLIS, IN, 46225","Match","Exact","325 W MORRIS ST, INDIANAPOLIS, IN, 46225","-86.164819132561,39.751591956921","107992444","L"
"784","3401 S EAST ST, INDIANAPOLIS, IN, 46227","Match","Exact","3401 S EAST ST, INDIANAPOLIS, IN, 46227","-86.148898602874,39.717033428707","108006532","L"
"543","425 N HOLT RD, INDIANAPOLIS, IN, 46222","Match","Non_Exact","425 HOLT RD, INDIANAPOLIS, IN, 46222","-86.228067024936,39.772559460865","640352979","R"
"664","842 S KENWOOD AVE, INDIANAPOLIS, IN, 46225","Match","Exact","842 S KENWOOD AVE, INDIANAPOLIS, IN, 46225","-86.161346848481,39.756038484761","107992465","R"
"785","1212 CASTANIA DR, INDIANAPOLIS, IN, 46228","No_Match"
"544","902 HAUGH ST, INDIANAPOLIS, IN, 46222","Match","Exact","902 HAUGH ST, INDIANAPOLIS, IN, 46222","-86.207651155821,39.778707311946","107987205","L"
"665","226 W WYOMING ST, INDIANAPOLIS, IN, 46225","Match","Exact","226 W WYOMING ST, INDIANAPOLIS, IN, 46225","-86.163391889293,39.755510879602","107992425","R"
"786","2116 W 60TH ST, INDIANAPOLIS, IN, 46228","Match","Exact","2116 W 60TH ST, INDIANAPOLIS, IN, 46228","-86.197639130391,39.861886854033","107981981","R"
"545","3300 BERTHA ST, INDIANAPOLIS, IN, 46222","Match","Exact","3300 BERTHA ST, INDIANAPOLIS, IN, 46222","-86.213005409808,39.761646548427","107987192","R"
"666","625 S MERIDIAN ST, INDIANAPOLIS, IN, 46225","Match","Exact","625 S MERIDIAN ST, INDIANAPOLIS, IN, 46225","-86.158422980617,39.758636871629","107991702","L"
"787","5617 MICHIGAN RD, INDIANAPOLIS, IN, 46228","Match","Exact","5617 MICHIGAN RD, INDIANAPOLIS, IN, 46228","-86.195126695822,39.854575630679","108067957","R"
"546","1811 W WASHINGTON ST, INDIANAPOLIS, IN, 46222","Match","Exact","1811 W WASHINGTON ST, INDIANAPOLIS, IN, 46222","-86.193521104838,39.766527494637","107987951","L"
"667","2025 MADISON AVE, INDIANAPOLIS, IN, 46225","Match","Exact","2025 MADISON AVE, INDIANAPOLIS, IN, 46225","-86.154346470799,39.740494923174","657872891","L"
"788","5802 MICHIGAN RD, INDIANAPOLIS, IN, 46228","Match","Exact","5802 MICHIGAN RD, INDIANAPOLIS, IN, 46228","-86.197713284357,39.859607100639","107981990","L"
"547","3119 LAFAYETTE RD, INDIANAPOLIS, IN, 46222","Match","Exact","3119 LAFAYETTE RD, INDIANAPOLIS, IN, 46222","-86.222950350492,39.812055898575","107978996","R"
"668","805 CHURCH ST, INDIANAPOLIS, IN, 46225","Match","Exact","805 CHURCH ST, INDIANAPOLIS, IN, 46225","-86.162966316305,39.756528556903","107992423","L"
"789","5749 MICHIGAN RD, INDIANAPOLIS, IN, 46228","Match","Exact","5749 MICHIGAN RD, INDIANAPOLIS, IN, 46228","-86.19698781712,39.858454101297","107981992","R"
"548","3323 W 16TH ST, INDIANAPOLIS, IN, 46222","Match","Exact","3323 W 16TH ST, INDIANAPOLIS, IN, 46222","-86.214382056782,39.787779210432","107985923","L"
"669","925 S MISSOURI ST, INDIANAPOLIS, IN, 46225","Match","Exact","925 S MISSOURI ST, INDIANAPOLIS, IN, 46225","-86.165905938498,39.755342308387","107992406","L"
"549","2359 LAFAYETTE RD, INDIANAPOLIS, IN, 46222","Match","Exact","2359 LAFAYETTE RD, INDIANAPOLIS, IN, 46222","-86.210167082717,39.79964595996","657851059","R"
"790","2706 KESSLER BLVD DR W, INDIANAPOLIS, IN, 46228","Match","Non_Exact","2706 KESSLER BLVD, INDIANAPOLIS, IN, 46228","-86.205956587914,39.853715208328","107982036","R"
"670","2711 MADISON AVE, INDIANAPOLIS, IN, 46225","Match","Exact","2711 MADISON AVE, INDIANAPOLIS, IN, 46225","-86.152847763613,39.727663922283","657878298","L"
"791","5707 MICHIGAN RD, INDIANAPOLIS, IN, 46228","Match","Exact","5707 MICHIGAN RD, INDIANAPOLIS, IN, 46228","-86.196553493036,39.857568343534","107981992","R"
"550","2940 COLD SPRING RD, INDIANAPOLIS, IN, 46222","Match","Exact","2940 COLD SPRING RD, INDIANAPOLIS, IN, 46222","-86.202919907349,39.809035657761","108032373","L"
"671","1427 MADISON AVE, INDIANAPOLIS, IN, 46225","Match","Exact","1427 MADISON AVE, INDIANAPOLIS, IN, 46225","-86.154012570609,39.747552091562","657853059","L"
"792","5902 MICHIGAN RD, INDIANAPOLIS, IN, 46228","Match","Exact","5902 MICHIGAN RD, INDIANAPOLIS, IN, 46228","-86.198497405974,39.861192168436","107981980","L"
"551","3615 W 30TH ST, INDIANAPOLIS, IN, 46222","Match","Exact","3615 W 30TH ST, INDIANAPOLIS, IN, 46222","-86.22124985935,39.809549273939","108027735","L"
"672","121 S MERIDIAN ST, INDIANAPOLIS, IN, 46225","Match","Exact","121 S MERIDIAN ST, INDIANAPOLIS, IN, 46225","-86.158089934836,39.765090780327","107991630","L"
"793","4615 MICHIGAN RD, INDIANAPOLIS, IN, 46228","Match","Exact","4615 MICHIGAN RD, INDIANAPOLIS, IN, 46228","-86.188791450496,39.84152002088","108023615","R"
"552","3710 LAFAYETTE RD, INDIANAPOLIS, IN, 46222","Match","Exact","3710 LAFAYETTE RD, INDIANAPOLIS, IN, 46222","-86.233113272666,39.822041844614","640721917","L"
"673","6118 DICKSON RD, INDIANAPOLIS, IN, 46226","Match","Exact","6118 DICKSON RD, INDIANAPOLIS, IN, 46226","-86.062327757689,39.846045410312","107997412","L"
"794","4501 MICHIGAN RD, INDIANAPOLIS, IN, 46228","Match","Exact","4501 MICHIGAN RD, INDIANAPOLIS, IN, 46228","-86.188460456597,39.84082346288","108023615","R"
"553","3769 COMMERCIAL DR, INDIANAPOLIS, IN, 46222","Match","Exact","3769 COMMERCIAL DR, INDIANAPOLIS, IN, 46222","-86.229732890069,39.82326110995","641418066","R"
"674","7905 E 42ND ST, INDIANAPOLIS, IN, 46226","Match","Exact","7905 E 42ND ST, INDIANAPOLIS, IN, 46226","-86.028256306618,39.832953849513","108017610","R"
"795","6014 MICHIGAN RD, INDIANAPOLIS, IN, 46228","Match","Exact","6014 MICHIGAN RD, INDIANAPOLIS, IN, 46228","-86.198937472537,39.862101486142","107981979","L"
"554","3680 W 30TH ST, INDIANAPOLIS, IN, 46222","Match","Exact","3680 W 30TH ST, INDIANAPOLIS, IN, 46222","-86.222220648059,39.809649529989","108027735","R"
"675","8026 E 46TH ST, INDIANAPOLIS, IN, 46226","Match","Exact","8026 E 46TH ST, INDIANAPOLIS, IN, 46226","-86.026563998318,39.840626243552","107998141","L"
"796","6015 MICHIGAN RD, INDIANAPOLIS, IN, 46228","Match","Exact","6015 MICHIGAN RD, INDIANAPOLIS, IN, 46228","-86.198790523493,39.862126775272","107981979","R"
"555","2445 LAFAYETTE RD, INDIANAPOLIS, IN, 46222","Match","Exact","2445 LAFAYETTE RD, INDIANAPOLIS, IN, 46222","-86.212339828517,39.801705979692","107985827","R"
"676","6800 N PENDLETON PIKE AVE, INDIANAPOLIS, IN, 46226","Match","Non_Exact","6800 PENDLETON PIKE, INDIANAPOLIS, IN, 46226","-86.049148861998,39.825816060829","108002107","L"
"797","2155 KESSLER BLVD DR W, INDIANAPOLIS, IN, 46228","Match","Non_Exact","2155 KESSLER BLVD, INDIANAPOLIS, IN, 46228","-86.200593929761,39.853643070255","107982161","L"
"556","1543 W OHIO ST, INDIANAPOLIS, IN, 46222","Match","Exact","1543 W OHIO ST, INDIANAPOLIS, IN, 46222","-86.188149963033,39.769603753575","107988016","L"
"677","4230 HULL ST, INDIANAPOLIS, IN, 46226","Match","Exact","4230 HULL ST, INDIANAPOLIS, IN, 46226","-86.032094932635,39.834507390506","108052538","L"
"798","1050 W 52ND ST, INDIANAPOLIS, IN, 46228","Match","Exact","1050 W 52ND ST, INDIANAPOLIS, IN, 46228","-86.180796167683,39.846657033568","108019760","R"
"557","3590 LAFAYETTE RD, INDIANAPOLIS, IN, 46222","Match","Exact","3590 LAFAYETTE RD, INDIANAPOLIS, IN, 46222","-86.231545383199,39.820421617541","107978856","L"
"678","3815 N SHADELAND AVE, INDIANAPOLIS, IN, 46226","Match","Exact","3815 N SHADELAND AVE, INDIANAPOLIS, IN, 46226","-86.045809870084,39.826021010525","108002108","R"
"799","5106 MICHIGAN RD, INDIANAPOLIS, IN, 46228","Match","Exact","5106 MICHIGAN RD, INDIANAPOLIS, IN, 46228","-86.190441626362,39.84462391694","107982570","L"
"558","3619 COMMERCIAL DR, INDIANAPOLIS, IN, 46222","Match","Exact","3619 COMMERCIAL DR, INDIANAPOLIS, IN, 46222","-86.228402968122,39.821066114117","108035029","R"
"679","6945 PENDLETON PIKE, INDIANAPOLIS, IN, 46226","Match","Exact","6945 PENDLETON PIKE, INDIANAPOLIS, IN, 46226","-86.046751927598,39.826835636663","108002107","R"
"559","2603 W WASHINGTON ST, INDIANAPOLIS, IN, 46222","Match","Exact","2603 W WASHINGTON ST, INDIANAPOLIS, IN, 46222","-86.204195884543,39.765451768146","107987377","L"
"680","3640 N POST RD, INDIANAPOLIS, IN, 46226","Match","Exact","3640 N POST RD, INDIANAPOLIS, IN, 46226","-86.009949852152,39.822498123628","652689143","L"
"560","3409 W MICHIGAN ST, INDIANAPOLIS, IN, 46222","Match","Exact","3409 W MICHIGAN ST, INDIANAPOLIS, IN, 46222","-86.216468500484,39.773939958371","107987046","L"
"681","6140 MASSACHUSETTS AVE, INDIANAPOLIS, IN, 46226","Match","Exact","6140 MASSACHUSETTS AVE, INDIANAPOLIS, IN, 46226","-86.06249831864,39.819453735291","108002017","L"
"561","1437 EVERETT ST, INDIANAPOLIS, IN, 46222","Match","Exact","1437 EVERETT ST, INDIANAPOLIS, IN, 46222","-86.186915494866,39.769171625528","107988037","L"
"682","5155 N SHADELAND AVE, INDIANAPOLIS, IN, 46226","Match","Exact","5155 N SHADELAND AVE, INDIANAPOLIS, IN, 46226","-86.046083980624,39.84670759265","107997580","R"
"562","3977 W 10TH ST, INDIANAPOLIS, IN, 46222","Match","Exact","3977 W 10TH ST, INDIANAPOLIS, IN, 46222","-86.227758567497,39.780266980683","107980346","L"
"683","4800 E VAN CLEAVE ST, INDIANAPOLIS, IN, 46226","Match","Non_Exact","4800 VAN CLEAVE ST, INDIANAPOLIS, IN, 46226","-86.021938721305,39.842346739989","107998184","L"
"563","3708 COMMERCIAL DR, INDIANAPOLIS, IN, 46222","Match","Exact","3708 COMMERCIAL DR, INDIANAPOLIS, IN, 46222","-86.229600787983,39.822991876557","641418066","L"
"684","4753 N FRANKLIN RD, INDIANAPOLIS, IN, 46226","Match","Exact","4753 N FRANKLIN RD, INDIANAPOLIS, IN, 46226","-86.027101536153,39.842754312286","640801136","R"
"564","3651 COMMERCIAL DR, INDIANAPOLIS, IN, 46222","Match","Exact","3651 COMMERCIAL DR, INDIANAPOLIS, IN, 46222","-86.228430319196,39.822015511731","108035029","R"
"685","8220 E 47TH ST, INDIANAPOLIS, IN, 46226","Match","Exact","8220 E 47TH ST, INDIANAPOLIS, IN, 46226","-86.023128462723,39.841813808489","107998185","L"
"565","3145 W WASHINGTON ST, INDIANAPOLIS, IN, 46222","Match","Exact","3145 W WASHINGTON ST, INDIANAPOLIS, IN, 46222","-86.211259100407,39.764748475806","645039998","L"
"686","4015 VILLARD AVE, INDIANAPOLIS, IN, 46226","Match","Exact","4015 VILLARD AVE, INDIANAPOLIS, IN, 46226","-86.047262656501,39.830845721128","108002097","R"
"566","3904 ROCKVILLE RD, INDIANAPOLIS, IN, 46222","Match","Exact","3904 ROCKVILLE RD, INDIANAPOLIS, IN, 46222","-86.229353401325,39.76295272543","636516464","R"
"687","4327 SELLERS ST, INDIANAPOLIS, IN, 46226","Match","Exact","4327 SELLERS ST, INDIANAPOLIS, IN, 46226","-86.033780030742,39.834581833803","640820287","R"
"567","3347 W 10TH ST, INDIANAPOLIS, IN, 46222","Match","Exact","3347 W 10TH ST, INDIANAPOLIS, IN, 46222","-86.214906375918,39.780493335658","639127501","L"
"688","8851 PENDLETON PIKE, INDIANAPOLIS, IN, 46226","Match","Exact","8851 PENDLETON PIKE, INDIANAPOLIS, IN, 46226","-86.013114508654,39.843015482014","108011428","R"
"568","3115 W 16TH ST, INDIANAPOLIS, IN, 46222","Match","Exact","3115 W 16TH ST, INDIANAPOLIS, IN, 46222","-86.211537757344,39.787813001569","108026623","L"
"689","7608 PENDLETON PIKE, INDIANAPOLIS, IN, 46226","Match","Exact","7608 PENDLETON PIKE, INDIANAPOLIS, IN, 46226","-86.032900470333,39.833644258412","107998050","L"
"569","1152 N WHITE RIVER PKWY DR W, INDIANAPOLIS, IN, 46222","Match","Non_Exact","1152 N WHITE RIVER PKWY W DR, INDIANAPOLIS, IN, 46222","-86.189163333138,39.782713401935","107986688","L"
"690","8510 PENDLETON PIKE, INDIANAPOLIS, IN, 46226","Match","Exact","8510 PENDLETON PIKE, INDIANAPOLIS, IN, 46226","-86.018201696557,39.840695369584","107998201","L"
"570","1910 LAFAYETTE RD, INDIANAPOLIS, IN, 46222","Match","Exact","1910 LAFAYETTE RD, INDIANAPOLIS, IN, 46222","-86.202679198097,39.79235928312","107986079","L"
"691","6170 MASSACHUSETTS AVE, INDIANAPOLIS, IN, 46226","Match","Exact","6170 MASSACHUSETTS AVE, INDIANAPOLIS, IN, 46226","-86.062028792139,39.819675128354","108002017","L"
"571","2835 LAFAYETTE RD, INDIANAPOLIS, IN, 46222","Match","Exact","2835 LAFAYETTE RD, INDIANAPOLIS, IN, 46222","-86.217456701281,39.806601950109","640845355","R"
"692","4455 N FRANKLIN RD, INDIANAPOLIS, IN, 46226","Match","Exact","4455 N FRANKLIN RD, INDIANAPOLIS, IN, 46226","-86.027054932701,39.838784035516","107998156","R"
"572","3520 GUION RD, INDIANAPOLIS, IN, 46222","Match","Exact","3520 GUION RD, INDIANAPOLIS, IN, 46222","-86.221041674965,39.819100464824","108017097","L"
"693","4730 VAN CLEAVE ST, INDIANAPOLIS, IN, 46226","Match","Exact","4730 VAN CLEAVE ST, INDIANAPOLIS, IN, 46226","-86.021930451135,39.841981037019","107998184","L"
"573","247 N ELDER AVE, INDIANAPOLIS, IN, 46222","Match","Exact","247 N ELDER AVE, INDIANAPOLIS, IN, 46222","-86.193724756415,39.770810020951","107987832","R"
"694","6004 MASSACHUSETTS AVE, INDIANAPOLIS, IN, 46226","Match","Exact","6004 MASSACHUSETTS AVE, INDIANAPOLIS, IN, 46226","-86.064614966892,39.818439763919","108002017","L"
"574","362 N TIBBS AVE, INDIANAPOLIS, IN, 46222","Match","Exact","362 N TIBBS AVE, INDIANAPOLIS, IN, 46222","-86.216202893022,39.770852920132","108022776","L"
"695","6270 MASSACHUSETTS AVE, INDIANAPOLIS, IN, 46226","Match","Exact","6270 MASSACHUSETTS AVE, INDIANAPOLIS, IN, 46226","-86.060471182277,39.820418392639","108002017","L"
"575","2625 W WASHINGTON ST, INDIANAPOLIS, IN, 46222","Match","Exact","2625 W WASHINGTON ST, INDIANAPOLIS, IN, 46222","-86.204431633843,39.765428552796","107987377","L"
"696","4830 N POST RD, INDIANAPOLIS, IN, 46226","Match","Exact","4830 N POST RD, INDIANAPOLIS, IN, 46226","-86.010302258852,39.843245019259","652688728","L"
"576","1530 W MARKET ST, INDIANAPOLIS, IN, 46222","Match","Exact","1530 W MARKET ST, INDIANAPOLIS, IN, 46222","-86.188586957763,39.768430687276","108047589","R"
"697","8016 E 46TH ST, INDIANAPOLIS, IN, 46226","Match","Exact","8016 E 46TH ST, INDIANAPOLIS, IN, 46226","-86.026762850853,39.840624916819","107998141","L"
"577","2610 N HIGH SCHOOL RD, INDIANAPOLIS, IN, 46224","Match","Exact","2610 N HIGH SCHOOL RD, INDIANAPOLIS, IN, 46224","-86.269975455848,39.803456149118","107978307","L"
"698","8030 E 46TH ST, INDIANAPOLIS, IN, 46226","Match","Exact","8030 E 46TH ST, INDIANAPOLIS, IN, 46226","-86.026484457305,39.840626774246","107998141","L"
"578","2512 FOUNDERS SQUARE DR, INDIANAPOLIS, IN, 46224","No_Match"
"699","7612 PENDLETON PIKE, INDIANAPOLIS, IN, 46226","Match","Exact","7612 PENDLETON PIKE, INDIANAPOLIS, IN, 46226","-86.032852127477,39.833667414519","107998050","L"
"579","4922 W 10TH ST, INDIANAPOLIS, IN, 46224","Match","Exact","4922 W 10TH ST, INDIANAPOLIS, IN, 46224","-86.241716398433,39.780165787663","107980153","R"
"580","1630 GEORGETOWN RD, INDIANAPOLIS, IN, 46224","Match","Exact","1630 GEORGETOWN RD, INDIANAPOLIS, IN, 46224","-86.239601077775,39.787895692878","107979114","L"
"581","5225 W 10TH ST, INDIANAPOLIS, IN, 46224","Match","Exact","5225 W 10TH ST, INDIANAPOLIS, IN, 46224","-86.249170521131,39.779932324625","107979533","L"
"582","4922 W 16TH ST, INDIANAPOLIS, IN, 46224","Match","Exact","4922 W 16TH ST, INDIANAPOLIS, IN, 46224","-86.242182694382,39.787444022625","646716850","R"
"583","1445 N HIGH SCHOOL RD, INDIANAPOLIS, IN, 46224","Match","Non_Exact","1445 HIGH SCHOOL RD, INDIANAPOLIS, IN, 46224","-86.268538937631,39.785520270581","107978403","R"
"584","2490 GEORGETOWN RD, INDIANAPOLIS, IN, 46224","Match","Exact","2490 GEORGETOWN RD, INDIANAPOLIS, IN, 46224","-86.239827328289,39.801866515463","641576544","L"
"585","6121 CRAWFORDSVILLE RD, INDIANAPOLIS, IN, 46224","Match","Exact","6121 CRAWFORDSVILLE RD, INDIANAPOLIS, IN, 46224","-86.267556867757,39.800066410125","640819645","L"
"586","3410 GEORGETOWN RD, INDIANAPOLIS, IN, 46224","Match","Exact","3410 GEORGETOWN RD, INDIANAPOLIS, IN, 46224","-86.24004299976,39.816882869804","107978781","L"
"587","755 BEACHWAY DR, INDIANAPOLIS, IN, 46224","Match","Exact","755 BEACHWAY DR, INDIANAPOLIS, IN, 46224","-86.269444758226,39.777220741828","640810633","R"
"588","3700 N HIGH SCHOOL RD, INDIANAPOLIS, IN, 46224","Match","Exact","3700 N HIGH SCHOOL RD, INDIANAPOLIS, IN, 46224","-86.270327593555,39.821623524225","107977912","L"
"589","4908 W 34TH ST, INDIANAPOLIS, IN, 46224","Match","Exact","4908 W 34TH ST, INDIANAPOLIS, IN, 46224","-86.242077417003,39.816699640002","107978727","R"
"590","5250 W 16TH ST, INDIANAPOLIS, IN, 46224","Match","Exact","5250 W 16TH ST, INDIANAPOLIS, IN, 46224","-86.250007848957,39.787339965721","107978628","R"
"591","5310 W 10TH ST, INDIANAPOLIS, IN, 46224","Match","Exact","5310 W 10TH ST, INDIANAPOLIS, IN, 46224","-86.250929381016,39.780020071117","107979500","R"
"592","1652 GEORGETOWN RD, INDIANAPOLIS, IN, 46224","Match","Exact","1652 GEORGETOWN RD, INDIANAPOLIS, IN, 46224","-86.239603303783,39.788169783547","107979114","L"
"593","5135 W 10TH ST, INDIANAPOLIS, IN, 46224","Match","Exact","5135 W 10TH ST, INDIANAPOLIS, IN, 46224","-86.246983960767,39.779963816617","107979544","L"
"594","6023 W 10TH ST, INDIANAPOLIS, IN, 46224","Match","Non_Exact","6023 10TH ST, INDIANAPOLIS, IN, 46224","-86.264494648384,39.779524629045","640810635","L"
"595","5748 CRAWFORDSVILLE RD, INDIANAPOLIS, IN, 46224","Match","Exact","5748 CRAWFORDSVILLE RD, INDIANAPOLIS, IN, 46224","-86.260328752375,39.795781145915","657852056","R"
"596","1818 GEORGETOWN RD, INDIANAPOLIS, IN, 46224","Match","Exact","1818 GEORGETOWN RD, INDIANAPOLIS, IN, 46224","-86.23962728466,39.790237654482","107979114","L"
"597","641 N LYNHURST DR, INDIANAPOLIS, IN, 46224","Match","Exact","641 N LYNHURST DR, INDIANAPOLIS, IN, 46224","-86.25042286358,39.774646743345","108040602","R"
"598","1714 GEORGETOWN RD, INDIANAPOLIS, IN, 46224","Match","Exact","1714 GEORGETOWN RD, INDIANAPOLIS, IN, 46224","-86.239610211073,39.788941994323","107979114","L"
"599","5025 W 37TH ST, INDIANAPOLIS, IN, 46224","Match","Exact","5025 W 37TH ST, INDIANAPOLIS, IN, 46224","-86.244394915392,39.822290348445","108044717","L"
"900","8516 W WASHINGTON ST, INDIANAPOLIS, IN, 46231","Match","Exact","8516 W WASHINGTON ST, INDIANAPOLIS, IN, 46231","-86.311749240854,39.733934646389","107977324","R"
"901","8350 W WASHINGTON ST, INDIANAPOLIS, IN, 46231","Match","Exact","8350 W WASHINGTON ST, INDIANAPOLIS, IN, 46231","-86.308891705171,39.73482113018","107977358","R"
"902","8752 W WASHINGTON ST, INDIANAPOLIS, IN, 46231","Match","Exact","8752 W WASHINGTON ST, INDIANAPOLIS, IN, 46231","-86.315765602073,39.732681781428","107977321","R"
"903","9201 ROCKVILLE RD, INDIANAPOLIS, IN, 46231","Match","Non_Exact","9201 ROCKVILLE RD, INDIANAPOLIS, IN, 46234","-86.324663201272,39.763655274406","108070305","R"
"904","9201 W WASHINGTON ST, INDIANAPOLIS, IN, 46231","Match","Exact","9201 W WASHINGTON ST, INDIANAPOLIS, IN, 46231","-86.324045852986,39.730090056884","108004035","L"
"905","8225 W WASHINGTON ST, INDIANAPOLIS, IN, 46231","Match","Exact","8225 W WASHINGTON ST, INDIANAPOLIS, IN, 46231","-86.306003909232,39.735586511348","107977372","L"
"906","8009 W WASHINGTON ST, INDIANAPOLIS, IN, 46231","Match","Exact","8009 W WASHINGTON ST, INDIANAPOLIS, IN, 46231","-86.302662056633,39.736621133665","107977372","L"

"1220","6360 E 82ND ST, INDIANAPOLIS, IN, 46250","Match","Exact","6360 E 82ND ST, INDIANAPOLIS, IN, 46250","-86.058443038766,39.905386920463","107996477","L"
"1341","8136 E SOUTHPORT RD, INDIANAPOLIS, IN, 46259","Match","Exact","8136 E SOUTHPORT RD, INDIANAPOLIS, IN, 46259","-86.022719892873,39.666819994431","108055819","L"
"1462","5840 W 86TH ST, INDIANAPOLIS, IN, 46278","Match","Exact","5840 W 86TH ST, INDIANAPOLIS, IN, 46278","-86.262945515776,39.910750669277","657868894","R"
"1340","7638 ACTON RD, INDIANAPOLIS, IN, 46259","Match","Exact","7638 ACTON RD, INDIANAPOLIS, IN, 46259","-85.971063740769,39.658509790315","108013973","R"
"1461","7550 ZIONSVILLE RD, INDIANAPOLIS, IN, 46278","Match","Non_Exact","7550 ZIONSVILLE RD, INDIANAPOLIS, IN, 46268","-86.259892839665,39.888397395303","108025194","L"
"1460","7330 WOODLAND DR, INDIANAPOLIS, IN, 46278","Match","Exact","7330 WOODLAND DR, INDIANAPOLIS, IN, 46278","-86.266995397107,39.885621874924","644405004","R"
"1217","7011 E 86TH ST, INDIANAPOLIS, IN, 46250","Match","Exact","7011 E 86TH ST, INDIANAPOLIS, IN, 46250","-86.045394192982,39.912464503591","108024500","R"
"1338","7721 SWAILS ST, INDIANAPOLIS, IN, 46259","Match","Exact","7721 SWAILS ST, INDIANAPOLIS, IN, 46259","-85.968022372778,39.656419862355","108013992","L"
"1459","5745 W 86TH ST, INDIANAPOLIS, IN, 46278","Match","Exact","5745 W 86TH ST, INDIANAPOLIS, IN, 46278","-86.262128234362,39.910645977555","657868894","L"
"1216","8062 CASTLETON RD, INDIANAPOLIS, IN, 46250","Match","Exact","8062 CASTLETON RD, INDIANAPOLIS, IN, 46250","-86.050757501362,39.901914088077","108068709","L"
"1337","8120 E SOUTHPORT RD, INDIANAPOLIS, IN, 46259","Match","Exact","8120 E SOUTHPORT RD, INDIANAPOLIS, IN, 46259","-86.023104201682,39.66681357352","108055818","L"
"1458","7230 WOODLAND DR, INDIANAPOLIS, IN, 46278","Match","Exact","7230 WOODLAND DR, INDIANAPOLIS, IN, 46278","-86.266227553807,39.883740148911","108067919","L"
"1215","7031 E 86TH ST, INDIANAPOLIS, IN, 46250","Match","Exact","7031 E 86TH ST, INDIANAPOLIS, IN, 46250","-86.043786181482,39.912458055321","108047961","R"
"1336","8130 E SOUTHPORT RD, INDIANAPOLIS, IN, 46259","Match","Exact","8130 E SOUTHPORT RD, INDIANAPOLIS, IN, 46259","-86.022813073179,39.666818480782","108055819","L"
"1457","6220 DIGITAL WAY, INDIANAPOLIS, IN, 46278","Match","Exact","6220 DIGITAL WAY, INDIANAPOLIS, IN, 46278","-86.270070643787,39.87861318139","640818427","R"
"1214","9658 ALLISONVILLE RD, INDIANAPOLIS, IN, 46250","Match","Exact","9658 ALLISONVILLE RD, INDIANAPOLIS, IN, 46250","-86.065014734341,39.927961269116","29308265","L"
"1335","6925 S FRANKLIN RD, INDIANAPOLIS, IN, 46259","Match","Exact","6925 S FRANKLIN RD, INDIANAPOLIS, IN, 46259","-86.018505020231,39.668118491052","108069245","L"
"1456","7731 TRADERS LN, INDIANAPOLIS, IN, 46278","Match","Exact","7731 TRADERS LN, INDIANAPOLIS, IN, 46278","-86.302200589867,39.891833867003","108041113","R"
"1213","7020 E 96TH ST, INDIANAPOLIS, IN, 46250","No_Match"
"1334","11210 E MC GREGOR RD, INDIANAPOLIS, IN, 46259","Match","Non_Exact","11210 MC GREGOR RD, INDIANAPOLIS, IN, 46259","-85.966691465606,39.657389291902","108013999","L"
"1455","7750 ZIONSVILLE RD, INDIANAPOLIS, IN, 46278","Match","Non_Exact","7750 ZIONSVILLE RD, INDIANAPOLIS, IN, 46268","-86.259923420198,39.892540546332","657880263","L"
"1212","9624 ALLISONVILLE RD, INDIANAPOLIS, IN, 46250","Match","Exact","9624 ALLISONVILLE RD, INDIANAPOLIS, IN, 46250","-86.065682409041,39.927457587986","29308265","L"
"1333","6225 S FRANKLIN RD, INDIANAPOLIS, IN, 46259","Match","Exact","6225 S FRANKLIN RD, INDIANAPOLIS, IN, 46259","-86.018542343057,39.678513148414","655648339","L"
"1454","5915 LAKESIDE BLVD, INDIANAPOLIS, IN, 46278","Match","Exact","5915 LAKESIDE BLVD, INDIANAPOLIS, IN, 46278","-86.265463737936,39.876714684125","657880409","L"
"1211","9650 ALLISONVILLE RD, INDIANAPOLIS, IN, 46250","Match","Exact","9650 ALLISONVILLE RD, INDIANAPOLIS, IN, 46250","-86.0651769502,39.927845457627","29308265","L"
"1332","8325 E SOUTHPORT RD, INDIANAPOLIS, IN, 46259","Match","Exact","8325 E SOUTHPORT RD, INDIANAPOLIS, IN, 46259","-86.019696834681,39.666754484941","108055819","R"
"1453","7010 INTECH BLVD, INDIANAPOLIS, IN, 46278","Match","Exact","7010 INTECH BLVD, INDIANAPOLIS, IN, 46278","-86.274115633574,39.880352552482","108058423","L"
"1210","9646 ALLISONVILLE RD, INDIANAPOLIS, IN, 46250","Match","Exact","9646 ALLISONVILLE RD, INDIANAPOLIS, IN, 46250","-86.065254633007,39.927786314146","29308265","L"
"1331","11206 E MC GREGOR RD, INDIANAPOLIS, IN, 46259","Match","Non_Exact","11206 MC GREGOR RD, INDIANAPOLIS, IN, 46259","-85.966766982073,39.657387694164","108013999","L"
"1452","5750 W 86TH ST, INDIANAPOLIS, IN, 46278","Match","Exact","5750 W 86TH ST, INDIANAPOLIS, IN, 46278","-86.261818271164,39.91076111003","657868894","R"
"1219","5410 E 86TH ST, INDIANAPOLIS, IN, 46250","Match","Exact","5410 E 86TH ST, INDIANAPOLIS, IN, 46250","-86.075661514392,39.912446973578","657871518","R"
"1218","5641 E 86TH ST, INDIANAPOLIS, IN, 46250","Match","Exact","5641 E 86TH ST, INDIANAPOLIS, IN, 46250","-86.071263305252,39.912348153988","108024610","R"
"1339","8148 E SOUTHPORT RD, INDIANAPOLIS, IN, 46259","Match","Exact","8148 E SOUTHPORT RD, INDIANAPOLIS, IN, 46259","-86.022533532261,39.666823021728","108055819","L"
"1110","3416 S POST RD, INDIANAPOLIS, IN, 46239","Match","Exact","3416 S POST RD, INDIANAPOLIS, IN, 46239","-86.008491978307,39.719890182156","657828259","R"
"1231","8181 N SHADELAND AVE, INDIANAPOLIS, IN, 46250","Match","Exact","8181 N SHADELAND AVE, INDIANAPOLIS, IN, 46250","-86.043333449854,39.904770138269","639512580","R"
"1352","9294 N MERIDIAN ST, INDIANAPOLIS, IN, 46260","Match","Exact","9294 N MERIDIAN ST, INDIANAPOLIS, IN, 46260","-86.158000287,39.922662304479","108028851","L"
"1473","10550 JESSUP BLVD, INDIANAPOLIS, IN, 46280","Match","Exact","10550 JESSUP BLVD, INDIANAPOLIS, IN, 46280","-86.14468754533,39.940979926328","29294349","R"
"1230","7045 E 96TH ST, INDIANAPOLIS, IN, 46250","Match","Exact","7045 E 96TH ST, INDIANAPOLIS, IN, 46250","-86.045340571222,39.926996714995","642879970","R"
"1351","1851 W 86TH ST, INDIANAPOLIS, IN, 46260","Match","Exact","1851 W 86TH ST, INDIANAPOLIS, IN, 46260","-86.191898585166,39.912036328604","107981251","L"
"1472","6625 NETWORK WAY, INDIANAPOLIS, IN, 46278","Match","Exact","6625 NETWORK WAY, INDIANAPOLIS, IN, 46278","-86.277298063241,39.876428820984","640818543","L"
"1350","9005 N MERIDIAN ST, INDIANAPOLIS, IN, 46260","Match","Exact","9005 N MERIDIAN ST, INDIANAPOLIS, IN, 46260","-86.157847318525,39.918509693727","108028839","R"
"1471","8602 LAFAYETTE RD, INDIANAPOLIS, IN, 46278","Match","Exact","8602 LAFAYETTE RD, INDIANAPOLIS, IN, 46278","-86.312182417642,39.910526410732","624274593","L"
"1470","7820 INNOVATION BLVD, INDIANAPOLIS, IN, 46278","Match","Exact","7820 INNOVATION BLVD, INDIANAPOLIS, IN, 46278","-86.268261669587,39.891546400409","640845956","R"
"1107","7735 BROOKVILLE RD, INDIANAPOLIS, IN, 46239","Match","Exact","7735 BROOKVILLE RD, INDIANAPOLIS, IN, 46239","-86.02972272855,39.75060171382","640816960","R"
"1228","5505 CASTLETON CORNER LN, INDIANAPOLIS, IN, 46250","Match","Exact","5505 CASTLETON CORNER LN, INDIANAPOLIS, IN, 46250","-86.072607814105,39.911183052212","108024612","R"
"1349","2330 WESTLANE RD, INDIANAPOLIS, IN, 46260","No_Match"
"1106","8711 SOUTHEASTERN AVE, INDIANAPOLIS, IN, 46239","Match","Exact","8711 SOUTHEASTERN AVE, INDIANAPOLIS, IN, 46239","-86.012238933576,39.705867909474","108013667","R"
"1227","6411 E 82ND ST, INDIANAPOLIS, IN, 46250","Match","Exact","6411 E 82ND ST, INDIANAPOLIS, IN, 46250","-86.057238771178,39.905277222366","108068049","R"
"1348","25 W 96TH ST, INDIANAPOLIS, IN, 46260","Match","Exact","25 W 96TH ST, INDIANAPOLIS, IN, 46260","-86.159482457561,39.926916130453","640845190","L"
"1469","6233 CORPORATE DR, INDIANAPOLIS, IN, 46278","Match","Exact","6233 CORPORATE DR, INDIANAPOLIS, IN, 46278","-86.265785580553,39.867881221886","108043387","L"
"1105","5646 MUTUAL LN, INDIANAPOLIS, IN, 46239","Match","Non_Exact","5646 MUTUAL PL, INDIANAPOLIS, IN, 46239","-86.019204869972,39.686853759862","640855766","R"
"1226","7315 E 96TH ST, INDIANAPOLIS, IN, 46250","Match","Exact","7315 E 96TH ST, INDIANAPOLIS, IN, 46250","-86.040182608871,39.927004353616","642879970","R"
"1347","1717 W 86TH ST, INDIANAPOLIS, IN, 46260","Match","Exact","1717 W 86TH ST, INDIANAPOLIS, IN, 46260","-86.190139189935,39.912063888365","107981251","L"
"1468","6099 CORPORATE WAY, INDIANAPOLIS, IN, 46278","Match","Exact","6099 CORPORATE WAY, INDIANAPOLIS, IN, 46278","-86.266785887996,39.872853799875","640859247","L"
"1104","8800 BROOKVILLE RD, INDIANAPOLIS, IN, 46239","Match","Exact","8800 BROOKVILLE RD, INDIANAPOLIS, IN, 46239","-86.012172262587,39.746986024362","108004023","L"
"1225","7271 N SHADELAND AVE, INDIANAPOLIS, IN, 46250","Match","Exact","7271 N SHADELAND AVE, INDIANAPOLIS, IN, 46250","-86.046016493857,39.887173771665","107996735","R"
"1346","250 W 96TH ST, INDIANAPOLIS, IN, 46260","Match","Exact","250 W 96TH ST, INDIANAPOLIS, IN, 46260","-86.162046346186,39.927001444235","29296487","R"
"1467","7635 INTERACTIVE WAY, INDIANAPOLIS, IN, 46278","No_Match"
"1103","8900 SOUTHEASTERN AVE, INDIANAPOLIS, IN, 46239","Match","Exact","8900 SOUTHEASTERN AVE, INDIANAPOLIS, IN, 46239","-86.00953160628,39.704426824558","108013720","L"
"1224","6626 E 75TH ST, INDIANAPOLIS, IN, 46250","Match","Exact","6626 E 75TH ST, INDIANAPOLIS, IN, 46250","-86.052466889827,39.890748291981","107996569","L"
"1345","150 W 96TH ST, INDIANAPOLIS, IN, 46260","Match","Exact","150 W 96TH ST, INDIANAPOLIS, IN, 46260","-86.159679945861,39.92702878872","640845190","R"
"1466","7217 WOODLAND DR, INDIANAPOLIS, IN, 46278","Match","Exact","7217 WOODLAND DR, INDIANAPOLIS, IN, 46278","-86.265922537815,39.883611150928","108067919","R"
"1102","8505 SOUTHEASTERN AVE, INDIANAPOLIS, IN, 46239","Match","Exact","8505 SOUTHEASTERN AVE, INDIANAPOLIS, IN, 46239","-86.016003466321,39.708043546506","108045260","R"
"1223","8302 CASTLETON CORNER DR, INDIANAPOLIS, IN, 46250","Match","Exact","8302 CASTLETON CORNER DR, INDIANAPOLIS, IN, 46250","-86.071230063438,39.908460040517","108068039","R"
"1344","2150 W 96TH ST, INDIANAPOLIS, IN, 46260","Match","Exact","2150 W 96TH ST, INDIANAPOLIS, IN, 46260","-86.199715047098,39.926717133846","649701300","R"
"1465","5860 W 73RD ST, INDIANAPOLIS, IN, 46278","Match","Exact","5860 W 73RD ST, INDIANAPOLIS, IN, 46278","-86.263507066881,39.884944677579","108067909","R"
"1101","5002 FIVE POINTS RD, INDIANAPOLIS, IN, 46239","Match","Non_Exact","5002 N FIVE POINTS RD, INDIANAPOLIS, IN, 46239","-86.044635265388,39.69528798562","627801245","R"
"1222","6715 E 82ND ST, INDIANAPOLIS, IN, 46250","Match","Exact","6715 E 82ND ST, INDIANAPOLIS, IN, 46250","-86.051221464334,39.905149554532","657843745","R"
"1343","100 W 96TH ST, INDIANAPOLIS, IN, 46260","Match","Exact","100 W 96TH ST, INDIANAPOLIS, IN, 46260","-86.159147736027,39.92703442025","647248003","R"
"1464","7440 WOODLAND DR, INDIANAPOLIS, IN, 46278","Match","Exact","7440 WOODLAND DR, INDIANAPOLIS, IN, 46278","-86.265608631954,39.889597123535","657833583","R"
"1100","3216 S POST RD, INDIANAPOLIS, IN, 46239","Match","Exact","3216 S POST RD, INDIANAPOLIS, IN, 46239","-86.008562610329,39.722606715145","657828259","R"
"1221","6804 E 82ND ST, INDIANAPOLIS, IN, 46250","Match","Exact","6804 E 82ND ST, INDIANAPOLIS, IN, 46250","-86.049490988778,39.905254337298","108056592","L"
"1342","8144 E SOUTHPORT RD, INDIANAPOLIS, IN, 46259","Match","Exact","8144 E SOUTHPORT RD, INDIANAPOLIS, IN, 46259","-86.022595652465,39.666822012629","108055819","L"
"1463","6301 LAFAYETTE RD, INDIANAPOLIS, IN, 46278","Match","Exact","6301 LAFAYETTE RD, INDIANAPOLIS, IN, 46278","-86.278790099982,39.868687215825","108032240","R"
"1109","3110 S POST RD, INDIANAPOLIS, IN, 46239","Match","Exact","3110 S POST RD, INDIANAPOLIS, IN, 46239","-86.008600108692,39.724046479665","657828259","R"
"1108","8135 BROOKVILLE RD, INDIANAPOLIS, IN, 46239","Match","Exact","8135 BROOKVILLE RD, INDIANAPOLIS, IN, 46239","-86.02366325415,39.749318553358","108004023","R"
"1229","8032 CASTLEWAY CT W, INDIANAPOLIS, IN, 46250","Match","Exact","8032 CASTLEWAY CT W, INDIANAPOLIS, IN, 46250","-86.057168726049,39.901844118213","108024574","R"
"1121","507 S POST RD, INDIANAPOLIS, IN, 46239","Match","Exact","507 S POST RD, INDIANAPOLIS, IN, 46239","-86.008904369072,39.762014422116","108013228","L"
"1242","5111 W 38TH ST, INDIANAPOLIS, IN, 46254","Match","Exact","5111 W 38TH ST, INDIANAPOLIS, IN, 46254","-86.247243824,39.823767433866","641063493","L"
"1363","1180 W 86TH ST, INDIANAPOLIS, IN, 46260","Match","Exact","1180 W 86TH ST, INDIANAPOLIS, IN, 46260","-86.180295197098,39.91234146068","108049574","L"
"1484","9603 HAVERSTICK RD, INDIANAPOLIS, IN, 46280","Match","Exact","9603 HAVERSTICK RD, INDIANAPOLIS, IN, 46280","-86.117233823217,39.926986858536","29296598","L"
"1120","8640 BROOKVILLE RD, INDIANAPOLIS, IN, 46239","Match","Exact","8640 BROOKVILLE RD, INDIANAPOLIS, IN, 46239","-86.014923769303,39.74757154529","108004023","L"
"1241","4885 W 56TH ST, INDIANAPOLIS, IN, 46254","Match","Exact","4885 W 56TH ST, INDIANAPOLIS, IN, 46254","-86.243490512099,39.853177733841","108067925","L"
"1362","50 E 91ST ST, INDIANAPOLIS, IN, 46260","Match","Non_Exact","50 E 91ST ST, INDIANAPOLIS, IN, 46240","-86.157375399006,39.919744754879","657861668","L"
"1483","10603 N MERIDIAN ST, INDIANAPOLIS, IN, 46280","Match","Non_Exact","10603 N MERIDIAN ST, INDIANAPOLIS, IN, 46290","-86.157513664832,39.947218527479","648563751","R"
"1240","4860 W 57TH ST, INDIANAPOLIS, IN, 46254","Match","Exact","4860 W 57TH ST, INDIANAPOLIS, IN, 46254","-86.242679085373,39.856056190777","108068233","R"
"1361","1275 W 86TH ST, INDIANAPOLIS, IN, 46260","Match","Exact","1275 W 86TH ST, INDIANAPOLIS, IN, 46260","-86.182530829431,39.912188657131","107981387","L"
"1482","1328 E 111TH ST, INDIANAPOLIS, IN, 46280","Match","Exact","1328 E 111TH ST, INDIANAPOLIS, IN, 46280","-86.132499991215,39.949014386311","657629395","L"
"1360","9202 N MERIDIAN ST, INDIANAPOLIS, IN, 46260","Match","Exact","9202 N MERIDIAN ST, INDIANAPOLIS, IN, 46260","-86.157994886508,39.921277479401","108028851","L"
"1481","301 PENNSYLVANIA PKWY, INDIANAPOLIS, IN, 46280","Match","Exact","301 PENNSYLVANIA PKWY, INDIANAPOLIS, IN, 46280","-86.153226114,39.933393683843","657629017","L"
"1480","401 PENNSYLVANIA PKWY, INDIANAPOLIS, IN, 46280","Match","Exact","401 PENNSYLVANIA PKWY, INDIANAPOLIS, IN, 46280","-86.150893741675,39.932686989426","657629017","L"
"1118","7947 SOUTHEASTERN AVE, INDIANAPOLIS, IN, 46239","Match","Exact","7947 SOUTHEASTERN AVE, INDIANAPOLIS, IN, 46239","-86.02689430586,39.714305499956","640693912","R"
"1239","4619 LAFAYETTE RD, INDIANAPOLIS, IN, 46254","Match","Exact","4619 LAFAYETTE RD, INDIANAPOLIS, IN, 46254","-86.249072024393,39.838629349769","107976060","R"
"1117","750 S POST RD, INDIANAPOLIS, IN, 46239","Match","Exact","750 S POST RD, INDIANAPOLIS, IN, 46239","-86.009006866934,39.759085281169","108013228","R"
"1238","8115 KNUE RD, INDIANAPOLIS, IN, 46250","Match","Exact","8115 KNUE RD, INDIANAPOLIS, IN, 46250","-86.060099320841,39.903653898986","108024685","R"
"1359","9011 N MERIDIAN ST, INDIANAPOLIS, IN, 46260","Match","Exact","9011 N MERIDIAN ST, INDIANAPOLIS, IN, 46260","-86.157846829724,39.918581037308","108028839","R"
"1116","7086 SOUTHEASTERN AVE, INDIANAPOLIS, IN, 46239","Match","Exact","7086 SOUTHEASTERN AVE, INDIANAPOLIS, IN, 46239","-86.043203368975,39.723780422037","108010449","L"
"1237","7225 E 96TH ST, INDIANAPOLIS, IN, 46250","Match","Exact","7225 E 96TH ST, INDIANAPOLIS, IN, 46250","-86.041901929654,39.927001807409","642879970","R"
"1358","8414 NAAB RD, INDIANAPOLIS, IN, 46260","Match","Exact","8414 NAAB RD, INDIANAPOLIS, IN, 46260","-86.198439347888,39.908793621645","107981099","L"
"1479","31 INTERSTATE 465 E, INDIANAPOLIS, IN, 46280","No_Match"
"1115","8831 SOUTHEASTERN AVE, INDIANAPOLIS, IN, 46239","Match","Exact","8831 SOUTHEASTERN AVE, INDIANAPOLIS, IN, 46239","-86.010644092924,39.7049342112","108013667","R"
"1236","7165 E 96TH ST, INDIANAPOLIS, IN, 46250","Match","Exact","7165 E 96TH ST, INDIANAPOLIS, IN, 46250","-86.04304814351,39.927000109938","642879970","R"
"1357","2140 W 86TH ST, INDIANAPOLIS, IN, 46260","Match","Exact","2140 W 86TH ST, INDIANAPOLIS, IN, 46260","-86.198552292965,39.912062099808","108044731","R"
"1478","3021 E 98TH ST, INDIANAPOLIS, IN, 46280","Match","Exact","3021 E 98TH ST, INDIANAPOLIS, IN, 46280","-86.110724717099,39.930859096265","29296639","R"
"1114","8220 BROOKVILLE RD, INDIANAPOLIS, IN, 46239","Match","Exact","8220 BROOKVILLE RD, INDIANAPOLIS, IN, 46239","-86.022144545292,39.749113854353","108004023","L"
"1235","6360 CASTLEWAY CT, INDIANAPOLIS, IN, 46250","Match","Exact","6360 CASTLEWAY CT, INDIANAPOLIS, IN, 46250","-86.058393615338,39.902627412289","107996494","R"
"1356","1251 W 96TH ST, INDIANAPOLIS, IN, 46260","Match","Exact","1251 W 96TH ST, INDIANAPOLIS, IN, 46260","-86.181421629488,39.926764656711","29298213","L"
"1477","9601 COLLEGE AVE, INDIANAPOLIS, IN, 46280","Match","Non_Exact","9601 COLLEGE AVE N, INDIANAPOLIS, IN, 46280","-86.145808558181,39.927225488756","618462933","L"
"1113","7215 E THOMPSON RD, INDIANAPOLIS, IN, 46239","Match","Exact","7215 E THOMPSON RD, INDIANAPOLIS, IN, 46239","-86.040216097433,39.695436837362","609297788","R"
"1234","6701 E 82ND ST, INDIANAPOLIS, IN, 46250","Match","Exact","6701 E 82ND ST, INDIANAPOLIS, IN, 46250","-86.05150355658,39.905152639363","657843745","R"
"1355","2250 W 86TH ST, INDIANAPOLIS, IN, 46260","Match","Exact","2250 W 86TH ST, INDIANAPOLIS, IN, 46260","-86.200429624666,39.912038707622","108044731","R"
"1476","3077 E 98TH ST, INDIANAPOLIS, IN, 46280","Match","Exact","3077 E 98TH ST, INDIANAPOLIS, IN, 46280","-86.109340025152,39.930710593948","29296639","R"
"1112","3024 FIVE POINTS RD, INDIANAPOLIS, IN, 46239","Match","Non_Exact","3024 N FIVE POINTS RD, INDIANAPOLIS, IN, 46239","-86.044816459518,39.724187438678","108010448","R"
"1233","7157 E 96TH ST, INDIANAPOLIS, IN, 46250","Match","Exact","7157 E 96TH ST, INDIANAPOLIS, IN, 46250","-86.043200972024,39.926999883609","642879970","R"
"1354","9135 N MERIDIAN ST, INDIANAPOLIS, IN, 46260","Match","Exact","9135 N MERIDIAN ST, INDIANAPOLIS, IN, 46260","-86.157841482686,39.920254255769","108028851","R"
"1475","10689 PENNSYLVANIA ST, INDIANAPOLIS, IN, 46280","Match","Exact","10689 PENNSYLVANIA ST, INDIANAPOLIS, IN, 46280","-86.155511301983,39.942886145448","657629300","R"
"1111","3420 S POST RD, INDIANAPOLIS, IN, 46239","Match","Exact","3420 S POST RD, INDIANAPOLIS, IN, 46239","-86.008490570441,39.71983585131","657828259","R"
"1232","7227 E 96TH ST, INDIANAPOLIS, IN, 46250","Match","Exact","7227 E 96TH ST, INDIANAPOLIS, IN, 46250","-86.041863722526,39.927001863992","642879970","R"
"1353","1619 W 86TH ST, INDIANAPOLIS, IN, 46260","Match","Exact","1619 W 86TH ST, INDIANAPOLIS, IN, 46260","-86.187266674083,39.912111154619","107981320","L"
"1474","10825 COLLEGE AVE, INDIANAPOLIS, IN, 46280","Match","Non_Exact","10825 COLLEGE AVE N, INDIANAPOLIS, IN, 46280","-86.145850692912,39.944233342842","29294313","L"
"1119","7802 BROOKVILLE RD, INDIANAPOLIS, IN, 46239","Match","Exact","7802 BROOKVILLE RD, INDIANAPOLIS, IN, 46239","-86.030677078446,39.750920574736","640816960","L"
"1011","9535 PENDLETON PIKE, INDIANAPOLIS, IN, 46236","Match","Exact","9535 PENDLETON PIKE, INDIANAPOLIS, IN, 46236","-85.999834071202,39.849451168969","108035424","R"
"1132","2920 E 96TH ST, INDIANAPOLIS, IN, 46240","Match","Exact","2920 E 96TH ST, INDIANAPOLIS, IN, 46240","-86.115982427472,39.926957837975","29296617","L"
"1253","5813 PILGRIM DR, INDIANAPOLIS, IN, 46254","Match","Exact","5813 PILGRIM DR, INDIANAPOLIS, IN, 46254","-86.265151958447,39.85841372389","108070498","L"
"1374","8437 DITCH RD, INDIANAPOLIS, IN, 46260","Match","Exact","8437 DITCH RD, INDIANAPOLIS, IN, 46260","-86.183861762935,39.909292641608","609704337","R"
"1495","10435 PENNSYLVANIA ST, INDIANAPOLIS, IN, 46280","Match","Exact","10435 PENNSYLVANIA ST, INDIANAPOLIS, IN, 46280","-86.155457301191,39.939388928018","654695209","L"
"1010","9214 PENDLETON PIKE, INDIANAPOLIS, IN, 46236","Match","Exact","9214 PENDLETON PIKE, INDIANAPOLIS, IN, 46236","-86.005220282526,39.846877710873","108035716","L"
"1131","4164 E 96TH ST, INDIANAPOLIS, IN, 46240","Match","Exact","4164 E 96TH ST, INDIANAPOLIS, IN, 46240","-86.099252668222,39.926938947025","29311911","L"
"1252","3905 GEMCO LN, INDIANAPOLIS, IN, 46254","Match","Exact","3905 GEMCO LN, INDIANAPOLIS, IN, 46254","-86.245455439422,39.827037156192","107978659","R"
"1373","2350 WESTLANE RD, INDIANAPOLIS, IN, 46260","No_Match"
"1494","501 PENNSYLVANIA PKWY, INDIANAPOLIS, IN, 46280","Match","Exact","501 PENNSYLVANIA PKWY, INDIANAPOLIS, IN, 46280","-86.148334866818,39.932693946888","657629017","L"
"1130","4160 E 96TH ST, INDIANAPOLIS, IN, 46240","Match","Exact","4160 E 96TH ST, INDIANAPOLIS, IN, 46240","-86.099310858219,39.926939038336","29311911","L"
"1251","5430 LAFAYETTE RD, INDIANAPOLIS, IN, 46254","Match","Exact","5430 LAFAYETTE RD, INDIANAPOLIS, IN, 46254","-86.260348944512,39.849839000409","107975925","L"
"1372","2160 W 86TH ST, INDIANAPOLIS, IN, 46260","Match","Exact","2160 W 86TH ST, INDIANAPOLIS, IN, 46260","-86.198893626001,39.912057846683","108044731","R"
"1493","3091 E 98TH ST, INDIANAPOLIS, IN, 46280","Match","Exact","3091 E 98TH ST, INDIANAPOLIS, IN, 46280","-86.108993141587,39.930713456912","29296639","R"
"1250","5201 LAFAYETTE RD, INDIANAPOLIS, IN, 46254","Match","Exact","5201 LAFAYETTE RD, INDIANAPOLIS, IN, 46254","-86.256188474099,39.845804249566","107975925","R"
"1371","9450 N MERIDIAN ST, INDIANAPOLIS, IN, 46260","Match","Exact","9450 N MERIDIAN ST, INDIANAPOLIS, IN, 46260","-86.158109812794,39.92490374816","108028852","L"
"1492","10610 PENNSYLVANIA ST, INDIANAPOLIS, IN, 46280","Match","Exact","10610 PENNSYLVANIA ST, INDIANAPOLIS, IN, 46280","-86.155665191505,39.944658349872","657629300","L"
"1370","2254 W 86TH ST, INDIANAPOLIS, IN, 46260","Match","Exact","2254 W 86TH ST, INDIANAPOLIS, IN, 46260","-86.200497891273,39.912037856997","108044731","R"
"1491","9607 COLLEGE AVE, INDIANAPOLIS, IN, 46280","Match","Non_Exact","9607 COLLEGE AVE N, INDIANAPOLIS, IN, 46280","-86.145812050302,39.927978927837","618462933","L"
"1490","10300 ILLINOIS ST, INDIANAPOLIS, IN, 46280","Match","Non_Exact","10300 ILLINOIS ST, INDIANAPOLIS, IN, 46290","-86.160790784382,39.937728033269","648561658","L"
"1008","10015 PENDLETON PIKE, INDIANAPOLIS, IN, 46236","Match","Exact","10015 PENDLETON PIKE, INDIANAPOLIS, IN, 46236","-85.992341566202,39.853057044905","108011554","R"
"1129","3702 E 96TH ST, INDIANAPOLIS, IN, 46240","No_Match"
"1007","11110 PENDLETON PIKE, INDIANAPOLIS, IN, 46236","Match","Exact","11110 PENDLETON PIKE, INDIANAPOLIS, IN, 46236","-85.970660916714,39.863600717909","657883000","L"
"1128","4610 E 96TH ST, INDIANAPOLIS, IN, 46240","Match","Exact","4610 E 96TH ST, INDIANAPOLIS, IN, 46240","-86.093998251057,39.926940133697","29316809","L"
"1249","5255 W 38TH ST, INDIANAPOLIS, IN, 46254","Match","Exact","5255 W 38TH ST, INDIANAPOLIS, IN, 46254","-86.250528177778,39.823732560555","641063493","L"
"1006","9208 PENDLETON PIKE, INDIANAPOLIS, IN, 46236","Match","Exact","9208 PENDLETON PIKE, INDIANAPOLIS, IN, 46236","-86.005227517916,39.846874201193","108035716","L"
"1127","600 E 96TH ST, INDIANAPOLIS, IN, 46240","Match","Exact","600 E 96TH ST, INDIANAPOLIS, IN, 46240","-86.147448426913,39.927207159361","29296537","L"
"1248","5055 W 52ND ST, INDIANAPOLIS, IN, 46254","Match","Exact","5055 W 52ND ST, INDIANAPOLIS, IN, 46254","-86.247101534163,39.845796657195","108034347","L"
"1369","8722 N MERIDIAN ST, INDIANAPOLIS, IN, 46260","Match","Exact","8722 N MERIDIAN ST, INDIANAPOLIS, IN, 46260","-86.157998432949,39.914656756437","657871403","L"
"1005","9910 PENDLETON PIKE, INDIANAPOLIS, IN, 46236","Match","Exact","9910 PENDLETON PIKE, INDIANAPOLIS, IN, 46236","-85.992963165597,39.852895490491","108011554","L"
"1126","350 E 96TH ST, INDIANAPOLIS, IN, 46240","Match","Exact","350 E 96TH ST, INDIANAPOLIS, IN, 46240","-86.151906489963,39.927146757755","29342327","L"
"1247","4401 LAFAYETTE BLVD, INDIANAPOLIS, IN, 46254","Match","Exact","4401 LAFAYETTE BLVD, INDIANAPOLIS, IN, 46254","-86.250155094326,39.83558789206","107976061","L"
"1368","8181 HARCOURT RD, INDIANAPOLIS, IN, 46260","Match","Exact","8181 HARCOURT RD, INDIANAPOLIS, IN, 46260","-86.193433345333,39.904119085929","108019412","R"
"1489","10485 PENNSYLVANIA ST, INDIANAPOLIS, IN, 46280","Match","Exact","10485 PENNSYLVANIA ST, INDIANAPOLIS, IN, 46280","-86.155482051691,39.940062267374","654695209","L"
"1004","5029 DUSTIN DR, INDIANAPOLIS, IN, 46235","Match","Exact","5029 DUSTIN DR, INDIANAPOLIS, IN, 46235","-85.995478068111,39.846226273977","108011579","R"
"1125","1300 E 96TH ST, INDIANAPOLIS, IN, 46240","Match","Exact","1300 E 96TH ST, INDIANAPOLIS, IN, 46240","-86.138054578924,39.927138111142","647259786","L"
"1246","4511 LAFAYETTE RD, INDIANAPOLIS, IN, 46254","Match","Exact","4511 LAFAYETTE RD, INDIANAPOLIS, IN, 46254","-86.247218385992,39.836736797381","108044693","R"
"1367","9201 N MERIDIAN ST, INDIANAPOLIS, IN, 46260","Match","Exact","9201 N MERIDIAN ST, INDIANAPOLIS, IN, 46260","-86.157845356952,39.921247717238","108028851","R"
"1488","9745 RANDALL DR, INDIANAPOLIS, IN, 46280","Match","Exact","9745 RANDALL DR, INDIANAPOLIS, IN, 46280","-86.095757418809,39.928517681892","652682500","L"
"1003","10301 PENDLETON PIKE, INDIANAPOLIS, IN, 46235","Match","Non_Exact","10301 PENDLETON PIKE, INDIANAPOLIS, IN, 46236","-85.984459118914,39.856792093481","640951435","R"
"1124","8049 BROOKVILLE RD, INDIANAPOLIS, IN, 46239","Match","Exact","8049 BROOKVILLE RD, INDIANAPOLIS, IN, 46239","-86.025141710914,39.749635447971","108004023","R"
"1245","5035 W LAFAYETTE RD, INDIANAPOLIS, IN, 46254","Match","Non_Exact","5035 LAFAYETTE RD, INDIANAPOLIS, IN, 46254","-86.2541941438,39.843844612375","107976028","R"
"1366","2010 W 86TH ST, INDIANAPOLIS, IN, 46260","Match","Exact","2010 W 86TH ST, INDIANAPOLIS, IN, 46260","-86.196446967335,39.912090288381","107980955","R"
"1487","9765 RANDALL DR, INDIANAPOLIS, IN, 46280","Match","Exact","9765 RANDALL DR, INDIANAPOLIS, IN, 46280","-86.095755196948,39.929238008048","652682500","L"
"1002","5040 TRUMP DR, INDIANAPOLIS, IN, 46235","Match","Exact","5040 TRUMP DR, INDIANAPOLIS, IN, 46235","-85.99321404247,39.845539850182","108011607","L"
"1123","8801 SOUTHEASTERN AVE, INDIANAPOLIS, IN, 46239","Match","Exact","8801 SOUTHEASTERN AVE, INDIANAPOLIS, IN, 46239","-86.011042803087,39.705167635768","108013667","R"
"1244","4621 LAFAYETTE RD, INDIANAPOLIS, IN, 46254","Match","Exact","4621 LAFAYETTE RD, INDIANAPOLIS, IN, 46254","-86.249105191399,39.838663140617","107976060","R"
"1365","91 W 91ST ST, INDIANAPOLIS, IN, 46260","Match","Exact","91 W 91ST ST, INDIANAPOLIS, IN, 46260","-86.160176244352,39.919604335353","642170874","L"
"1486","201 PENNSYLVANIA PKWY, INDIANAPOLIS, IN, 46280","Match","Exact","201 PENNSYLVANIA PKWY, INDIANAPOLIS, IN, 46280","-86.155369026827,39.934165346102","657629017","L"
"1001","9769 CHERRY TREE LN, INDIANAPOLIS, IN, 46235","Match","Exact","9769 CHERRY TREE LN, INDIANAPOLIS, IN, 46235","-85.994973419024,39.842585555706","108011652","L"
"1122","5630 S FRANKLIN RD, INDIANAPOLIS, IN, 46239","Match","Exact","5630 S FRANKLIN RD, INDIANAPOLIS, IN, 46239","-86.018465203251,39.68650668727","640855765","R"
"1243","4620 W 56TH ST, INDIANAPOLIS, IN, 46254","Match","Exact","4620 W 56TH ST, INDIANAPOLIS, IN, 46254","-86.238546424595,39.85335014351","108017519","R"
"1364","8301 HARCOURT RD, INDIANAPOLIS, IN, 46260","Match","Exact","8301 HARCOURT RD, INDIANAPOLIS, IN, 46260","-86.193820568872,39.907091459324","107981430","R"
"1485","3105 E 98TH ST, INDIANAPOLIS, IN, 46280","Match","Exact","3105 E 98TH ST, INDIANAPOLIS, IN, 46280","-86.10861369095,39.930715706216","652682657","L"
"1009","10430 E 56TH ST, INDIANAPOLIS, IN, 46236","Match","Non_Exact","10430 E 56TH ST, INDIANAPOLIS, IN, 46235","-85.983176402902,39.855848033909","108055640","L"
"1022","10941 E 79TH ST, INDIANAPOLIS, IN, 46236","Match","Exact","10941 E 79TH ST, INDIANAPOLIS, IN, 46236","-85.974555852601,39.898216362641","108058041","R"
"1143","510 125 E 96TH ST, INDIANAPOLIS, IN, 46240","Match","Non_Exact","125 E 96TH ST, INDIANAPOLIS, IN, 46240","-86.154908896699,39.92699266597","29296515","R"
"1264","6401 WESTHAVEN DR, INDIANAPOLIS, IN, 46254","Match","Exact","6401 WESTHAVEN DR, INDIANAPOLIS, IN, 46254","-86.272172409065,39.82700648241","107976723","L"
"1385","849 W 96TH ST, INDIANAPOLIS, IN, 46260","Match","Exact","849 W 96TH ST, INDIANAPOLIS, IN, 46260","-86.17380834016,39.926841599092","642590236","L"
"1021","5835 SUNNYSIDE RD, INDIANAPOLIS, IN, 46236","Match","Non_Exact","5835 SUNNYSIDE RD, INDIANAPOLIS, IN, 46235","-85.972600085879,39.861226551532","108043959","R"
"1142","500 E 96TH ST, INDIANAPOLIS, IN, 46240","Match","Exact","500 E 96TH ST, INDIANAPOLIS, IN, 46240","-86.150824680157,39.927160594333","29342327","L"
"1263","4150 N HIGH SCHOOL RD, INDIANAPOLIS, IN, 46254","Match","Exact","4150 N HIGH SCHOOL RD, INDIANAPOLIS, IN, 46254","-86.27054118482,39.831081448511","108067939","L"
"1384","1225 W 86TH ST, INDIANAPOLIS, IN, 46260","Match","Exact","1225 W 86TH ST, INDIANAPOLIS, IN, 46260","-86.181982897122,39.912197802086","107981387","L"
"1020","10845 E 79TH ST, INDIANAPOLIS, IN, 46236","Match","Exact","10845 E 79TH ST, INDIANAPOLIS, IN, 46236","-85.975584038992,39.898205485526","108058041","R"
"1141","250 E 96TH ST, INDIANAPOLIS, IN, 46240","Match","Exact","250 E 96TH ST, INDIANAPOLIS, IN, 46240","-86.153111937672,39.927136494424","29296516","L"
"1262","5661 GUION RD, INDIANAPOLIS, IN, 46254","Match","Exact","5661 GUION RD, INDIANAPOLIS, IN, 46254","-86.233299874057,39.854700373204","107976291","R"
"1383","8651 TOWNSHIP LINE RD, INDIANAPOLIS, IN, 46260","Match","Exact","8651 TOWNSHIP LINE RD, INDIANAPOLIS, IN, 46260","-86.202960855225,39.913627642518","108042758","R"
"1140","2850 E 96TH ST, INDIANAPOLIS, IN, 46240","Match","Exact","2850 E 96TH ST, INDIANAPOLIS, IN, 46240","-86.116711740532,39.926957019877","29296617","L"
"1261","5436 W 38TH ST, INDIANAPOLIS, IN, 46254","Match","Exact","5436 W 38TH ST, INDIANAPOLIS, IN, 46254","-86.254610601188,39.823935042665","108034862","R"
"1382","8802 N MERIDIAN ST, INDIANAPOLIS, IN, 46260","Match","Exact","8802 N MERIDIAN ST, INDIANAPOLIS, IN, 46260","-86.158013177591,39.916108395357","108028839","L"
"1260","3940 N HIGH SCHOOL RD, INDIANAPOLIS, IN, 46254","Match","Exact","3940 N HIGH SCHOOL RD, INDIANAPOLIS, IN, 46254","-86.270442406581,39.826627316115","640722153","L"
"1381","9536 N MERIDIAN ST, INDIANAPOLIS, IN, 46260","Match","Exact","9536 N MERIDIAN ST, INDIANAPOLIS, IN, 46260","-86.158124146496,39.92609113519","108028852","L"
"1380","1415 W 86TH ST, INDIANAPOLIS, IN, 46260","Match","Exact","1415 W 86TH ST, INDIANAPOLIS, IN, 46260","-86.184246870956,39.912161381472","107981320","L"
"1019","10560 PENDLETON PIKE, INDIANAPOLIS, IN, 46236","Match","Exact","10560 PENDLETON PIKE, INDIANAPOLIS, IN, 46236","-85.980692224683,39.858728255801","108011735","L"
"1018","8120 OAKLANDON RD, INDIANAPOLIS, IN, 46236","Match","Exact","8120 OAKLANDON RD, INDIANAPOLIS, IN, 46236","-85.957220251141,39.904435093871","108011859","L"
"1139","800 E 96TH ST, INDIANAPOLIS, IN, 46240","Match","Exact","800 E 96TH ST, INDIANAPOLIS, IN, 46240","-86.144359222796,39.927202122062","646859052","L"
"1017","6381 OAKLANDON RD, INDIANAPOLIS, IN, 46236","Match","Exact","6381 OAKLANDON RD, INDIANAPOLIS, IN, 46236","-85.95702833764,39.874377360331","108011978","R"
"1138","4150 E 96TH ST, INDIANAPOLIS, IN, 46240","Match","Exact","4150 E 96TH ST, INDIANAPOLIS, IN, 46240","-86.099989313189,39.926940298333","29296670","L"
"1259","4901 W 56TH ST, INDIANAPOLIS, IN, 46254","Match","Exact","4901 W 56TH ST, INDIANAPOLIS, IN, 46254","-86.244202372363,39.853169741174","650776655","L"
"1016","7615 OAKLANDON RD, INDIANAPOLIS, IN, 46236","Match","Exact","7615 OAKLANDON RD, INDIANAPOLIS, IN, 46236","-85.957098922393,39.893207912116","108011878","R"
"1137","310 E 96TH ST, INDIANAPOLIS, IN, 46240","Match","Exact","310 E 96TH ST, INDIANAPOLIS, IN, 46240","-86.152329378246,39.927141796537","29296516","L"
"1258","3915 MOLLER RD, INDIANAPOLIS, IN, 46254","Match","Exact","3915 MOLLER RD, INDIANAPOLIS, IN, 46254","-86.256141190014,39.826140548363","107978115","R"
"1379","2002 W 86TH ST, INDIANAPOLIS, IN, 46260","Match","Exact","2002 W 86TH ST, INDIANAPOLIS, IN, 46260","-86.196169549042,39.912093880477","107981249","R"
"1015","9125 PENDLETON PIKE, INDIANAPOLIS, IN, 46236","Match","Exact","9125 PENDLETON PIKE, INDIANAPOLIS, IN, 46236","-86.007441859462,39.845671294848","108011468","R"
"1136","4146 E 96TH ST, INDIANAPOLIS, IN, 46240","Match","Exact","4146 E 96TH ST, INDIANAPOLIS, IN, 46240","-86.100580383104,39.926941553902","29296669","L"
"1257","4460 GUION RD, INDIANAPOLIS, IN, 46254","Match","Exact","4460 GUION RD, INDIANAPOLIS, IN, 46254","-86.227900497038,39.835743591937","108054865","L"
"1378","7033 SPRING MILL RD, INDIANAPOLIS, IN, 46260","Match","Exact","7033 SPRING MILL RD, INDIANAPOLIS, IN, 46260","-86.164954389536,39.882710062546","107982986","R"
"1499","10585 N MERIDIAN ST, INDIANAPOLIS, IN, 46290","No_Match"
"1014","5800 SUNNYSIDE RD, INDIANAPOLIS, IN, 46236","Match","Exact","5800 SUNNYSIDE RD, INDIANAPOLIS, IN, 46236","-85.972757026727,39.862572997307","108011739","L"
"1135","4200 E 96TH ST, INDIANAPOLIS, IN, 46240","Match","Exact","4200 E 96TH ST, INDIANAPOLIS, IN, 46240","-86.098728958245,39.926938125225","29311911","L"
"1256","4328 W 56TH ST, INDIANAPOLIS, IN, 46254","Match","Exact","4328 W 56TH ST, INDIANAPOLIS, IN, 46254","-86.233966693791,39.853412307645","107976227","R"
"1377","2260 W 86TH ST, INDIANAPOLIS, IN, 46260","Match","Exact","2260 W 86TH ST, INDIANAPOLIS, IN, 46260","-86.200600291184,39.912036581059","108044731","R"
"1498","10201 ILLINOIS ST, INDIANAPOLIS, IN, 46290","No_Match"
"1013","11711 FOX RD, INDIANAPOLIS, IN, 46236","Match","Exact","11711 FOX RD, INDIANAPOLIS, IN, 46236","-85.958834345557,39.902288411594","108025754","L"
"1134","3400 E 96TH ST, INDIANAPOLIS, IN, 46240","Match","Exact","3400 E 96TH ST, INDIANAPOLIS, IN, 46240","-86.103410973141,39.926951028356","29296669","L"
"1255","4903 CENTURY PLAZA RD, INDIANAPOLIS, IN, 46254","Match","Exact","4903 CENTURY PLAZA RD, INDIANAPOLIS, IN, 46254","-86.243530090245,39.835796821288","108027763","L"
"1376","70 E 91ST ST, INDIANAPOLIS, IN, 46260","Match","Non_Exact","70 E 91ST ST, INDIANAPOLIS, IN, 46240","-86.157181763131,39.919746506067","657861668","L"
"1497","124 UNITED STATES HIGHWAY 31 N, INDIANAPOLIS, IN, 46290","No_Match"
"1012","11101 PENDLETON PIKE, INDIANAPOLIS, IN, 46236","Match","Exact","11101 PENDLETON PIKE, INDIANAPOLIS, IN, 46236","-85.970721053028,39.863431206928","657883000","R"
"1133","900 E 96TH ST, INDIANAPOLIS, IN, 46240","Match","Exact","900 E 96TH ST, INDIANAPOLIS, IN, 46240","-86.143529791614,39.927196215415","646859052","L"
"1254","6301 W 46TH ST, INDIANAPOLIS, IN, 46254","Match","Exact","6301 W 46TH ST, INDIANAPOLIS, IN, 46254","-86.270711375521,39.838161061997","107975941","L"
"1375","8935 N MERIDIAN ST, INDIANAPOLIS, IN, 46260","Match","Exact","8935 N MERIDIAN ST, INDIANAPOLIS, IN, 46260","-86.157853021199,39.91767735196","108028839","R"
"1496","9700 LAKESHORE DR E, INDIANAPOLIS, IN, 46280","Match","Exact","9700 LAKE SHORE DR E, INDIANAPOLIS, IN, 46280","-86.103561094792,39.926950995609","29296664","L"
"1033","9620 PENDLETON PIKE, INDIANAPOLIS, IN, 46236","Match","Exact","9620 PENDLETON PIKE, INDIANAPOLIS, IN, 46236","-85.998012981274,39.850469841651","108035424","L"
"1154","3023 W MORRIS ST, INDIANAPOLIS, IN, 46241","Match","Exact","3023 W MORRIS ST, INDIANAPOLIS, IN, 46241","-86.210361448877,39.750377807412","107987599","L"
"1275","5444 W 38TH ST, INDIANAPOLIS, IN, 46254","Match","Exact","5444 W 38TH ST, INDIANAPOLIS, IN, 46254","-86.254802895176,39.823932125275","108034862","R"
"1396","4010 W 96TH ST, INDIANAPOLIS, IN, 46268","Match","Exact","4010 W 96TH ST, INDIANAPOLIS, IN, 46268","-86.228960619718,39.926236420122","652683560","R"
"1032","10955 PENDLETON PIKE, INDIANAPOLIS, IN, 46236","Match","Exact","10955 PENDLETON PIKE, INDIANAPOLIS, IN, 46236","-85.9734111125,39.862090991577","108011740","R"
"1153","6926 GATWICK DR, INDIANAPOLIS, IN, 46241","Match","Exact","6926 GATWICK DR, INDIANAPOLIS, IN, 46241","-86.280392431933,39.68747417761","108069294","L"
"1274","5151 PIKE PLAZA RD, INDIANAPOLIS, IN, 46254","Match","Non_Exact","5151 W PIKE PLAZA RD, INDIANAPOLIS, IN, 46254","-86.248124159831,39.832660600499","108067926","L"
"1395","4006 W 96TH ST, INDIANAPOLIS, IN, 46268","Match","Exact","4006 W 96TH ST, INDIANAPOLIS, IN, 46268","-86.228934632766,39.926236949392","652683560","R"
"1031","7962 OAKLANDON RD, INDIANAPOLIS, IN, 46236","Match","Exact","7962 OAKLANDON RD, INDIANAPOLIS, IN, 46236","-85.957225673557,39.901031948345","108011861","L"
"1152","550 E 96TH ST, INDIANAPOLIS, IN, 46240","Match","Exact","550 E 96TH ST, INDIANAPOLIS, IN, 46240","-86.14903723303,39.927185044494","635502618","L"
"1273","5516 W 38TH ST, INDIANAPOLIS, IN, 46254","Match","Exact","5516 W 38TH ST, INDIANAPOLIS, IN, 46254","-86.256565137254,39.823908903337","107977983","R"
"1394","4420 W 96TH ST, INDIANAPOLIS, IN, 46268","Match","Exact","4420 W 96TH ST, INDIANAPOLIS, IN, 46268","-86.237363371499,39.926141282882","635502162","R"
"1030","11715 FOX RD, INDIANAPOLIS, IN, 46236","Match","Exact","11715 FOX RD, INDIANAPOLIS, IN, 46236","-85.958762445452,39.902297570529","108025754","L"
"1151","4620 E 96TH ST, INDIANAPOLIS, IN, 46240","Match","Exact","4620 E 96TH ST, INDIANAPOLIS, IN, 46240","-86.093680027453,39.926940815198","29316809","L"
"1272","5645 LAFAYETTE RD, INDIANAPOLIS, IN, 46254","Match","Exact","5645 LAFAYETTE RD, INDIANAPOLIS, IN, 46254","-86.264455033501,39.854211026686","108054612","R"
"1393","4004 W 96TH ST, INDIANAPOLIS, IN, 46268","Match","Exact","4004 W 96TH ST, INDIANAPOLIS, IN, 46268","-86.228921639289,39.926237214027","652683560","R"
"1150","280 E 96TH ST, INDIANAPOLIS, IN, 46240","Match","Exact","280 E 96TH ST, INDIANAPOLIS, IN, 46240","-86.152720657959,39.927139145481","29296516","L"
"1271","5318 W 38TH ST, INDIANAPOLIS, IN, 46254","Match","Exact","5318 W 38TH ST, INDIANAPOLIS, IN, 46254","-86.251774264871,39.823978074158","108034862","R"
"1392","4400 W 96TH ST, INDIANAPOLIS, IN, 46268","Match","Exact","4400 W 96TH ST, INDIANAPOLIS, IN, 46268","-86.23712595679,39.926144318799","635502162","R"
"1270","6865 PARKDALE PL, INDIANAPOLIS, IN, 46254","Match","Exact","6865 PARKDALE PL, INDIANAPOLIS, IN, 46254","-86.281009554452,39.826096275978","107976699","L"
"1391","4808 W 96TH ST, INDIANAPOLIS, IN, 46268","Match","Exact","4808 W 96TH ST, INDIANAPOLIS, IN, 46268","-86.250027936768,39.928605550414","610970685","R"
"1390","826 W 64TH ST, INDIANAPOLIS, IN, 46260","Match","Exact","826 W 64TH ST, INDIANAPOLIS, IN, 46260","-86.1738984652,39.87204905046","108067960","R"
"1029","6935 BITTERSWEET LN, INDIANAPOLIS, IN, 46236","Match","Exact","6935 BITTERSWEET LN, INDIANAPOLIS, IN, 46236","-85.943150356641,39.883903465574","108012067","R"
"1028","11730 PENDLETON PIKE, INDIANAPOLIS, IN, 46236","Match","Exact","11730 PENDLETON PIKE, INDIANAPOLIS, IN, 46236","-85.958260277011,39.871199394238","657883055","L"
"1149","3204 E 96TH ST, INDIANAPOLIS, IN, 46240","Match","Exact","3204 E 96TH ST, INDIANAPOLIS, IN, 46240","-86.111166373856,39.926963881655","29316815","L"
"1027","6336 OAKLANDON RD, INDIANAPOLIS, IN, 46236","Match","Exact","6336 OAKLANDON RD, INDIANAPOLIS, IN, 46236","-85.95718444459,39.873243535509","108031600","L"
"1148","3800 E 96TH ST, INDIANAPOLIS, IN, 46240","No_Match"
"1269","5380 W 38TH ST, INDIANAPOLIS, IN, 46254","Match","Exact","5380 W 38TH ST, INDIANAPOLIS, IN, 46254","-86.253264543275,39.82395546439","108034862","R"
"1026","10580 PENDLETON PIKE, INDIANAPOLIS, IN, 46236","Match","Exact","10580 PENDLETON PIKE, INDIANAPOLIS, IN, 46236","-85.980325118262,39.858904533307","108011735","L"
"1147","4630 E 96TH ST, INDIANAPOLIS, IN, 46240","Match","Exact","4630 E 96TH ST, INDIANAPOLIS, IN, 46240","-86.09336180385,39.926941496699","29316809","L"
"1268","5309 PIKE PLAZA RD, INDIANAPOLIS, IN, 46254","Match","Non_Exact","5309 W PIKE PLAZA RD, INDIANAPOLIS, IN, 46254","-86.250030672473,39.831653090625","108042600","L"
"1389","8550 NAAB RD, INDIANAPOLIS, IN, 46260","Match","Exact","8550 NAAB RD, INDIANAPOLIS, IN, 46260","-86.198446223554,39.911080985677","647256012","L"
"1025","6350 OAKLANDON RD, INDIANAPOLIS, IN, 46236","Match","Exact","6350 OAKLANDON RD, INDIANAPOLIS, IN, 46236","-85.957182179861,39.873712471968","108011979","L"
"1146","2900 E 96TH ST, INDIANAPOLIS, IN, 46240","Match","Exact","2900 E 96TH ST, INDIANAPOLIS, IN, 46240","-86.1161909689,39.926957026089","29296617","L"
"1267","6640 PARKDALE PL, INDIANAPOLIS, IN, 46254","Match","Exact","6640 PARKDALE PL, INDIANAPOLIS, IN, 46254","-86.278777061414,39.825648194645","107976704","L"
"1388","1244 W 86TH ST, INDIANAPOLIS, IN, 46260","Match","Exact","1244 W 86TH ST, INDIANAPOLIS, IN, 46260","-86.181352980885,39.9123229338","107981387","R"
"1024","11925 E 65TH ST, INDIANAPOLIS, IN, 46236","Match","Exact","11925 E 65TH ST, INDIANAPOLIS, IN, 46236","-85.955307319294,39.876806834363","108039154","R"
"1145","3300 E 96TH ST, INDIANAPOLIS, IN, 46240","Match","Exact","3300 E 96TH ST, INDIANAPOLIS, IN, 46240","-86.108957571334,39.926965382337","29333839","L"
"1266","4150 LAFAYETTE RD, INDIANAPOLIS, IN, 46254","Match","Exact","4150 LAFAYETTE RD, INDIANAPOLIS, IN, 46254","-86.241996177857,39.830957322459","107978662","L"
"1387","2134 W 86TH ST, INDIANAPOLIS, IN, 46260","Match","Exact","2134 W 86TH ST, INDIANAPOLIS, IN, 46260","-86.198449893054,39.912063375745","108044731","R"
"1023","7829 SUNNYSIDE RD, INDIANAPOLIS, IN, 46236","Match","Exact","7829 SUNNYSIDE RD, INDIANAPOLIS, IN, 46236","-85.976046577865,39.896401141853","108054998","R"
"1144","510 E 96TH ST, INDIANAPOLIS, IN, 46240","Match","Exact","510 E 96TH ST, INDIANAPOLIS, IN, 46240","-86.150617697823,39.92716313901","29342328","L"
"1265","3851 KEVIN WAY, INDIANAPOLIS, IN, 46254","Match","Exact","3851 KEVIN WAY, INDIANAPOLIS, IN, 46254","-86.249546254509,39.825922682043","640721992","L"
"1386","1355 W 96TH ST, INDIANAPOLIS, IN, 46260","Match","Exact","1355 W 96TH ST, INDIANAPOLIS, IN, 46260","-86.183227572042,39.926753276456","29298211","L"
"1044","7855 CORK RD, INDIANAPOLIS, IN, 46236","Match","Exact","7855 CORK RD, INDIANAPOLIS, IN, 46236","-85.973784043636,39.897794066619","108058060","R"
"1165","5674 W WASHINGTON ST, INDIANAPOLIS, IN, 46241","Match","Exact","5674 W WASHINGTON ST, INDIANAPOLIS, IN, 46241","-86.256983156117,39.750812284971","107979910","R"
"1286","9785 CROSSPOINT BLVD, INDIANAPOLIS, IN, 46256","Match","Exact","9785 CROSSPOINT BLVD, INDIANAPOLIS, IN, 46256","-86.029231555377,39.93110897402","29316596","L"
"1043","11551 PENDLETON PIKE, INDIANAPOLIS, IN, 46236","Match","Exact","11551 PENDLETON PIKE, INDIANAPOLIS, IN, 46236","-85.962990148209,39.867975943496","108012012","R"
"1164","1435 S HIGH SCHOOL RD, INDIANAPOLIS, IN, 46241","Match","Exact","1435 S HIGH SCHOOL RD, INDIANAPOLIS, IN, 46241","-86.269764986341,39.746286518378","107979675","L"
"1285","9757 WESTPOINT DR, INDIANAPOLIS, IN, 46256","Match","Exact","9757 WESTPOINT DR, INDIANAPOLIS, IN, 46256","-86.031762174384,39.931371453855","29305828","R"
"1042","6432 OAKLANDON RD, INDIANAPOLIS, IN, 46236","Match","Exact","6432 OAKLANDON RD, INDIANAPOLIS, IN, 46236","-85.95717720939,39.875372118881","108012005","L"
"1163","3549 W WASHINGTON ST, INDIANAPOLIS, IN, 46241","Match","Exact","3549 W WASHINGTON ST, INDIANAPOLIS, IN, 46241","-86.220746001894,39.761922609611","107987163","L"
"1284","11234 FALL CREEK RD, INDIANAPOLIS, IN, 46256","Match","Exact","11234 FALL CREEK RD, INDIANAPOLIS, IN, 46256","-85.950735544708,39.934630370073","647907937","L"
"1041","9444 E 52ND ST, INDIANAPOLIS, IN, 46236","Match","Non_Exact","9444 E 52ND ST, INDIANAPOLIS, IN, 46235","-86.001236243703,39.848113304315","657867785","L"
"1162","3924 W WASHINGTON ST, INDIANAPOLIS, IN, 46241","Match","Exact","3924 W WASHINGTON ST, INDIANAPOLIS, IN, 46241","-86.229492062901,39.759294687721","107980446","R"
"1283","9963 CROSSPOINT BLVD, INDIANAPOLIS, IN, 46256","Match","Exact","9963 CROSSPOINT BLVD, INDIANAPOLIS, IN, 46256","-86.026203060477,39.935150737914","29305831","L"
"1040","9014 PENDLETON PIKE, INDIANAPOLIS, IN, 46236","Match","Exact","9014 PENDLETON PIKE, INDIANAPOLIS, IN, 46236","-86.009797424006,39.84472990038","108011468","L"
"1161","3836 FARNSWORTH ST, INDIANAPOLIS, IN, 46241","Match","Non_Exact","3836 W FARNSWORTH ST, INDIANAPOLIS, IN, 46241","-86.226552588257,39.72438128845","108053174","R"
"1282","11691 FALL CREEK RD, INDIANAPOLIS, IN, 46256","No_Match"
"1160","3815 W TROY AVE, INDIANAPOLIS, IN, 46241","Match","Exact","3815 W TROY AVE, INDIANAPOLIS, IN, 46241","-86.225943588692,39.720499386097","108026133","L"
"1281","9840 WESTPOINT DR, INDIANAPOLIS, IN, 46256","Match","Exact","9840 WESTPOINT DR, INDIANAPOLIS, IN, 46256","-86.031633627139,39.931796459935","29305828","L"
"1280","9795 CROSSPOINT BLVD, INDIANAPOLIS, IN, 46256","Match","Exact","9795 CROSSPOINT BLVD, INDIANAPOLIS, IN, 46256","-86.02838973928,39.932136894891","29316596","L"
"1039","11929 E 65TH ST, INDIANAPOLIS, IN, 46236","Match","Exact","11929 E 65TH ST, INDIANAPOLIS, IN, 46236","-85.955220616618,39.876808106703","108039154","R"
"1038","10502 E 75TH ST, INDIANAPOLIS, IN, 46236","Match","Exact","10502 E 75TH ST, INDIANAPOLIS, IN, 46236","-85.981599304244,39.891053064353","108020100","L"
"1159","4305 W MORRIS ST, INDIANAPOLIS, IN, 46241","Match","Exact","4305 W MORRIS ST, INDIANAPOLIS, IN, 46241","-86.232317233018,39.749640482058","108045184","L"
"1037","5025 N POST RD, INDIANAPOLIS, IN, 46236","Match","Non_Exact","5025 N POST RD, INDIANAPOLIS, IN, 46226","-86.0101804073,39.845809527309","108011436","R"
"1158","5770 W MORRIS ST, INDIANAPOLIS, IN, 46241","Match","Exact","5770 W MORRIS ST, INDIANAPOLIS, IN, 46241","-86.25935103465,39.750372377783","107979776","R"
"1279","9880 WESTPOINT DR, INDIANAPOLIS, IN, 46256","Match","Exact","9880 WESTPOINT DR, INDIANAPOLIS, IN, 46256","-86.030813445831,39.933002426235","29305828","L"
"1036","11611 E 75TH ST, INDIANAPOLIS, IN, 46236","Match","Exact","11611 E 75TH ST, INDIANAPOLIS, IN, 46236","-85.960643355676,39.891150235506","108011880","R"
"1157","5036 W WASHINGTON ST, INDIANAPOLIS, IN, 46241","Match","Exact","5036 W WASHINGTON ST, INDIANAPOLIS, IN, 46241","-86.244655168425,39.754620016925","107980508","R"
"1278","4528 W 38TH ST, INDIANAPOLIS, IN, 46254","Match","Exact","4528 W 38TH ST, INDIANAPOLIS, IN, 46254","-86.235541688582,39.82413558777","108067360","R"
"1399","4340 W 96TH ST, INDIANAPOLIS, IN, 46268","Match","Exact","4340 W 96TH ST, INDIANAPOLIS, IN, 46268","-86.233536579758,39.926187446436","642880201","R"
"1035","11019 PENDLETON PIKE, INDIANAPOLIS, IN, 46236","Match","Exact","11019 PENDLETON PIKE, INDIANAPOLIS, IN, 46236","-85.972244146669,39.862666423983","657883000","R"
"1156","2902 MAYWOOD RD, INDIANAPOLIS, IN, 46241","Match","Exact","2902 MAYWOOD RD, INDIANAPOLIS, IN, 46241","-86.215875094033,39.725821422913","108005623","R"
"1277","6951 SHORECREST DR, INDIANAPOLIS, IN, 46254","Match","Exact","6951 SHORE CREST DR, INDIANAPOLIS, IN, 46254","-86.283351526484,39.828982439734","108048926","L"
"1398","3802 W 96TH ST, INDIANAPOLIS, IN, 46268","Match","Exact","3802 W 96TH ST, INDIANAPOLIS, IN, 46268","-86.225330238904,39.9263014047","642591959","R"
"1034","11825 BROADWAY ST, INDIANAPOLIS, IN, 46236","Match","Exact","11825 BROADWAY ST, INDIANAPOLIS, IN, 46236","-85.956733341291,39.876387242422","647245311","R"
"1155","2802 S HOLT RD, INDIANAPOLIS, IN, 46241","Match","Exact","2802 S HOLT RD, INDIANAPOLIS, IN, 46241","-86.225253998839,39.724241925667","108005172","R"
"1276","3801 N HIGH SCHOOL RD, INDIANAPOLIS, IN, 46254","Match","Exact","3801 N HIGH SCHOOL RD, INDIANAPOLIS, IN, 46254","-86.270217661389,39.823602293266","640722152","R"
"1397","3940 W 96TH ST, INDIANAPOLIS, IN, 46268","Match","Exact","3940 W 96TH ST, INDIANAPOLIS, IN, 46268","-86.228065175469,39.926256162962","652683559","R"
"1055","5420 E THOMPSON RD, INDIANAPOLIS, IN, 46237","Match","Exact","5420 E THOMPSON RD, INDIANAPOLIS, IN, 46237","-86.07521666208,39.694750327163","657854810","L"
"1176","4100 S HIGH SCHOOL RD, INDIANAPOLIS, IN, 46241","Match","Exact","4100 S HIGH SCHOOL RD, INDIANAPOLIS, IN, 46241","-86.268423800681,39.704615195747","108004483","R"
"1297","9820 WESTPOINT DR, INDIANAPOLIS, IN, 46256","Match","Exact","9820 WESTPOINT DR, INDIANAPOLIS, IN, 46256","-86.032106349145,39.93127003827","29305828","L"
"1054","8854 S EMERSON AVE, INDIANAPOLIS, IN, 46237","Match","Non_Exact","8854 EMERSON AVE, INDIANAPOLIS, IN, 46237","-86.082788336133,39.638289332284","640862187","R"
"1175","5520 W WASHINGTON ST, INDIANAPOLIS, IN, 46241","Match","Exact","5520 W WASHINGTON ST, INDIANAPOLIS, IN, 46241","-86.254383917005,39.751624818503","107979927","R"
"1296","9800 CROSSPOINT BLVD, INDIANAPOLIS, IN, 46256","Match","Exact","9800 CROSSPOINT BLVD, INDIANAPOLIS, IN, 46256","-86.027853201922,39.932587641661","29305831","R"
"1053","5820 MERITAGE PKWY, INDIANAPOLIS, IN, 46237","No_Match"
"1174","4830 W MORRIS ST, INDIANAPOLIS, IN, 46241","Match","Exact","4830 W MORRIS ST, INDIANAPOLIS, IN, 46241","-86.242038484877,39.750104916482","108019701","R"
"1295","9998 CROSSPOINT BLVD, INDIANAPOLIS, IN, 46256","Match","Exact","9998 CROSSPOINT BLVD, INDIANAPOLIS, IN, 46256","-86.025690918109,39.935663791639","29305831","R"
"1052","5333 S COMMERCE SQUARE DR, INDIANAPOLIS, IN, 46237","Match","Non_Exact","5333 COMMERCE SQUARE DR, INDIANAPOLIS, IN, 46237","-86.077535914046,39.653713557712","108032408","R"
"1173","5455 W WASHINGTON ST, INDIANAPOLIS, IN, 46241","Match","Exact","5455 W WASHINGTON ST, INDIANAPOLIS, IN, 46241","-86.253117598684,39.75189047748","107979990","L"
"1294","8220 E 106TH ST, INDIANAPOLIS, IN, 46256","No_Match"
"1051","5901 E THOMPSON RD, INDIANAPOLIS, IN, 46237","Match","Exact","5901 E THOMPSON RD, INDIANAPOLIS, IN, 46237","-86.064338927148,39.69486385863","108045301","R"
"1172","6954 W MINNESOTA ST, INDIANAPOLIS, IN, 46241","Match","Exact","6954 W MINNESOTA ST, INDIANAPOLIS, IN, 46241","-86.281900096525,39.74248640786","107977825","R"
"1293","10475 CROSSPOINT BLVD, INDIANAPOLIS, IN, 46256","Match","Exact","10475 CROSSPOINT BLVD, INDIANAPOLIS, IN, 46256","-86.022452036405,39.94012787435","29305827","L"
"1050","8603 S EMERSON AVE, INDIANAPOLIS, IN, 46237","Match","Non_Exact","8603 EMERSON AVE, INDIANAPOLIS, IN, 46237","-86.082613872876,39.641440479354","640862186","L"
"1171","6434 W WASHINGTON ST, INDIANAPOLIS, IN, 46241","Match","Exact","6434 W WASHINGTON ST, INDIANAPOLIS, IN, 46241","-86.27248726089,39.746062420677","107979673","R"
"1292","10385 HAGUE RD, INDIANAPOLIS, IN, 46256","Match","Exact","10385 HAGUE RD, INDIANAPOLIS, IN, 46256","-86.032771856631,39.938826324774","231601246","L"
"1170","3903 W WASHINGTON ST, INDIANAPOLIS, IN, 46241","Match","Exact","3903 W WASHINGTON ST, INDIANAPOLIS, IN, 46241","-86.228871317667,39.759367724792","107980449","L"
"1291","202 INTERSTATE 69 S, INDIANAPOLIS, IN, 46256","No_Match"
"1290","203 INTERSTATE 69 S, INDIANAPOLIS, IN, 46256","No_Match"
"1049","5310 COMMERCE CIR, INDIANAPOLIS, IN, 46237","Match","Exact","5310 COMMERCE CIR, INDIANAPOLIS, IN, 46237","-86.078186024062,39.655563541531","108032409","R"
"1048","5290 CLAYBROOKE COMMONS DR, INDIANAPOLIS, IN, 46237","No_Match"
"1169","3758 W MORRIS ST, INDIANAPOLIS, IN, 46241","Match","Exact","3758 W MORRIS ST, INDIANAPOLIS, IN, 46241","-86.223703288963,39.750031846713","107980718","R"
"1047","8545 S EMERSON AVE, INDIANAPOLIS, IN, 46237","Match","Non_Exact","8545 EMERSON AVE, INDIANAPOLIS, IN, 46237","-86.082606693727,39.642324545035","640862186","L"
"1168","4447 W WASHINGTON ST, INDIANAPOLIS, IN, 46241","Match","Exact","4447 W WASHINGTON ST, INDIANAPOLIS, IN, 46241","-86.237502335144,39.756700830897","107980553","L"
"1289","9786 CROSSPOINT BLVD, INDIANAPOLIS, IN, 46256","Match","Exact","9786 CROSSPOINT BLVD, INDIANAPOLIS, IN, 46256","-86.029080950416,39.931077401565","29316596","R"
"1046","8820 S EMERSON AVE, INDIANAPOLIS, IN, 46237","Match","Non_Exact","8820 EMERSON AVE, INDIANAPOLIS, IN, 46237","-86.08278347977,39.638880453917","640862186","R"
"1167","1405 S HOLT RD, INDIANAPOLIS, IN, 46241","Match","Exact","1405 S HOLT RD, INDIANAPOLIS, IN, 46241","-86.22516897791,39.746536107136","648075610","L"
"1288","9775 CROSSPOINT BLVD, INDIANAPOLIS, IN, 46256","Match","Exact","9775 CROSSPOINT BLVD, INDIANAPOLIS, IN, 46256","-86.030217959887,39.930212829036","29316596","L"
"1045","5435 E THOMPSON RD, INDIANAPOLIS, IN, 46237","Match","Exact","5435 E THOMPSON RD, INDIANAPOLIS, IN, 46237","-86.073495923863,39.694662547545","657854810","R"
"1166","5831 ALTA LAKE DR, INDIANAPOLIS, IN, 46241","No_Match"
"1287","10053 HAGUE RD, INDIANAPOLIS, IN, 46256","Match","Exact","10053 HAGUE RD, INDIANAPOLIS, IN, 46256","-86.032926121022,39.933738282962","29321365","L"
"1066","4022 E SOUTHPORT RD, INDIANAPOLIS, IN, 46237","Match","Exact","4022 E SOUTHPORT RD, INDIANAPOLIS, IN, 46237","-86.09807390365,39.66550253266","657843875","L"
"1187","2929 S HOLT RD, INDIANAPOLIS, IN, 46241","Match","Exact","2929 S HOLT RD, INDIANAPOLIS, IN, 46241","-86.225078165618,39.72190963166","108005173","L"
"1065","4038 E SOUTHPORT RD, INDIANAPOLIS, IN, 46237","Match","Exact","4038 E SOUTHPORT RD, INDIANAPOLIS, IN, 46237","-86.097816218234,39.665516707211","657843875","L"
"1186","4724 SQUIRE DR, INDIANAPOLIS, IN, 46241","Match","Exact","4724 SQUIRE DR, INDIANAPOLIS, IN, 46241","-86.241809431663,39.722552286166","108004932","R"
"1064","3814 E SOUTHPORT RD, INDIANAPOLIS, IN, 46237","Match","Exact","3814 E SOUTHPORT RD, INDIANAPOLIS, IN, 46237","-86.101424243025,39.665376433035","657843875","L"
"1185","4839 W MORRIS ST, INDIANAPOLIS, IN, 46241","Match","Exact","4839 W MORRIS ST, INDIANAPOLIS, IN, 46241","-86.242436933609,39.750012163453","108021669","L"
"1063","7100 S EMERSON AVE, INDIANAPOLIS, IN, 46237","Match","Non_Exact","7100 EMERSON AVE, INDIANAPOLIS, IN, 46237","-86.082531723762,39.664648382965","641063310","R"
"1184","3023 SUMMERSONG DR, INDIANAPOLIS, IN, 46241","Match","Exact","3023 SUMMERSONG DR, INDIANAPOLIS, IN, 46241","-86.252807622861,39.720412696041","108004559","L"
"1062","6721 GRAY RD, INDIANAPOLIS, IN, 46237","Match","Exact","6721 GRAY RD, INDIANAPOLIS, IN, 46237","-86.096686991699,39.670019504325","108045434","L"
"1183","4808 LEISURE MANOR, INDIANAPOLIS, IN, 46241","Match","Exact","4808 LEISURE MANOR, INDIANAPOLIS, IN, 46241","-86.243082669792,39.723567491518","108004928","R"
"1061","5360 E THOMPSON RD, INDIANAPOLIS, IN, 46237","Match","Exact","5360 E THOMPSON RD, INDIANAPOLIS, IN, 46237","-86.076538364564,39.694734657458","657854810","L"
"1182","5515 W WASHINGTON ST, INDIANAPOLIS, IN, 46241","Match","Exact","5515 W WASHINGTON ST, INDIANAPOLIS, IN, 46241","-86.254134092146,39.751578485322","107979929","L"
"1060","5209 E SOUTHPORT RD, INDIANAPOLIS, IN, 46237","Match","Exact","5209 E SOUTHPORT RD, INDIANAPOLIS, IN, 46237","-86.079768802963,39.665917419002","108053490","R"
"1181","5621 W WASHINGTON ST, INDIANAPOLIS, IN, 46241","Match","Exact","5621 W WASHINGTON ST, INDIANAPOLIS, IN, 46241","-86.255936908894,39.751025297334","107979926","L"
"1180","5940 DECATUR BLVD, INDIANAPOLIS, IN, 46241","Match","Exact","5940 DECATUR BLVD, INDIANAPOLIS, IN, 46241","-86.300616030108,39.676976386197","108055546","R"
"1059","5249 CLAYBROOKE COMMONS DR, INDIANAPOLIS, IN, 46237","No_Match"
"1058","6925 E SOUTHPORT RD, INDIANAPOLIS, IN, 46237","Match","Exact","6925 E SOUTHPORT RD, INDIANAPOLIS, IN, 46237","-86.04598219984,39.666563961901","108040264","R"
"1179","3662 W MORRIS ST, INDIANAPOLIS, IN, 46241","Match","Exact","3662 W MORRIS ST, INDIANAPOLIS, IN, 46241","-86.221184691057,39.750106406961","107987494","R"
"1057","8340 S EMERSON AVE, INDIANAPOLIS, IN, 46237","Match","Non_Exact","8340 EMERSON AVE, INDIANAPOLIS, IN, 46237","-86.08274038569,39.64513276266","657843042","R"
"1178","4403 W WASHINGTON ST, INDIANAPOLIS, IN, 46241","Match","Exact","4403 W WASHINGTON ST, INDIANAPOLIS, IN, 46241","-86.236846884169,39.7569050813","107980553","L"
"1299","10050 HAGUE RD, INDIANAPOLIS, IN, 46256","Match","Exact","10050 HAGUE RD, INDIANAPOLIS, IN, 46256","-86.03307543792,39.933707620222","29321365","R"
"1056","5914 E STOP 11 RD, INDIANAPOLIS, IN, 46237","Match","Exact","5914 E STOP 11 RD, INDIANAPOLIS, IN, 46237","-86.065101850636,39.651605613597","108054685","L"
"1177","5455 W BRADBURY AVE, INDIANAPOLIS, IN, 46241","Match","Exact","5455 W BRADBURY AVE, INDIANAPOLIS, IN, 46241","-86.252774033079,39.731292172937","107980072","L"
"1298","9751 WESTPOINT DR, INDIANAPOLIS, IN, 46256","Match","Exact","9751 WESTPOINT DR, INDIANAPOLIS, IN, 46256","-86.031851175548,39.93128507788","29305828","R"
"1190","5347 W RAYMOND ST, INDIANAPOLIS, IN, 46241","Match","Exact","5347 W RAYMOND ST, INDIANAPOLIS, IN, 46241","-86.25160193847,39.735758538569","107980101","L"
"1077","6955 S EMERSON AVE, INDIANAPOLIS, IN, 46237","Match","Non_Exact","6955 EMERSON AVE, INDIANAPOLIS, IN, 46237","-86.082424364309,39.666596682134","108010294","L"
"1198","1825 S LYNHURST DR, INDIANAPOLIS, IN, 46241","Match","Exact","1825 S LYNHURST DR, INDIANAPOLIS, IN, 46241","-86.250159159167,39.741381051604","107980085","L"
"1076","5170 COMMERCE CIR, INDIANAPOLIS, IN, 46237","Match","Exact","5170 COMMERCE CIR, INDIANAPOLIS, IN, 46237","-86.081202178841,39.655076537436","108032409","R"
"1197","3024 EVENINGSONG DR, INDIANAPOLIS, IN, 46241","Match","Exact","3024 EVENINGSONG DR, INDIANAPOLIS, IN, 46241","-86.252160942044,39.720484613391","108004590","R"
"1075","2201 E TROY AVE, INDIANAPOLIS, IN, 46237","Match","Non_Exact","2201 E TROY AVE, INDIANAPOLIS, IN, 46203","-86.123529680081,39.723061813657","108007153","R"
"1196","2847 TITAN DR, INDIANAPOLIS, IN, 46241","Match","Exact","2847 TITAN DR, INDIANAPOLIS, IN, 46241","-86.243861322762,39.722914056271","108004919","L"
"1074","1975 E TROY AVE, INDIANAPOLIS, IN, 46237","Match","Non_Exact","1975 E TROY AVE, INDIANAPOLIS, IN, 46203","-86.124431311798,39.723053754246","108049632","R"
"1195","3000 S LYNHURST DR, INDIANAPOLIS, IN, 46241","Match","Exact","3000 S LYNHURST DR, INDIANAPOLIS, IN, 46241","-86.250416139118,39.720738445438","108004599","R"
"1073","5310 E SOUTHPORT RD, INDIANAPOLIS, IN, 46237","Match","Exact","5310 E SOUTHPORT RD, INDIANAPOLIS, IN, 46237","-86.076804922287,39.66608891958","649578789","L"
"1194","3046 WINTERSONG DR, INDIANAPOLIS, IN, 46241","Match","Exact","3046 WINTERSONG DR, INDIANAPOLIS, IN, 46241","-86.25381145528,39.719908020299","108004556","R"
"1072","6047 S EMERSON AVE, INDIANAPOLIS, IN, 46237","Match","Non_Exact","6047 EMERSON AVE, INDIANAPOLIS, IN, 46237","-86.082458370359,39.679973261893","108044942","L"
"1193","2833 PALACE DR, INDIANAPOLIS, IN, 46241","Match","Exact","2833 PALACE DR, INDIANAPOLIS, IN, 46241","-86.244685683295,39.723076143518","108004915","L"
"1071","4018 E SOUTHPORT RD, INDIANAPOLIS, IN, 46237","Match","Exact","4018 E SOUTHPORT RD, INDIANAPOLIS, IN, 46237","-86.098138325004,39.665498989022","657843875","L"
"1192","4004 W WASHINGTON ST, INDIANAPOLIS, IN, 46241","Match","Exact","4004 W WASHINGTON ST, INDIANAPOLIS, IN, 46241","-86.230358500311,39.75901361453","107980444","R"
"1070","4034 E SOUTHPORT RD, INDIANAPOLIS, IN, 46237","Match","Exact","4034 E SOUTHPORT RD, INDIANAPOLIS, IN, 46237","-86.097880639588,39.665513163573","657843875","L"
"1191","3110 WINTERSONG DR, INDIANAPOLIS, IN, 46241","Match","Exact","3110 WINTERSONG DR, INDIANAPOLIS, IN, 46241","-86.253809852076,39.718874202863","108004561","R"
"1069","4014 E SOUTHPORT RD, INDIANAPOLIS, IN, 46237","Match","Exact","4014 E SOUTHPORT RD, INDIANAPOLIS, IN, 46237","-86.098202746358,39.665495445384","657843875","L"
"1068","7108 MC FARLAND BLVD, INDIANAPOLIS, IN, 46237","Match","Exact","7108 MCFARLAND BLVD, INDIANAPOLIS, IN, 46237","-86.095059781347,39.664868507622","108068113","R"
"1189","5320 W MORRIS ST, INDIANAPOLIS, IN, 46241","Match","Exact","5320 W MORRIS ST, INDIANAPOLIS, IN, 46241","-86.251356391321,39.750556728282","107980009","R"
"1067","4026 E SOUTHPORT RD, INDIANAPOLIS, IN, 46237","Match","Exact","4026 E SOUTHPORT RD, INDIANAPOLIS, IN, 46237","-86.098009482296,39.665506076298","657843875","L"
"1188","4301 W BRADBURY AVE, INDIANAPOLIS, IN, 46241","Match","Exact","4301 W BRADBURY AVE, INDIANAPOLIS, IN, 46241","-86.236449097282,39.731317167986","657840067","L"
"1080","5406 S EMERSON AVE, INDIANAPOLIS, IN, 46237","Match","Non_Exact","5406 EMERSON AVE, INDIANAPOLIS, IN, 46237","-86.082614454506,39.688201275616","108032624","R"
"1088","8800 S BROOKVILLE RD, INDIANAPOLIS, IN, 46239","Match","Non_Exact","8800 BROOKVILLE RD, INDIANAPOLIS, IN, 46239","-86.012172262587,39.746986024362","108004023","L"
"1087","6911 BROOKVILLE RD, INDIANAPOLIS, IN, 46239","Match","Exact","6911 BROOKVILLE RD, INDIANAPOLIS, IN, 46239","-86.048384717873,39.754575097009","108030147","R"
"1086","7769 LEXINGTON AVE, INDIANAPOLIS, IN, 46239","Match","Non_Exact","7769 LEXINGTON AVE, INDIANAPOLIS, IN, 46203","-86.144509796252,39.758876418643","107992340","R"
"1085","10930 SOUTHEASTERN AVE, INDIANAPOLIS, IN, 46239","Match","Exact","10930 SOUTHEASTERN AVE, INDIANAPOLIS, IN, 46239","-85.971862859869,39.679860955438","108067606","L"
"1084","4044 E SOUTHPORT RD, INDIANAPOLIS, IN, 46237","Match","Exact","4044 E SOUTHPORT RD, INDIANAPOLIS, IN, 46237","-86.097720218064,39.665522200941","657843875","L"
"1083","7045 EMBLEM DR, INDIANAPOLIS, IN, 46237","Match","Exact","7045 EMBLEM DR, INDIANAPOLIS, IN, 46237","-86.080568969695,39.665086862801","108069964","L"
"1082","3138 S KEYSTONE AVE, INDIANAPOLIS, IN, 46237","Match","Exact","3138 S KEYSTONE AVE, INDIANAPOLIS, IN, 46237","-86.120814593927,39.720591841318","108007172","R"
"1081","5221 NOGGLE WAY, INDIANAPOLIS, IN, 46237","Match","Exact","5221 NOGGLE WAY, INDIANAPOLIS, IN, 46237","-86.079839389258,39.638383312058","640862188","R"
"1079","4049 KILDEER DR, INDIANAPOLIS, IN, 46237","No_Match"
"1078","4031 E SOUTHPORT RD, INDIANAPOLIS, IN, 46237","Match","Exact","4031 E SOUTHPORT RD, INDIANAPOLIS, IN, 46237","-86.097934450662,39.66539531998","657843875","R"
"1199","3043 SUMMERSONG DR, INDIANAPOLIS, IN, 46241","Match","Exact","3043 SUMMERSONG DR, INDIANAPOLIS, IN, 46241","-86.252811616483,39.720101386433","108004559","L"
"1091","8721 SOUTHEASTERN AVE, INDIANAPOLIS, IN, 46239","Match","Exact","8721 SOUTHEASTERN AVE, INDIANAPOLIS, IN, 46239","-86.012106030188,39.705790101285","108013667","R"
"1090","8721 E TROY AVE, INDIANAPOLIS, IN, 46239","Match","Exact","8721 E TROY AVE, INDIANAPOLIS, IN, 46239","-86.012380968247,39.725518127937","657859138","R"
"1099","10548 SOUTHEASTERN AVE, INDIANAPOLIS, IN, 46239","Match","Exact","10548 SOUTHEASTERN AVE, INDIANAPOLIS, IN, 46239","-85.979398879753,39.686432122088","108013762","L"
"1098","9107 E THOMPSON RD, INDIANAPOLIS, IN, 46239","Match","Exact","9107 E THOMPSON RD, INDIANAPOLIS, IN, 46239","-86.005874631709,39.696222192259","108013738","R"
"1097","510 S POST RD, INDIANAPOLIS, IN, 46239","Match","Exact","510 S POST RD, INDIANAPOLIS, IN, 46239","-86.009052725873,39.761968849022","108013228","R"
"1096","3851 S POST RD, INDIANAPOLIS, IN, 46239","Match","Exact","3851 S POST RD, INDIANAPOLIS, IN, 46239","-86.008157021552,39.712769890661","108013679","L"
"1095","3520 S POST RD, INDIANAPOLIS, IN, 46239","Match","Exact","3520 S POST RD, INDIANAPOLIS, IN, 46239","-86.008455373781,39.718477580175","657828259","R"
"1094","7614 BROOKVILLE RD, INDIANAPOLIS, IN, 46239","Match","Exact","7614 BROOKVILLE RD, INDIANAPOLIS, IN, 46239","-86.034675419846,39.751753193795","108053055","L"
"1093","7645 SOUTHEASTERN AVE, INDIANAPOLIS, IN, 46239","Match","Exact","7645 SOUTHEASTERN AVE, INDIANAPOLIS, IN, 46239","-86.032865031667,39.717721537608","653423115","R"
"1092","516 S POST RD, INDIANAPOLIS, IN, 46239","Match","Exact","516 S POST RD, INDIANAPOLIS, IN, 46239","-86.0090515794,39.761896759826","108013228","R"
"1089","8950 ATLANTIS DR, INDIANAPOLIS, IN, 46239","No_Match"
"1500","10330 N MERIDIAN ST, INDIANAPOLIS, IN, 46290","No_Match"
"1404","3830 W 96TH ST, INDIANAPOLIS, IN, 46268","Match","Exact","3830 W 96TH ST, INDIANAPOLIS, IN, 46268","-86.226772111891,39.926278704053","652683559","R"
"1403","3200 W 96TH ST, INDIANAPOLIS, IN, 46268","Match","Exact","3200 W 96TH ST, INDIANAPOLIS, IN, 46268","-86.215908335874,39.926462705736","642880142","R"
"1402","4600 W 96TH ST, INDIANAPOLIS, IN, 46268","Match","Exact","4600 W 96TH ST, INDIANAPOLIS, IN, 46268","-86.239500114387,39.926115319858","635502162","R"
"1401","4352 W 96TH ST, INDIANAPOLIS, IN, 46268","Match","Exact","4352 W 96TH ST, INDIANAPOLIS, IN, 46268","-86.234248281583,39.926178940871","642880201","R"
"1400","4306 W 96TH ST, INDIANAPOLIS, IN, 46268","Match","Exact","4306 W 96TH ST, INDIANAPOLIS, IN, 46268","-86.231126757306,39.926202067025","29293573","R"
"1409","4008 W 96TH ST, INDIANAPOLIS, IN, 46268","Match","Exact","4008 W 96TH ST, INDIANAPOLIS, IN, 46268","-86.228947626242,39.926236684757","652683560","R"
"1408","4320 W 96TH ST, INDIANAPOLIS, IN, 46268","Match","Exact","4320 W 96TH ST, INDIANAPOLIS, IN, 46268","-86.23235183833,39.926205859389","642880201","R"
"1407","4014 W 96TH ST, INDIANAPOLIS, IN, 46268","Match","Exact","4014 W 96TH ST, INDIANAPOLIS, IN, 46268","-86.228986606671,39.926235890851","652683560","R"
"1406","3934 W 96TH ST, INDIANAPOLIS, IN, 46268","Match","Exact","3934 W 96TH ST, INDIANAPOLIS, IN, 46268","-86.227994695977,39.926257738779","652683559","R"
"1405","4310 W 96TH ST, INDIANAPOLIS, IN, 46268","Match","Exact","4310 W 96TH ST, INDIANAPOLIS, IN, 46268","-86.231752959755,39.926197047907","642880201","R"
"1415","7211 MICHIGAN RD, INDIANAPOLIS, IN, 46268","Match","Exact","7211 MICHIGAN RD, INDIANAPOLIS, IN, 46268","-86.209801508739,39.884963787133","107981051","R"
"1414","5200 TECHNOLOGY WAY, INDIANAPOLIS, IN, 46268","Match","Non_Exact","5200 IVY TECH DR, INDIANAPOLIS, IN, 46268","-86.251797698699,39.91193275081","107975500","R"
"1413","4012 W 96TH ST, INDIANAPOLIS, IN, 46268","Match","Exact","4012 W 96TH ST, INDIANAPOLIS, IN, 46268","-86.228973613194,39.926236155486","652683560","R"
"1412","4324 W 96TH ST, INDIANAPOLIS, IN, 46268","Match","Exact","4324 W 96TH ST, INDIANAPOLIS, IN, 46268","-86.232588957852,39.926199913171","642880201","R"
"1411","4800 W 96TH ST, INDIANAPOLIS, IN, 46268","Match","Exact","4800 W 96TH ST, INDIANAPOLIS, IN, 46268","-86.250021999022,39.928612605377","610970685","R"
"1410","4412 W 96TH ST, INDIANAPOLIS, IN, 46268","Match","Exact","4412 W 96TH ST, INDIANAPOLIS, IN, 46268","-86.237268405616,39.926142497249","635502162","R"
"1419","5000 W 79TH ST, INDIANAPOLIS, IN, 46268","Match","Exact","5000 W 79TH ST, INDIANAPOLIS, IN, 46268","-86.245835286993,39.896673132552","107975702","R"
"1418","9000 VINCENNES CIR, INDIANAPOLIS, IN, 46268","Match","Exact","9000 VINCENNES CIR, INDIANAPOLIS, IN, 46268","-86.232738971218,39.917298530124","108045148","L"
"1417","4505 W 96TH ST, INDIANAPOLIS, IN, 46268","Match","Exact","4505 W 96TH ST, INDIANAPOLIS, IN, 46268","-86.236621917885,39.926035845375","642880201","L"
"1416","8810 WESLEYAN RD, INDIANAPOLIS, IN, 46268","Match","Exact","8810 WESLEYAN RD, INDIANAPOLIS, IN, 46268","-86.222217875119,39.914112955391","107975665","R"
"1305","12526 SOUTHEASTERN AVE, INDIANAPOLIS, IN, 46259","Match","Exact","12526 SOUTHEASTERN AVE, INDIANAPOLIS, IN, 46259","-85.94352791441,39.664412202428","33231631","L"
"1426","3325 W 96TH ST, INDIANAPOLIS, IN, 46268","Match","Exact","3325 W 96TH ST, INDIANAPOLIS, IN, 46268","-86.219026061623,39.926291626411","647247974","L"
"1304","12345 SOUTHEASTERN AVE, INDIANAPOLIS, IN, 46259","Match","Exact","12345 SOUTHEASTERN AVE, INDIANAPOLIS, IN, 46259","-85.947528894354,39.666760336078","655372144","R"
"1425","8437 MICHIGAN RD, INDIANAPOLIS, IN, 46268","Match","Exact","8437 MICHIGAN RD, INDIANAPOLIS, IN, 46268","-86.221426959726,39.90913086276","107975671","R"
"1303","7020 E ROCKLANE RD, INDIANAPOLIS, IN, 46259","No_Match"
"1424","3622 BETHANY RD, INDIANAPOLIS, IN, 46268","Match","Exact","3622 BETHANY RD, INDIANAPOLIS, IN, 46268","-86.223141935358,39.913664406522","107975668","L"
"1302","10500 CROSSPOINT BLVD, INDIANAPOLIS, IN, 46256","Match","Exact","10500 CROSSPOINT BLVD, INDIANAPOLIS, IN, 46256","-86.02562240529,39.93576578688","29305827","R"
"1423","9106 WESLEYAN RD, INDIANAPOLIS, IN, 46268","Match","Exact","9106 WESLEYAN RD, INDIANAPOLIS, IN, 46268","-86.224343283132,39.918791438666","108067914","R"
"1301","9860 WESTPOINT DR, INDIANAPOLIS, IN, 46256","Match","Exact","9860 WESTPOINT DR, INDIANAPOLIS, IN, 46256","-86.031223536485,39.932399443085","29305828","L"
"1422","7260 MICHIGAN RD, INDIANAPOLIS, IN, 46268","Match","Exact","7260 MICHIGAN RD, INDIANAPOLIS, IN, 46268","-86.210266931365,39.885593896578","107981051","L"
"1300","10278 CROSSPOINT BLVD, INDIANAPOLIS, IN, 46256","No_Match"
"1421","5520 W 86TH ST, INDIANAPOLIS, IN, 46268","Match","Exact","5520 W 86TH ST, INDIANAPOLIS, IN, 46268","-86.259158253398,39.910797343534","107975481","R"
"1420","9370 W WALDEMAR RD, INDIANAPOLIS, IN, 46268","Match","Non_Exact","9370 WALDEMAR RD, INDIANAPOLIS, IN, 46268","-86.229993347133,39.921825136887","107975620","L"
"1309","8475 N COUNTY ROAD 700 E, INDIANAPOLIS, IN, 46259","Match","Non_Exact","8475 N 700 E, INDIANAPOLIS, IN, 46259","-85.971432796611,39.6030813748","655447969","R"
"1308","12608 SOUTHEASTERN AVE, INDIANAPOLIS, IN, 46259","Match","Exact","12608 SOUTHEASTERN AVE, INDIANAPOLIS, IN, 46259","-85.94298985353,39.664104651202","33219990","L"
"1429","7230 GEORGETOWN RD, INDIANAPOLIS, IN, 46268","Match","Exact","7230 GEORGETOWN RD, INDIANAPOLIS, IN, 46268","-86.243879544402,39.884161565096","108025191","L"
"1307","12524 SOUTHEASTERN AVE, INDIANAPOLIS, IN, 46259","Match","Exact","12524 SOUTHEASTERN AVE, INDIANAPOLIS, IN, 46259","-85.943537865227,39.664417884458","33231631","L"
"1428","2402 W LAKE CIRCLE DR, INDIANAPOLIS, IN, 46268","No_Match"
"1306","12359 SOUTHEASTERN AVE, INDIANAPOLIS, IN, 46259","Match","Exact","12359 SOUTHEASTERN AVE, INDIANAPOLIS, IN, 46259","-85.947343029931,39.666647129076","655372144","R"
"1427","3427 W 86TH ST, INDIANAPOLIS, IN, 46268","Match","Exact","3427 W 86TH ST, INDIANAPOLIS, IN, 46268","-86.218666978641,39.911659990009","107980779","L"
"1440","6330 CORPORATE DR, INDIANAPOLIS, IN, 46278","Match","Exact","6330 CORPORATE DR, INDIANAPOLIS, IN, 46278","-86.264942837208,39.8699567517","108043386","R"
"1316","7125 S FRANKLIN RD, INDIANAPOLIS, IN, 46259","Match","Exact","7125 S FRANKLIN RD, INDIANAPOLIS, IN, 46259","-86.018478650918,39.664769813785","108010872","L"
"1437","6120 VICTORY WAY, INDIANAPOLIS, IN, 46278","Match","Exact","6120 VICTORY WAY, INDIANAPOLIS, IN, 46278","-86.266578937812,39.871050169301","645532277","L"
"1315","7642 ACTON RD, INDIANAPOLIS, IN, 46259","Match","Exact","7642 ACTON RD, INDIANAPOLIS, IN, 46259","-85.971064645094,39.658462145526","108013973","R"
"1436","6720 TELECOM DR, INDIANAPOLIS, IN, 46278","Match","Exact","6720 TELECOM DR, INDIANAPOLIS, IN, 46278","-86.269563594281,39.877022858961","108058517","L"
"1314","11205 HOUSE ST, INDIANAPOLIS, IN, 46259","Match","Exact","11205 HOUSE ST, INDIANAPOLIS, IN, 46259","-85.966572300474,39.655544359468","108014013","R"
"1435","6460 INTECH WAY, INDIANAPOLIS, IN, 46278","No_Match"
"1313","8112 E SOUTHPORT RD, INDIANAPOLIS, IN, 46259","Match","Exact","8112 E SOUTHPORT RD, INDIANAPOLIS, IN, 46259","-86.023264337834,39.666810787704","108055818","L"
"1434","5720 W 86TH ST, INDIANAPOLIS, IN, 46278","Match","Exact","5720 W 86TH ST, INDIANAPOLIS, IN, 46278","-86.261442696882,39.910764710428","657868894","R"
"1312","12244 SOUTHEASTERN AVE, INDIANAPOLIS, IN, 46259","Match","Exact","12244 SOUTHEASTERN AVE, INDIANAPOLIS, IN, 46259","-85.948369826688,39.667418658876","655372144","L"
"1433","7340 WOODLAND DR, INDIANAPOLIS, IN, 46278","Match","Exact","7340 WOODLAND DR, INDIANAPOLIS, IN, 46278","-86.267005515326,39.885860700068","644405004","R"
"1311","12346 SOUTHEASTERN AVE, INDIANAPOLIS, IN, 46259","Match","Exact","12346 SOUTHEASTERN AVE, INDIANAPOLIS, IN, 46259","-85.946120074643,39.666019202029","655372144","L"
"1432","7711 MICHIGAN RD, INDIANAPOLIS, IN, 46268","Match","Exact","7711 MICHIGAN RD, INDIANAPOLIS, IN, 46268","-86.212725377818,39.891025512764","657880217","R"
"1310","12591 SOUTHEASTERN AVE, INDIANAPOLIS, IN, 46259","Match","Exact","12591 SOUTHEASTERN AVE, INDIANAPOLIS, IN, 46259","-85.944289039627,39.664748594044","655372144","R"
"1431","8710 ROBBINS RD, INDIANAPOLIS, IN, 46268","Match","Exact","8710 ROBBINS RD, INDIANAPOLIS, IN, 46268","-86.253968259235,39.911802787025","108025580","L"
"1430","4541 W 71ST ST, INDIANAPOLIS, IN, 46268","Match","Exact","4541 W 71ST ST, INDIANAPOLIS, IN, 46268","-86.238080843013,39.882310004468","108028315","L"
"1319","11058 VIRGIL ST, INDIANAPOLIS, IN, 46259","Match","Exact","11058 VIRGIL ST, INDIANAPOLIS, IN, 46259","-85.969919905591,39.655358062557","108013986","L"
"1318","11144 EXCHANGE ST, INDIANAPOLIS, IN, 46259","Match","Exact","11144 EXCHANGE ST, INDIANAPOLIS, IN, 46259","-85.968435499205,39.655438698816","108013997","L"
"1439","6129 W 80TH ST, INDIANAPOLIS, IN, 46278","Match","Exact","6129 W 80TH ST, INDIANAPOLIS, IN, 46278","-86.266567345459,39.898008503293","635330871","L"
"1317","8134 E SOUTHPORT RD, INDIANAPOLIS, IN, 46259","Match","Exact","8134 E SOUTHPORT RD, INDIANAPOLIS, IN, 46259","-86.022750952975,39.666819489881","108055819","L"
"1438","6700 CORPORATE DR, INDIANAPOLIS, IN, 46278","No_Match"
"1330","6636 S FRANKLIN RD, INDIANAPOLIS, IN, 46259","Match","Exact","6636 S FRANKLIN RD, INDIANAPOLIS, IN, 46259","-86.018665548704,39.671396124962","108069245","R"
"1451","6330 DIGITAL WAY, INDIANAPOLIS, IN, 46278","Match","Exact","6330 DIGITAL WAY, INDIANAPOLIS, IN, 46278","-86.272157266814,39.878388663242","108058456","R"
"1450","5607 W 86TH ST, INDIANAPOLIS, IN, 46278","Match","Exact","5607 W 86TH ST, INDIANAPOLIS, IN, 46278","-86.260028446258,39.910660559302","657868894","L"
"1206","9642 ALLISONVILLE RD, INDIANAPOLIS, IN, 46250","Match","Exact","9642 ALLISONVILLE RD, INDIANAPOLIS, IN, 46250","-86.065332315814,39.927727170664","29308265","L"
"1327","11156 EXCHANGE ST, INDIANAPOLIS, IN, 46259","Match","Exact","11156 EXCHANGE ST, INDIANAPOLIS, IN, 46259","-85.967842164169,39.655994074933","108014000","L"
"1448","7601 INTERACTIVE WAY, INDIANAPOLIS, IN, 46278","No_Match"
"1205","9654 ALLISONVILLE RD, INDIANAPOLIS, IN, 46250","Match","Exact","9654 ALLISONVILLE RD, INDIANAPOLIS, IN, 46250","-86.065095168852,39.927904329409","29308265","L"
"1326","11143 EXCHANGE ST, INDIANAPOLIS, IN, 46259","Match","Exact","11143 EXCHANGE ST, INDIANAPOLIS, IN, 46259","-85.968203249409,39.655474127812","108013997","R"
"1447","6002 VICTORY WAY, INDIANAPOLIS, IN, 46278","No_Match"
"1204","9700 ALLISONVILLE RD, INDIANAPOLIS, IN, 46250","No_Match"
"1325","11039 JOYCE ST, INDIANAPOLIS, IN, 46259","Match","Exact","11039 JOYCE ST, INDIANAPOLIS, IN, 46259","-85.970368994993,39.655618473264","108013981","R"
"1446","6050 W 86TH ST, INDIANAPOLIS, IN, 46278","Match","Exact","6050 W 86TH ST, INDIANAPOLIS, IN, 46278","-86.265574361014,39.910705769525","657868894","R"
"1203","9610 ALLISONVILLE RD, INDIANAPOLIS, IN, 46250","Match","Exact","9610 ALLISONVILLE RD, INDIANAPOLIS, IN, 46250","-86.065941000719,39.927240797961","29308265","L"
"1324","11219 HOUSE ST, INDIANAPOLIS, IN, 46259","Match","Exact","11219 HOUSE ST, INDIANAPOLIS, IN, 46259","-85.966451913476,39.655663203041","108014013","R"
"1445","5905 W 86TH ST, INDIANAPOLIS, IN, 46278","Match","Exact","5905 W 86TH ST, INDIANAPOLIS, IN, 46278","-86.264559739406,39.910611300155","657868894","L"
"1202","5906 E 96TH ST, INDIANAPOLIS, IN, 46250","No_Match"
"1323","11111 EXCHANGE ST, INDIANAPOLIS, IN, 46259","Match","Exact","11111 EXCHANGE ST, INDIANAPOLIS, IN, 46259","-85.968937022746,39.654797905164","108013995","R"
"1444","5920 W 86TH ST, INDIANAPOLIS, IN, 46278","Match","Exact","5920 W 86TH ST, INDIANAPOLIS, IN, 46278","-86.26394652013,39.910737762354","657868894","R"
"1201","9626 ALLISONVILLE RD, INDIANAPOLIS, IN, 46250","Match","Exact","9626 ALLISONVILLE RD, INDIANAPOLIS, IN, 46250","-86.065645467373,39.92748855799","29308265","L"
"1322","11116 EXCHANGE ST, INDIANAPOLIS, IN, 46259","Match","Exact","11116 EXCHANGE ST, INDIANAPOLIS, IN, 46259","-85.968797893923,39.655104774499","108013995","L"
"1443","8450 NORTHWEST BLVD, INDIANAPOLIS, IN, 46278","Match","Exact","8450 NORTHWEST BLVD, INDIANAPOLIS, IN, 46278","-86.26633411555,39.907769855236","639512677","R"
"1200","4849 LIBERTY LN, INDIANAPOLIS, IN, 46241","Match","Exact","4849 LIBERTY LN, INDIANAPOLIS, IN, 46241","-86.244086677717,39.72150767182","108004922","L"
"1321","7737 SHELBYVILLE RD, INDIANAPOLIS, IN, 46259","Match","Exact","7737 SHELBYVILLE RD, INDIANAPOLIS, IN, 46259","-86.034308797972,39.655102862778","108066109","R"
"1442","5820 W 85TH ST, INDIANAPOLIS, IN, 46278","Match","Non_Exact","5820 85TH ST, INDIANAPOLIS, IN, 46278","-86.263307444481,39.909697152394","108018295","R"
"1320","8126 E SOUTHPORT RD, INDIANAPOLIS, IN, 46259","Match","Exact","8126 E SOUTHPORT RD, INDIANAPOLIS, IN, 46259","-86.022875193383,39.666817471683","108055819","L"
"1441","7023 CORPORATE DR, INDIANAPOLIS, IN, 46278","Match","Exact","7023 CORPORATE DR, INDIANAPOLIS, IN, 46278","-86.265410106765,39.881017414765","108054112","L"
"1209","9668 ALLISONVILLE RD, INDIANAPOLIS, IN, 46250","Match","Exact","9668 ALLISONVILLE RD, INDIANAPOLIS, IN, 46250","-86.064813648062,39.928103618382","29308265","L"
"1208","9611 ALLISONVILLE RD, INDIANAPOLIS, IN, 46250","Match","Exact","9611 ALLISONVILLE RD, INDIANAPOLIS, IN, 46250","-86.065830742191,39.927163454659","29308265","R"
"1329","11055 VIRGIL ST, INDIANAPOLIS, IN, 46259","Match","Exact","11055 VIRGIL ST, INDIANAPOLIS, IN, 46259","-85.969854360722,39.655227754784","108013986","R"
"1207","9662 ALLISONVILLE RD, INDIANAPOLIS, IN, 46250","Match","Exact","9662 ALLISONVILLE RD, INDIANAPOLIS, IN, 46250","-86.064934299829,39.928018208822","29308265","L"
"1328","7920 HOTZE ST, INDIANAPOLIS, IN, 46259","Match","Exact","7920 HOTZE ST, INDIANAPOLIS, IN, 46259","-85.965350771888,39.654080457891","108014124","R"
"1449","5640 W 86TH ST, INDIANAPOLIS, IN, 46278","Match","Exact","5640 W 86TH ST, INDIANAPOLIS, IN, 46278","-86.260439630944,39.910769257929","657868894","R"

"1536","4501 BUDDY BLVD, EVANSVILLE, IN, 47711","Match","Exact","4501 BUDDY BLVD, EVANSVILLE, IN, 47711","-87.494977577038,38.022692715728","39808259","R"
"1535","1914 N DENBY AVE, EVANSVILLE, IN, 47711","Match","Exact","1914 N DENBY AVE, EVANSVILLE, IN, 47711","-87.550865352425,37.994917075433","39783970","L"
"1534","1929 E MORGAN AVE, EVANSVILLE, IN, 47711","Match","Exact","1929 E MORGAN AVE, EVANSVILLE, IN, 47711","-87.529962772691,37.99165017103","39784203","R"
"1533","3100 E MORGAN AVE, EVANSVILLE, IN, 47711","Match","Exact","3100 E MORGAN AVE, EVANSVILLE, IN, 47711","-87.511739058697,37.991495153788","39790538","L"
"1532","1407 E OREGON ST, EVANSVILLE, IN, 47711","Match","Exact","1407 E OREGON ST, EVANSVILLE, IN, 47711","-87.539833639612,37.986324887796","39785079","R"
"1531","600 N HEIDELBACH AVE, EVANSVILLE, IN, 47711","Match","Exact","600 N HEIDELBACH AVE, EVANSVILLE, IN, 47711","-87.561254895208,37.982908929866","39782725","L"
"1530","2400 E MORGAN AVE, EVANSVILLE, IN, 47711","Match","Exact","2400 E MORGAN AVE, EVANSVILLE, IN, 47711","-87.519960944508,37.991638185874","39784463","L"
"1539","4416 CHAPEL CT, EVANSVILLE, IN, 47711","Match","Non_Exact","4416 E CHAPEL CT, EVANSVILLE, IN, 47711","-87.49548859626,38.026229966436","39784691","L"
"1538","1326 DIVISION ST, EVANSVILLE, IN, 47711","Match","Non_Exact","1326 E DIVISION ST, EVANSVILLE, IN, 47711","-87.539911878792,37.977242168563","635463704","L"
"1537","4509 CRESTVIEW DR, EVANSVILLE, IN, 47711","Match","Exact","4509 CRESTVIEW DR, EVANSVILLE, IN, 47711","-87.495173935044,38.022062819398","635871091","R"
"1550","1140 MAXWELL AVE, EVANSVILLE, IN, 47711","Match","Exact","1140 MAXWELL AVE, EVANSVILLE, IN, 47711","-87.544969308849,37.993932642973","39813790","L"
"1503","124 UNITED STATES HIGHWAY 31 S, INDIANAPOLIS, IN, 46290","No_Match"
"1547","1521 N MAIN ST, EVANSVILLE, IN, 47711","Match","Exact","1521 N MAIN ST, EVANSVILLE, IN, 47711","-87.563592935359,37.991409222291","39802502","R"
"1502","10401 N MERIDIAN ST, INDIANAPOLIS, IN, 46290","No_Match"
"1546","3323 MARINER DR, EVANSVILLE, IN, 47711","Match","Exact","3323 MARINER DR, EVANSVILLE, IN, 47711","-87.509050617234,38.014285019966","39799459","R"
"1501","10333 N MERIDIAN ST, INDIANAPOLIS, IN, 46290","No_Match"
"1545","4613 CRESTVIEW CT, EVANSVILLE, IN, 47711","Match","Non_Exact","4613 CRESTVIEW DR, EVANSVILLE, IN, 47711","-87.494167623971,38.022045879433","39807715","R"
"1544","3508 STRINGTOWN RD, EVANSVILLE, IN, 47711","Match","Exact","3508 STRINGTOWN RD, EVANSVILLE, IN, 47711","-87.556575698333,38.010554267873","39780334","L"
"1543","3220 MARINER DR, EVANSVILLE, IN, 47711","Match","Exact","3220 MARINER DR, EVANSVILLE, IN, 47711","-87.509960327657,38.01441150445","39799459","L"
"1542","1025 CANAL ST, EVANSVILLE, IN, 47711","Match","Exact","1025 CANAL ST, EVANSVILLE, IN, 47711","-87.547403372276,37.977428013386","39798535","R"
"1541","1916 NEW HAMPSHIRE DR, EVANSVILLE, IN, 47711","Match","Exact","1916 NEW HAMPSHIRE DR, EVANSVILLE, IN, 47711","-87.538874092763,37.994960421429","636637802","R"
"1540","4820 SPRING ST, EVANSVILLE, IN, 47711","Match","Exact","4820 SPRING ST, EVANSVILLE, IN, 47711","-87.525802778494,38.021368402001","39784266","L"
"1509","10603 N MERIDIAN ST, INDIANAPOLIS, IN, 46290","Match","Exact","10603 N MERIDIAN ST, INDIANAPOLIS, IN, 46290","-86.157513664832,39.947218527479","648563751","R"
"1508","101 W 103RD ST, INDIANAPOLIS, IN, 46290","Match","Exact","101 W 103RD ST, INDIANAPOLIS, IN, 46290","-86.161945865298,39.935995192155","649902312","L"
"1507","10291 N MERIDIAN ST, INDIANAPOLIS, IN, 46290","No_Match"
"1506","123 UNITED STATES HIGHWAY 31 N, INDIANAPOLIS, IN, 46290","No_Match"
"1505","10300 ILLINOIS ST, INDIANAPOLIS, IN, 46290","Match","Exact","10300 ILLINOIS ST, INDIANAPOLIS, IN, 46290","-86.160790784382,39.937728033269","648561658","L"
"1549","1421 N MAIN ST, EVANSVILLE, IN, 47711","Match","Exact","1421 N MAIN ST, EVANSVILLE, IN, 47711","-87.563618589712,37.990507254969","39780426","R"
"1504","10293 N MERIDIAN ST, INDIANAPOLIS, IN, 46290","No_Match"
"1548","3116 E MORGAN AVE, EVANSVILLE, IN, 47711","Match","Exact","3116 E MORGAN AVE, EVANSVILLE, IN, 47711","-87.511395729661,37.991488360364","652688298","L"
"1514","10580 N MERIDIAN ST, INDIANAPOLIS, IN, 46290","No_Match"
"1558","3900 OAK HILL RD, EVANSVILLE, IN, 47711","Match","Exact","3900 OAK HILL RD, EVANSVILLE, IN, 47711","-87.51095492021,38.013279824283","658170356","L"
"1513","170 W 106TH ST, INDIANAPOLIS, IN, 46290","Match","Exact","170 W 106TH ST, INDIANAPOLIS, IN, 46290","-86.160373408704,39.941655584963","654695678","L"
"1557","4520 FRONTIER DR, EVANSVILLE, IN, 47711","Match","Exact","4520 FRONTIER DR, EVANSVILLE, IN, 47711","-87.495107031652,38.024130904667","39796094","L"
"1512","123 UNITED STATES HIGHWAY 31 S, INDIANAPOLIS, IN, 46290","No_Match"
"1556","104 E DELAWARE ST, EVANSVILLE, IN, 47711","Match","Exact","104 E DELAWARE ST, EVANSVILLE, IN, 47711","-87.562202874297,37.983835830234","39782724","L"
"1511","10220 ILLINOIS ST, INDIANAPOLIS, IN, 46290","Match","Exact","10220 ILLINOIS ST, INDIANAPOLIS, IN, 46290","-86.161389405259,39.936935111593","648561658","L"
"1555","4614 CHAPEL CT, EVANSVILLE, IN, 47711","Match","Non_Exact","4614 E CHAPEL CT, EVANSVILLE, IN, 47711","-87.494336887998,38.026189105795","39790567","L"
"1510","10601 N MERIDIAN ST, INDIANAPOLIS, IN, 46290","Match","Exact","10601 N MERIDIAN ST, INDIANAPOLIS, IN, 46290","-86.157513510896,39.947183499035","648563751","R"
"1554","2201 E MORGAN AVE, EVANSVILLE, IN, 47711","Match","Exact","2201 E MORGAN AVE, EVANSVILLE, IN, 47711","-87.523949750528,37.991567776246","635870869","R"
"1553","1221 N MAIN ST, EVANSVILLE, IN, 47711","Match","Exact","1221 N MAIN ST, EVANSVILLE, IN, 47711","-87.563665096706,37.988621000131","39782647","R"
"1552","5207 PLEASANT RIDGE DR, EVANSVILLE, IN, 47711","Match","Exact","5207 PLEASANT RIDGE DR, EVANSVILLE, IN, 47711","-87.496027478911,38.024982335326","39784690","R"
"1551","4500 BUDDY BLVD, EVANSVILLE, IN, 47711","Match","Exact","4500 BUDDY BLVD, EVANSVILLE, IN, 47711","-87.494977577029,38.022807307103","39808259","L"
"1519","300 N GOVERNOR AVE, EVANSVILLE, IN, 47711","Match","Non_Exact","300 N GOVERNOR ST, EVANSVILLE, IN, 47711","-87.559003227902,37.980094660038","39782747","L"
"1518","10590 N MERIDIAN ST, INDIANAPOLIS, IN, 46290","No_Match"
"1517","9625 N MERIDIAN ST, INDIANAPOLIS, IN, 46290","Match","Exact","9625 N MERIDIAN ST, INDIANAPOLIS, IN, 46290","-86.157741176896,39.927162379454","648564014","R"
"1516","9611 N MERIDIAN ST, INDIANAPOLIS, IN, 46290","Match","Exact","9611 N MERIDIAN ST, INDIANAPOLIS, IN, 46290","-86.15774084268,39.927105886808","648564014","R"
"1515","37 W 103RD ST, INDIANAPOLIS, IN, 46290","Match","Non_Exact","37 103RD ST, INDIANAPOLIS, IN, 46290","-86.160115194814,39.936152857652","648561563","R"
"1525","2625 STRINGTOWN RD, EVANSVILLE, IN, 47711","Match","Exact","2625 STRINGTOWN RD, EVANSVILLE, IN, 47711","-87.554056464149,38.004175765533","39780365","R"
"1524","2159 HOLIDAY LN, EVANSVILLE, IN, 47711","Match","Exact","2159 HOLIDAY LN, EVANSVILLE, IN, 47711","-87.524372252106,37.995125062351","39793605","R"
"1523","10 N KENTUCKY AVE, EVANSVILLE, IN, 47711","Match","Exact","10 N KENTUCKY AVE, EVANSVILLE, IN, 47711","-87.547798537021,37.978234224461","39785023","L"
"1522","901 N FARES AVE, EVANSVILLE, IN, 47711","Match","Exact","901 N FARES AVE, EVANSVILLE, IN, 47711","-87.542920272946,37.985634493389","39785046","R"
"1521","4415 CRESTVIEW DR, EVANSVILLE, IN, 47711","Match","Exact","4415 CRESTVIEW DR, EVANSVILLE, IN, 47711","-87.496006473687,38.022076054403","635871091","R"
"1520","3000 E MORGAN AVE, EVANSVILLE, IN, 47711","Match","Exact","3000 E MORGAN AVE, EVANSVILLE, IN, 47711","-87.513136967038,37.991515232745","39790538","L"
"1529","2151 HOLIDAY LN, EVANSVILLE, IN, 47711","Match","Exact","2151 HOLIDAY LN, EVANSVILLE, IN, 47711","-87.524570598103,37.995167522498","39793605","R"
"1528","301 N WEINBACH AVE, EVANSVILLE, IN, 47711","Match","Exact","301 N WEINBACH AVE, EVANSVILLE, IN, 47711","-87.529272978008,37.980329056904","39785501","R"
"1527","2524 E MORGAN AVE, EVANSVILLE, IN, 47711","Match","Exact","2524 E MORGAN AVE, EVANSVILLE, IN, 47711","-87.517850562588,37.991610992466","39800829","L"
"1526","1901 TEXAS DR, EVANSVILLE, IN, 47711","Match","Exact","1901 TEXAS DR, EVANSVILLE, IN, 47711","-87.539698131818,37.994676407388","39796177","L"
