object_id,street_address,city,state,postal_code,property_class,source_latitude,source_longitude
"1733688","2402 N PENNSYLVANIA ST","INDIANAPOLIS","IN","46205","456","39.80134583","-86.15589905"
"1735276","2201 N COLLEGE AVE","INDIANAPOLIS","IN","46205","429","39.79785538","-86.14444733"
"1735340","2142 CLAY ST","INDIANAPOLIS","IN","46205","456","39.83593369","-86.12271118"
"1735700","2050 E 52ND ST","INDIANAPOLIS","IN","46205","456","39.84810638","-86.12584686"
"1735748","4930 N KEYSTONE AVE","INDIANAPOLIS","IN","46205","456","39.84375381","-86.12234497"
"1736295","5140 BROUSE AVE","INDIANAPOLIS","IN","46205","499","39.84633255","-86.12339783"
"1736554","625 E 38TH ST","INDIANAPOLIS","IN","46205","456","39.82475281","-86.14665985"
"1736699","2502 N DELAWARE ST","INDIANAPOLIS","IN","46205","456","39.80316162","-86.15332794"
"1736915","922 E 30TH ST","INDIANAPOLIS","IN","46205","455","39.81088257","-86.14063263"
"1738353","164 E 25TH ST","INDIANAPOLIS","IN","46205","456","39.80315018","-86.15354919"
"1738395","4511 ALLISONVILLE RD","INDIANAPOLIS","IN","46205","456","39.83877182","-86.11816406"
"1739328","4210 WINTHROP AVE","INDIANAPOLIS","IN","46205","499","39.83273315","-86.14143372"
"1739618","3503 N COLLEGE AVE","INDIANAPOLIS","IN","46205","456","39.81987381","-86.1446228"
"1739783","2919 E 46TH ST","INDIANAPOLIS","IN","46205","452","39.83987045","-86.11547852"
"1740213","4566 N COLLEGE AVE","INDIANAPOLIS","IN","46205","456","39.83930588","-86.14557648"
"1741020","3925 N KEYSTONE AVE","INDIANAPOLIS","IN","46205","420","39.82788086","-86.12138367"
"1741149","1436 E 46TH ST","INDIANAPOLIS","IN","46205","447","39.84047318","-86.13423157"
"1741280","2138 CLAY ST","INDIANAPOLIS","IN","46205","456","39.83592987","-86.12299347"
"1741497","3909 N KEYSTONE AVE","INDIANAPOLIS","IN","46205","447","39.82733917","-86.12142181"
"1741637","4838 N COLLEGE AVE","INDIANAPOLIS","IN","46205","440","39.84255219","-86.14604187"
"1741662","2524 N DELAWARE ST","INDIANAPOLIS","IN","46205","456","39.80352783","-86.15340424"
"1742025","2228 N COLLEGE AVE","INDIANAPOLIS","IN","46205","456","39.79846954","-86.14523315"
"1742317","4728 N KEYSTONE AVE","INDIANAPOLIS","IN","46205","420","39.84245682","-86.12226105"
"1742494","1841 E 46TH ST","INDIANAPOLIS","IN","46205","499","39.83996964","-86.12958527"
"1742737","2356 CARROLLTON AVE","INDIANAPOLIS","IN","46205","419","39.80104446","-86.1436615"
"1743054","2520 N DELAWARE ST","INDIANAPOLIS","IN","46205","456","39.80343246","-86.15340424"
"1743998","3900 N PENNSYLVANIA ST","INDIANAPOLIS","IN","46205","447","39.82642746","-86.15509796"
"1744563","944 E 30TH ST","INDIANAPOLIS","IN","46205","429","39.81084442","-86.13977051"
"1744624","3787 N MERIDIAN ST","INDIANAPOLIS","IN","46205","425","39.82448578","-86.15590668"
"1744822","657 E 38TH ST","INDIANAPOLIS","IN","46205","456","39.82484818","-86.14579773"
"1745037","25 E 39TH ST","INDIANAPOLIS","IN","46205","456","39.82567596","-86.1558075"
"1745446","2446 N PENNSYLVANIA ST","INDIANAPOLIS","IN","46205","447","39.80236053","-86.1558075"
"1745587","4163 WINTHROP AVE","INDIANAPOLIS","IN","46205","480","39.83174515","-86.14067841"
"1745595","3353 CENTRAL AVE","INDIANAPOLIS","IN","46205","429","39.81723785","-86.14941406"
"1745665","2450 N PENNSYLVANIA ST","INDIANAPOLIS","IN","46205","447","39.8025856","-86.15579224"
"1745980","2702 CARROLLTON AVE","INDIANAPOLIS","IN","46205","499","39.8057251","-86.1436615"
"1746728","2030 E 52ND ST","INDIANAPOLIS","IN","46205","456","39.8482933","-86.12652588"
"1746908","2507 WILLOWBROOK PKWY","INDIANAPOLIS","IN","46205","499","39.84112549","-86.12043762"
"1747341","3355 CENTRAL AVE","INDIANAPOLIS","IN","46205","455","39.81722641","-86.14919281"
"1747576","4902 N COLLEGE AVE","INDIANAPOLIS","IN","46205","456","39.84304047","-86.14598083"
"1734238","1217 EUGENE ST","INDIANAPOLIS","IN","46208","456","39.8088913","-86.18345642"
"1734347","211 W 34TH ST","INDIANAPOLIS","IN","46208","429","39.81713867","-86.16188049"
"1734934","2269 N ILLINOIS ST","INDIANAPOLIS","IN","46208","456","39.79873657","-86.15855408"
"1735622","400 FALL CREEK BLVD","INDIANAPOLIS","IN","46208","456","39.79728699","-86.16732025"
"1736232","2437 N MERIDIAN ST","INDIANAPOLIS","IN","46208","447","39.80218506","-86.15635681"
"1736425","1118 W 26TH ST","INDIANAPOLIS","IN","46208","499","39.80392456","-86.18065643"
"1737450","1317 EUGENE ST","INDIANAPOLIS","IN","46208","429","39.80885696","-86.18575287"
"1738460","2947 CLIFTON ST","INDIANAPOLIS","IN","46208","456","39.80976105","-86.1802597"
"1738475","5644 N ILLINOIS ST","INDIANAPOLIS","IN","46208","467","39.85710144","-86.15996552"
"1738807","3302 N MERIDIAN ST","INDIANAPOLIS","IN","46208","456","39.81575394","-86.15718842"
"1738890","3360 N ILLINOIS ST","INDIANAPOLIS","IN","46208","440","39.81703949","-86.15948486"
"1739149","1222 EUGENE ST","INDIANAPOLIS","IN","46208","499","39.80939865","-86.18351746"
"1739347","3422 SALEM ST","INDIANAPOLIS","IN","46208","456","39.81808472","-86.15830994"
"1740004","3401 N CAPITOL AVE","INDIANAPOLIS","IN","46208","499","39.81752777","-86.16118622"
"1740028","3002 N CAPITOL AVE","INDIANAPOLIS","IN","46208","456","39.81024933","-86.16178894"
"1740394","3244 N ILLINOIS ST","INDIANAPOLIS","IN","46208","456","39.81506348","-86.15946198"
"1740709","3624 DR M L KING JR ST","INDIANAPOLIS","IN","46208","456","39.81838608","-86.17812347"
"1741223","3426 SALEM ST","INDIANAPOLIS","IN","46208","456","39.81819534","-86.15830994"
"1741269","3231 N MERIDIAN ST","INDIANAPOLIS","IN","46208","499","39.81482697","-86.15613556"
"1741622","1018 EDGEMONT AVE","INDIANAPOLIS","IN","46208","456","39.80229187","-86.17875671"
"1741664","3745 SALEM ST","INDIANAPOLIS","IN","46208","444","39.82394028","-86.15775299"
"1741676","2530 BURTON AVE","INDIANAPOLIS","IN","46208","447","39.80335236","-86.18257904"
"1741841","828 ROACHE ST","INDIANAPOLIS","IN","46208","419","39.80490494","-86.17424011"
"1742039","2445 N MERIDIAN ST","INDIANAPOLIS","IN","46208","447","39.80241013","-86.15633392"
"1742398","2967 DR M L KING JR ST","INDIANAPOLIS","IN","46208","456","39.80949402","-86.17315674"
"1742531","2311 N MERIDIAN ST","INDIANAPOLIS","IN","46208","442","39.79957199","-86.15660858"
"1742791","1331 EUGENE ST","INDIANAPOLIS","IN","46208","429","39.80892944","-86.1866684"
"1743399","3172 N ILLINOIS ST","INDIANAPOLIS","IN","46208","447","39.81335831","-86.15944672"
"1743727","553 W 26TH ST","INDIANAPOLIS","IN","46208","429","39.804039","-86.17006683"
"1743929","150 W 29TH ST N","INDIANAPOLIS","IN","46208","499","39.80849457","-86.1606369"
"1744404","1064 W 29TH ST","INDIANAPOLIS","IN","46208","499","39.80852509","-86.18009186"
"1744461","2901 N KENWOOD AVE","INDIANAPOLIS","IN","46208","456","39.80879211","-86.15965271"
"1744571","137 W FALL CREEK PKWY DR S","INDIANAPOLIS","IN","46208","419","39.80195618","-86.15982819"
"1744661","2933 CLIFTON ST","INDIANAPOLIS","IN","46208","499","39.80944824","-86.18029785"
"1744747","1333 UDELL ST","INDIANAPOLIS","IN","46208","499","39.80682373","-86.18685913"
"1745224","2906 N KENWOOD AVE","INDIANAPOLIS","IN","46208","499","39.80860519","-86.16051483"
"1745423","1019 EDGEMONT AVE","INDIANAPOLIS","IN","46208","456","39.801651","-86.17873383"
"1746002","2225 N MERIDIAN ST","INDIANAPOLIS","IN","46208","456","39.79801941","-86.15674591"
"1746088","1320 W 29TH ST","INDIANAPOLIS","IN","46208","456","39.80849075","-86.18585205"
"1746892","3402 N ILLINOIS ST","INDIANAPOLIS","IN","46208","456","39.8175354","-86.15949249"
"1735624","7421 W 10TH ST","INDIANAPOLIS","IN","46214","456","39.77877808","-86.29272461"
"1735772","7040 W 10TH ST","INDIANAPOLIS","IN","46214","444","39.77970123","-86.28477478"
"1736107","2930 WATERFRONT PKWY DR W","INDIANAPOLIS","IN","46214","411","39.80638504","-86.28432465"
"1738572","3135 DANDY TRL","INDIANAPOLIS","IN","46214","447","39.81110382","-86.30665588"
"1740568","1060 N GLEN ARM RD","INDIANAPOLIS","IN","46214","425","39.78022766","-86.27394867"
"1742982","2629 WATERFRONT PKWY DR E","INDIANAPOLIS","IN","46214","449","39.80235672","-86.27651978"
"1743023","3061 SALT LAKE RD","INDIANAPOLIS","IN","46214","447","39.80953598","-86.30414581"
"1743497","3089 SALT LAKE RD","INDIANAPOLIS","IN","46214","447","39.80980682","-86.3039856"
"1743679","8051 WINDHAM LAKE DR","INDIANAPOLIS","IN","46214","481","39.8147316","-86.30315399"
"1745539","3085 SALT LAKE RD","INDIANAPOLIS","IN","46214","447","39.80975342","-86.30401611"
"1746645","7301 ROCKVILLE RD","INDIANAPOLIS","IN","46214","420","39.76377487","-86.28952789"
"1747723","2611 WATERFRONT PKWY DR E","INDIANAPOLIS","IN","46214","449","39.80302811","-86.27841949"
"1748834","7255 W 10TH ST","INDIANAPOLIS","IN","46214","456","39.77896118","-86.28816986"
"1749376","3065 SALT LAKE RD","INDIANAPOLIS","IN","46214","447","39.80958939","-86.3041153"
"1750184","3077 SALT LAKE RD","INDIANAPOLIS","IN","46214","447","39.80968475","-86.30400848"
"1756030","3069 SALT LAKE RD","INDIANAPOLIS","IN","46214","447","39.80965805","-86.3041153"
"1756461","3073 SALT LAKE RD","INDIANAPOLIS","IN","46214","447","39.80963135","-86.304039"
"1757160","6406 ROCKVILLE RD","INDIANAPOLIS","IN","46214","452","39.76520157","-86.27310944"
"1764055","8151 COUNTRY VILLAGE DR","INDIANAPOLIS","IN","46214","499","39.76253128","-86.304245"
"1764151","7235 W 10TH ST","INDIANAPOLIS","IN","46214","429","39.77873993","-86.28778076"
"1764189","7218 W 10TH ST","INDIANAPOLIS","IN","46214","431","39.77968216","-86.28661346"
"1765824","8235 COUNTRY VILLAGE DR","INDIANAPOLIS","IN","46214","442","39.76257324","-86.306427"
"1767030","7902 W 10TH ST","INDIANAPOLIS","IN","46214","450","39.77941513","-86.3008728"
"1767182","6336 W 10TH ST","INDIANAPOLIS","IN","46214","499","39.77981567","-86.27325439"
"1767548","7373 W 10TH ST","INDIANAPOLIS","IN","46214","426","39.7787323","-86.29079437"
"1768862","7501 W 10TH ST","INDIANAPOLIS","IN","46214","452","39.7787323","-86.29315186"
"1773129","650 N GIRLS SCHOOL RD","INDIANAPOLIS","IN","46214","447","39.77528","-86.28972626"
"1773607","7415 W 10TH ST","INDIANAPOLIS","IN","46214","431","39.77878571","-86.29222107"
"1773822","7201 W 10TH ST","INDIANAPOLIS","IN","46214","431","39.77882004","-86.28720093"
"1775191","3125 DANDY TRL","INDIANAPOLIS","IN","46214","447","39.81073761","-86.30715942"
"1782985","7336 ROCKVILLE RD","INDIANAPOLIS","IN","46214","444","39.76509857","-86.29044342"
"1784747","6355 ROCKVILLE RD","INDIANAPOLIS","IN","46214","442","39.76434708","-86.27165985"
"1785868","351 TRANSFER DR","INDIANAPOLIS","IN","46214","447","39.77109146","-86.29827881"
"1787840","77 S GIRLS SCHOOL RD","INDIANAPOLIS","IN","46214","447","39.76307678","-86.28875732"
"1788044","7436 ROCKVILLE RD","INDIANAPOLIS","IN","46214","425","39.76472473","-86.29255676"
"1792285","8120 W 34TH ST","INDIANAPOLIS","IN","46214","499","39.81608963","-86.30517578"
"1798126","7428 ROCKVILLE RD","INDIANAPOLIS","IN","46214","447","39.76528168","-86.29147339"
"1798592","8041 CRAWFORDSVILLE RD","INDIANAPOLIS","IN","46214","499","39.80838013","-86.30286407"
"1800931","855 N HIGH SCHOOL RD","INDIANAPOLIS","IN","46214","425","39.77843094","-86.27249146"
"1801841","8140 W 34TH ST","INDIANAPOLIS","IN","46214","499","39.81877136","-86.30718231"
"1802700","2780 WATERFRONT PKWY DR E","INDIANAPOLIS","IN","46214","449","39.80562592","-86.27862549"
"1804556","2831 WATERFRONT PKWY DR E","INDIANAPOLIS","IN","46214","447","39.80680084","-86.27923584"
"1805226","6450 W 10TH ST","INDIANAPOLIS","IN","46214","425","39.77997589","-86.27453613"
"1807712","3060 VALLEY FARMS RD","INDIANAPOLIS","IN","46214","412","39.80938339","-86.30307007"
"1809854","8135 CRAWFORDSVILLE RD","INDIANAPOLIS","IN","46214","455","39.80970383","-86.30632019"
"1810246","770 N HIGH SCHOOL RD","INDIANAPOLIS","IN","46214","447","39.7768364","-86.27303314"
"1811863","6443 W 10TH ST","INDIANAPOLIS","IN","46214","442","39.77919769","-86.27510071"
"1812350","1961 N GIRLS SCHOOL RD","INDIANAPOLIS","IN","46214","462","39.79321671","-86.28825378"
"1815997","7537 W 38TH ST","INDIANAPOLIS","IN","46214","499","39.82265472","-86.29404449"
"1817599","900 N HIGH SCHOOL RD","INDIANAPOLIS","IN","46214","447","39.77763367","-86.27328491"
"1818753","6331 ROCKVILLE RD","INDIANAPOLIS","IN","46214","420","39.76403809","-86.27119446"
"1822998","925 N HIGH SCHOOL RD","INDIANAPOLIS","IN","46214","444","39.77907944","-86.27300262"
"1825190","8101 CRAWFORDSVILLE RD","INDIANAPOLIS","IN","46214","499","39.80861664","-86.30512238"
"1825954","7295 W 21ST ST","INDIANAPOLIS","IN","46214","420","39.79366302","-86.28813934"
"1828973","6301 ROCKVILLE RD","INDIANAPOLIS","IN","46214","420","39.76440811","-86.27043152"
"1837470","7052 CRAWFORDSVILLE RD","INDIANAPOLIS","IN","46214","499","39.80092621","-86.28105927"
"1740479","5829 N POST RD","INDIANAPOLIS","IN","46216","447","39.86117554","-86.00997925"
"1743210","8335 E 56TH ST","INDIANAPOLIS","IN","46216","447","39.85440445","-86.02043915"
"1745629","5505 N POST RD","INDIANAPOLIS","IN","46216","448","39.85294724","-86.009552"
"1749205","5825 N POST RD","INDIANAPOLIS","IN","46216","447","39.86106873","-86.00997925"
"1751149","5827 N POST RD","INDIANAPOLIS","IN","46216","447","39.86112213","-86.00997925"
"1762990","9535 E 59TH ST","INDIANAPOLIS","IN","46216","447","39.8624649","-85.99979401"
"1767838","5738 WHEELER RD","INDIANAPOLIS","IN","46216","481","39.8589592","-86.00707245"
"1768778","8930 E 56TH ST","INDIANAPOLIS","IN","46216","444","39.85578537","-86.01111603"
"1770291","9145 E 56TH ST","INDIANAPOLIS","IN","46216","431","39.85487747","-86.00705719"
"1772278","9130 OTIS AVE","INDIANAPOLIS","IN","46216","447","39.85706329","-86.00868988"
"1772371","8901 OTIS AVE","INDIANAPOLIS","IN","46216","447","39.85641861","-86.01225281"
"1776696","8225 E 56TH ST","INDIANAPOLIS","IN","46216","447","39.85412598","-86.02256775"
"1781365","9560 E 59TH ST","INDIANAPOLIS","IN","46216","442","39.86331558","-85.99908447"
"1782556","5525 N POST RD","INDIANAPOLIS","IN","46216","431","39.8542366","-86.00955963"
"1782869","5825 LAWTON LOOP DR E","INDIANAPOLIS","IN","46216","447","39.86125183","-86.01296997"
"1787786","5355 N POST RD","INDIANAPOLIS","IN","46216","447","39.85101318","-86.00928497"
"1796950","9050 E 56TH ST","INDIANAPOLIS","IN","46216","444","39.85575104","-86.0088501"
"1800484","9165 E 56TH ST","INDIANAPOLIS","IN","46216","444","39.85497284","-86.00636292"
"1801030","9152 KENT AVE","INDIANAPOLIS","IN","46216","449","39.86193466","-86.00741577"
"1805851","5645 N POST RD","INDIANAPOLIS","IN","46216","425","39.85643387","-86.00983429"
"1822981","8315 E 56TH ST","INDIANAPOLIS","IN","46216","447","39.85440445","-86.02119446"
"1833636","5805 N POST RD","INDIANAPOLIS","IN","46216","447","39.86074448","-86.01006317"
"1836647","9134 OTIS AVE","INDIANAPOLIS","IN","46216","447","39.85676193","-86.00823212"
"1845518","9119 OTIS AVE","INDIANAPOLIS","IN","46216","447","39.85656738","-86.00892639"
"1852541","9620 E 59TH ST","INDIANAPOLIS","IN","46216","447","39.86317444","-85.99842072"
"1856028","5747 N POST RD","INDIANAPOLIS","IN","46216","447","39.85962677","-86.01010132"
"1858911","5665 N POST RD","INDIANAPOLIS","IN","46216","447","39.85699081","-86.00987244"
"1860771","8501 E 56TH ST","INDIANAPOLIS","IN","46216","442","39.85445404","-86.01843262"
"1861433","9055 E 56TH ST","INDIANAPOLIS","IN","46216","431","39.85486221","-86.00849915"
"1866871","8415 E 56TH ST","INDIANAPOLIS","IN","46216","447","39.85445786","-86.01951599"
"1882460","5845 LAWTON LOOP DR E","INDIANAPOLIS","IN","46216","447","39.86201859","-86.01244354"
"1887721","5605 N POST RD","INDIANAPOLIS","IN","46216","429","39.85585022","-86.00963593"
"1892314","5823 N POST RD","INDIANAPOLIS","IN","46216","447","39.86108398","-86.00998688"
"1893136","5752 WHEELER RD","INDIANAPOLIS","IN","46216","447","39.8597908","-86.00707245"
"1895270","9120 HARRISON PARK CT","INDIANAPOLIS","IN","46216","447","39.85229111","-86.00856781"
"1897110","9515 E 59TH ST","INDIANAPOLIS","IN","46216","447","39.8624649","-86.00010681"
"1908566","9025 E 56TH ST","INDIANAPOLIS","IN","46216","444","39.85480118","-86.00958252"
"1913103","8899 KENT AVE","INDIANAPOLIS","IN","46216","447","39.86142731","-86.01251221"
"1913923","9235 E 56TH ST","INDIANAPOLIS","IN","46216","450","39.85472488","-86.0052948"
"1920428","5515 N POST RD","INDIANAPOLIS","IN","46216","447","39.85358047","-86.00947571"
"1930400","5742 N POST RD","INDIANAPOLIS","IN","46216","447","39.85961914","-86.01136017"
"1936418","5625 N POST RD","INDIANAPOLIS","IN","46216","447","39.85605621","-86.00892639"
"1938539","9168 OTIS AVE","INDIANAPOLIS","IN","46216","444","39.8571167","-86.00701904"
"1939005","5455 HARRISON PARK LN","INDIANAPOLIS","IN","46216","447","39.85311127","-86.00657654"
"1944843","9045 E 59TH ST","INDIANAPOLIS","IN","46216","449","39.86191177","-86.00874329"
"1951709","5625 LAWTON LOOP DR E","INDIANAPOLIS","IN","46216","420","39.85569763","-86.01341248"
"1962562","9155 HARRISON PARK CT","INDIANAPOLIS","IN","46216","447","39.85169983","-86.00749207"
"1963808","9105 E 56TH ST","INDIANAPOLIS","IN","46216","426","39.85412598","-86.00811768"
"1965388","5777 N POST RD","INDIANAPOLIS","IN","46216","447","39.86029816","-86.00920868"
"1972193","5635 LAWTON LOOP DR E","INDIANAPOLIS","IN","46216","447","39.85643768","-86.01302338"
"1976127","9505 E 59TH ST","INDIANAPOLIS","IN","46216","447","39.86245728","-86.00059509"
"1978816","9225 HARRISON PARK CT","INDIANAPOLIS","IN","46216","447","39.85263443","-86.00544739"
"1981927","9615 E 59TH ST","INDIANAPOLIS","IN","46216","447","39.86252213","-85.99853516"
"1984796","9120 OTIS AVE","INDIANAPOLIS","IN","46216","447","39.85688019","-86.0091629"
"1984918","9115 E 56TH ST","INDIANAPOLIS","IN","46216","431","39.85483551","-86.00767517"
"1987680","9165 OTIS AVE","INDIANAPOLIS","IN","46216","447","39.85577774","-86.00650024"
"1734032","5950 S BELMONT AVE","INDIANAPOLIS","IN","46217","455","39.68164825","-86.19863892"
"1744069","4028 WICKER RD","INDIANAPOLIS","IN","46217","499","39.64389038","-86.23166656"
"1749550","8602 S MERIDIAN ST","INDIANAPOLIS","IN","46217","430","39.64077377","-86.16094208"
"1752219","4589 S HARDING ST","INDIANAPOLIS","IN","46217","410","39.69841385","-86.18343353"
"1753513","2000 W EPLER AVE","INDIANAPOLIS","IN","46217","499","39.68577576","-86.19480133"
"1753542","6118 S HARDING ST","INDIANAPOLIS","IN","46217","499","39.67705154","-86.18800354"
"1754011","7607 S MERIDIAN ST","INDIANAPOLIS","IN","46217","499","39.65597153","-86.15777588"
"1754126","1210 W THOMPSON RD","INDIANAPOLIS","IN","46217","456","39.69441223","-86.17882538"
"1754129","4640 S HARDING ST","INDIANAPOLIS","IN","46217","450","39.69725418","-86.18826294"
"1754144","1275 W SOUTHPORT RD","INDIANAPOLIS","IN","46217","420","39.66340637","-86.18115234"
"1754312","1337 W THOMPSON RD","INDIANAPOLIS","IN","46217","454","39.68954468","-86.18326569"
"1754329","6530 BLUFF RD","INDIANAPOLIS","IN","46217","467","39.67053604","-86.18034363"
"1754330","6550 S BELMONT AVE","INDIANAPOLIS","IN","46217","481","39.6698494","-86.19725037"
"1754385","7 W EPLER AVE","INDIANAPOLIS","IN","46217","480","39.68584061","-86.15951538"
"1754386","5424 W HARDING ST","INDIANAPOLIS","IN","46217","499","39.68689346","-86.18851471"
"1754409","1951 W EDGEWOOD AVE","INDIANAPOLIS","IN","46217","416","39.67633438","-86.1930542"
"1754432","4003 W SOUTHPORT RD","INDIANAPOLIS","IN","46217","416","39.66243362","-86.22832489"
"1754438","5940 KOPETSKY DR","INDIANAPOLIS","IN","46217","499","39.67926407","-86.19345856"
"1754442","4404 BLUFF RD","INDIANAPOLIS","IN","46217","499","39.70009232","-86.17345428"
"1754444","1406 W THOMPSON RD","INDIANAPOLIS","IN","46217","499","39.69292831","-86.18480682"
"1754445","1455 W THOMPSON RD","INDIANAPOLIS","IN","46217","456","39.69207001","-86.18548584"
"1754485","6840 S TIBBS AVE","INDIANAPOLIS","IN","46217","499","39.66484833","-86.21624756"
"1754552","1215 W THOMPSON RD","INDIANAPOLIS","IN","46217","456","39.6901207","-86.18148804"
"1754560","6825 BLUFF RD","INDIANAPOLIS","IN","46217","425","39.66594696","-86.18061829"
"1754562","8002 S MERIDIAN ST","INDIANAPOLIS","IN","46217","499","39.65190506","-86.15962219"
"1754604","4555 S HARDING ST","INDIANAPOLIS","IN","46217","499","39.69898605","-86.18180084"
"1754703","6735 S HARDING ST","INDIANAPOLIS","IN","46217","499","39.66830444","-86.18253326"
"1754732","7750 S MERIDIAN ST","INDIANAPOLIS","IN","46217","429","39.65379715","-86.15903473"
"1754776","1710 W EDGEWOOD AVE","INDIANAPOLIS","IN","46217","455","39.67933273","-86.19122314"
"1754812","3400 S HARDING ST","INDIANAPOLIS","IN","46217","456","39.71537399","-86.19220734"
"1754831","3800 DIVISION ST","INDIANAPOLIS","IN","46217","499","39.70977783","-86.1836319"
"1754836","3146 S HARDING ST","INDIANAPOLIS","IN","46217","499","39.71717453","-86.18943787"
"1754874","5193 HARDING LN","INDIANAPOLIS","IN","46217","499","39.68967056","-86.18535614"
"1754963","3490 BLUFF RD","INDIANAPOLIS","IN","46217","499","39.71620178","-86.17002106"
"1755258","3158 S HARDING ST","INDIANAPOLIS","IN","46217","499","39.7185173","-86.18960571"
"1755279","900 W SUMNER AVE","INDIANAPOLIS","IN","46217","499","39.71878433","-86.17524719"
"1755387","1015 W HANNA AVE","INDIANAPOLIS","IN","46217","456","39.70557404","-86.17917633"
"1755626","1335 W HANNA AVE","INDIANAPOLIS","IN","46217","499","39.70542145","-86.18389893"
"1755723","3488 BLUFF RD","INDIANAPOLIS","IN","46217","499","39.71598816","-86.170578"
"1755777","1315 W HANNA AVE","INDIANAPOLIS","IN","46217","455","39.70527649","-86.18227386"
"1756219","1635 W EDGEWOOD AVE","INDIANAPOLIS","IN","46217","499","39.67791367","-86.1891098"
"1758061","6650 BLUFF RD","INDIANAPOLIS","IN","46217","467","39.66935349","-86.18070984"
"1759129","5410 S MERIDIAN ST","INDIANAPOLIS","IN","46217","447","39.68711472","-86.15921783"
"1760694","6611 BLUFF RD","INDIANAPOLIS","IN","46217","499","39.66969681","-86.17900848"
"1760944","7631 S MERIDIAN ST","INDIANAPOLIS","IN","46217","429","39.65484619","-86.15784454"
"1761591","3015 S MERIDIAN ST","INDIANAPOLIS","IN","46217","421","39.72195816","-86.15759277"
"1763992","3016 W SOUTHPORT RD","INDIANAPOLIS","IN","46217","481","39.66444778","-86.2101059"
"1764915","4610 S HARDING ST","INDIANAPOLIS","IN","46217","450","39.69754791","-86.18801117"
"1766511","5204 S HARDING ST","INDIANAPOLIS","IN","46217","499","39.68991852","-86.18793488"
"1766518","1720 W THOMPSON RD","INDIANAPOLIS","IN","46217","451","39.69338989","-86.19059753"
"1766941","4017 S MERIDIAN ST","INDIANAPOLIS","IN","46217","499","39.70725632","-86.15811157"
"1768143","841 W SUMNER AVE","INDIANAPOLIS","IN","46217","499","39.71449661","-86.17514801"
"1768642","1631 W THOMPSON RD","INDIANAPOLIS","IN","46217","482","39.69149399","-86.19102478"
"1769519","5641 S HARDING ST","INDIANAPOLIS","IN","46217","499","39.68318176","-86.18557739"
"1771016","4004 S MERIDIAN ST","INDIANAPOLIS","IN","46217","420","39.70748138","-86.15893555"
"1777836","147 TRI SAB LN","INDIANAPOLIS","IN","46217","499","39.72036743","-86.16123962"
"1733762","1601 ROOSEVELT AVE","INDIANAPOLIS","IN","46218","456","39.78895187","-86.13137817"
"1735058","1503 E 18TH ST","INDIANAPOLIS","IN","46218","480","39.79103851","-86.13261414"
"1735082","2508 BROUSE AVE","INDIANAPOLIS","IN","46218","420","39.80365753","-86.12306976"
"1735320","3725 SCHOFIELD AVE","INDIANAPOLIS","IN","46218","499","39.82358551","-86.12934113"
"1735500","5284 38TH ST DR N","INDIANAPOLIS","IN","46218","456","39.82614517","-86.07894135"
"1735887","2449 MASSACHUSETTS AVE","INDIANAPOLIS","IN","46218","499","39.79204941","-86.11992645"
"1736246","2706 BLOYD AVE","INDIANAPOLIS","IN","46218","456","39.79570007","-86.11764526"
"1736281","2339 STATION ST","INDIANAPOLIS","IN","46218","499","39.80154037","-86.10365295"
"1736863","1508 E 17TH ST","INDIANAPOLIS","IN","46218","480","39.79063034","-86.1324234"
"1737131","1511 E 18TH ST","INDIANAPOLIS","IN","46218","480","39.79103851","-86.13233185"
"1737177","2155 HOVEY ST","INDIANAPOLIS","IN","46218","454","39.79745102","-86.13182831"
"1737287","2429 MASSACHUSETTS AVE","INDIANAPOLIS","IN","46218","499","39.7917099","-86.12051392"
"1737404","3004 STATION ST","INDIANAPOLIS","IN","46218","452","39.81089783","-86.10459137"
"1737687","3801 E 31ST ST","INDIANAPOLIS","IN","46218","456","39.81138992","-86.10241699"
"1738546","4543 E 21ST ST","INDIANAPOLIS","IN","46218","425","39.79591751","-86.0918045"
"1738580","2138 RALSTON AVE","INDIANAPOLIS","IN","46218","480","39.79745483","-86.1313324"
"1738624","5757 E 38TH ST","INDIANAPOLIS","IN","46218","499","39.82518768","-86.06965637"
"1738629","1930 E 32ND ST","INDIANAPOLIS","IN","46218","480","39.81474304","-86.12730408"
"1738631","4527 E 21ST ST","INDIANAPOLIS","IN","46218","425","39.79592896","-86.09217072"
"1738655","3745 HILLSIDE AVE","INDIANAPOLIS","IN","46218","456","39.8248024","-86.12277222"
"1738832","2229 E 38TH ST","INDIANAPOLIS","IN","46218","420","39.82509995","-86.12348938"
"1738847","5742 E 38TH ST","INDIANAPOLIS","IN","46218","456","39.82609558","-86.06970978"
"1738959","2012 TIPTON ST","INDIANAPOLIS","IN","46218","456","39.79457855","-86.12989044"
"1739620","3551 SUTHERLAND AVE","INDIANAPOLIS","IN","46218","480","39.82120132","-86.13218689"
"1739845","2824 N SHERMAN DR","INDIANAPOLIS","IN","46218","456","39.80748749","-86.10298157"
"1740106","5701 MASSACHUSETTS AVE","INDIANAPOLIS","IN","46218","429","39.81589508","-86.07128143"
"1740241","2450 N ARSENAL AVE","INDIANAPOLIS","IN","46218","456","39.80298615","-86.13491821"
"1740295","3216 E 25TH ST","INDIANAPOLIS","IN","46218","499","39.80370331","-86.11136627"
"1740484","1506 E 17TH ST","INDIANAPOLIS","IN","46218","480","39.79063034","-86.13249969"
"1740682","3500 N KEYSTONE AVE","INDIANAPOLIS","IN","46218","456","39.82073593","-86.12203979"
"1740792","2443 MASSACHUSETTS AVE","INDIANAPOLIS","IN","46218","499","39.79195023","-86.12004852"
"1741034","2627 E 30TH ST","INDIANAPOLIS","IN","46218","456","39.81051254","-86.11840057"
"1741771","1830 E 30TH ST","INDIANAPOLIS","IN","46218","480","39.81097794","-86.12723541"
"1742804","1507 E 18TH ST","INDIANAPOLIS","IN","46218","480","39.79103851","-86.13246918"
"1743139","3408 N ARLINGTON AVE","INDIANAPOLIS","IN","46218","420","39.8185997","-86.06503296"
"1743180","2033 HILLSIDE AVE","INDIANAPOLIS","IN","46218","455","39.79494858","-86.12836456"
"1743323","3009 N SHERMAN DR","INDIANAPOLIS","IN","46218","499","39.81111908","-86.10240936"
"1744065","1510 E 17TH ST","INDIANAPOLIS","IN","46218","480","39.79063034","-86.13231659"
"1744241","3701 MASSACHUSETTS AVE","INDIANAPOLIS","IN","46218","499","39.8006897","-86.10327148"
"1744671","5635 MASSACHUSETTS AVE","INDIANAPOLIS","IN","46218","429","39.81557083","-86.072258"
"1744709","1840 E 38TH ST","INDIANAPOLIS","IN","46218","454","39.82566071","-86.12746429"
"1745442","2002 HILLSIDE AVE","INDIANAPOLIS","IN","46218","499","39.79434967","-86.12944031"
"1745756","2439 MASSACHUSETTS AVE","INDIANAPOLIS","IN","46218","499","39.79188919","-86.12016296"
"1745844","1902 E 38TH ST","INDIANAPOLIS","IN","46218","499","39.82567215","-86.12686157"
"1746009","1515 E 18TH ST","INDIANAPOLIS","IN","46218","480","39.79103851","-86.13218689"
"1746454","3634 ROOSEVELT AVE","INDIANAPOLIS","IN","46218","420","39.80107498","-86.10501099"
"1746783","4002 MASSACHUSETTS AVE","INDIANAPOLIS","IN","46218","456","39.80464554","-86.09759521"
"1746800","2006 TIPTON ST","INDIANAPOLIS","IN","46218","456","39.79438782","-86.12989044"
"1747701","2435 MASSACHUSETTS AVE","INDIANAPOLIS","IN","46218","499","39.79182816","-86.1202774"
"1747811","1840 E 30TH ST","INDIANAPOLIS","IN","46218","499","39.81123734","-86.12732697"
"1748006","2339 MASSACHUSETTS AVE","INDIANAPOLIS","IN","46218","499","39.79102325","-86.12181091"
"1748081","3701 E 38TH ST","INDIANAPOLIS","IN","46218","425","39.82502747","-86.10358429"
"1748128","3750 N SHERMAN DR","INDIANAPOLIS","IN","46218","440","39.82470322","-86.10309601"
"1748549","2311 E 30TH ST","INDIANAPOLIS","IN","46218","456","39.81057358","-86.12247467"
"1748878","5734 E 38TH ST","INDIANAPOLIS","IN","46218","456","39.82609558","-86.07006073"
"1749035","3628 E 25TH ST","INDIANAPOLIS","IN","46218","425","39.80357361","-86.104599"
"1749115","4425 E 21ST ST","INDIANAPOLIS","IN","46218","456","39.7959404","-86.09381104"
"1749152","1722 E 38TH ST","INDIANAPOLIS","IN","46218","456","39.82602692","-86.12799072"
"1749231","1502 E 17TH ST","INDIANAPOLIS","IN","46218","480","39.79063034","-86.13260651"
"1749739","2216 E 25TH ST","INDIANAPOLIS","IN","46218","420","39.80354691","-86.12306213"
"1749838","1719 N RURAL ST","INDIANAPOLIS","IN","46218","499","39.79026413","-86.11618042"
"1750399","2213 MASSACHUSETTS AVE","INDIANAPOLIS","IN","46218","499","39.78995895","-86.12385559"
"1750726","3740 N SHERMAN DR","INDIANAPOLIS","IN","46218","456","39.82428741","-86.10321808"
"1750791","1950 N RURAL ST","INDIANAPOLIS","IN","46218","429","39.79360962","-86.11677551"
"1751975","2419 E 38TH ST","INDIANAPOLIS","IN","46218","431","39.8249588","-86.12095642"
"1752072","4020 E 21ST ST","INDIANAPOLIS","IN","46218","499","39.79643631","-86.09901428"
"1752537","1625 ROOSEVELT AVE","INDIANAPOLIS","IN","46218","499","39.78942108","-86.13140869"
"1752696","2502 N KEYSTONE AVE","INDIANAPOLIS","IN","46218","428","39.80371857","-86.12187958"
"1752859","1820 N TACOMA AVE","INDIANAPOLIS","IN","46218","499","39.79199982","-86.11977386"
"1755729","2345 ENTERPRISE PARK PL","INDIANAPOLIS","IN","46218","455","39.79724121","-86.12107086"
"1756755","1610 SHELDON ST","INDIANAPOLIS","IN","46218","455","39.78882599","-86.13310242"
"1756866","3748 N SHERMAN DR","INDIANAPOLIS","IN","46218","429","39.82461166","-86.10305786"
"1756897","2345 STATION ST","INDIANAPOLIS","IN","46218","499","39.80166626","-86.10364532"
"1756958","3751 N TACOMA AVE","INDIANAPOLIS","IN","46218","420","39.8248024","-86.11978149"
"1756959","3009 N KEYSTONE AVE","INDIANAPOLIS","IN","46218","499","39.81099701","-86.12138367"
"1757045","3044 N SHERMAN DR","INDIANAPOLIS","IN","46218","420","39.81206131","-86.1030426"
"1757177","5944 MASSACHUSETTS AVE","INDIANAPOLIS","IN","46218","454","39.81819534","-86.06639862"
"1757268","3014 N SHERMAN DR","INDIANAPOLIS","IN","46218","499","39.8111763","-86.10320282"
"1757562","3750 N KEYSTONE AVE","INDIANAPOLIS","IN","46218","456","39.82480621","-86.12221527"
"1758296","1856 N RURAL ST","INDIANAPOLIS","IN","46218","450","39.79229736","-86.11706543"
"1759845","3231 N ARLINGTON AVE","INDIANAPOLIS","IN","46218","481","39.81602859","-86.06428528"
"1760521","1725 ROOSEVELT AVE","INDIANAPOLIS","IN","46218","420","39.79120636","-86.13057709"
"1760789","2304 E 25TH ST","INDIANAPOLIS","IN","46218","425","39.80381775","-86.12239075"
"1761658","5641 MASSACHUSETTS AVE","INDIANAPOLIS","IN","46218","420","39.81562805","-86.07204437"
"1762339","2301 E 38TH ST","INDIANAPOLIS","IN","46218","455","39.82506943","-86.12295532"
"1763110","2024 HILLSIDE AVE","INDIANAPOLIS","IN","46218","480","39.79485703","-86.1292038"
"1763447","2356 N SHERMAN DR","INDIANAPOLIS","IN","46218","420","39.80193329","-86.10279846"
"1763732","1846 E 30TH ST","INDIANAPOLIS","IN","46218","499","39.81097412","-86.12661743"
"1763875","3801 E 38TH ST","INDIANAPOLIS","IN","46218","450","39.8248558","-86.1022644"
"1764029","2301 BROOKSIDE AVE","INDIANAPOLIS","IN","46218","499","39.78984833","-86.12231445"
"1765298","2830 N SHERMAN DR","INDIANAPOLIS","IN","46218","447","39.80774307","-86.10293579"
"1765735","3137 N RITTER AVE","INDIANAPOLIS","IN","46218","429","39.81385422","-86.07370758"
"1766297","4111 E 38TH ST","INDIANAPOLIS","IN","46218","420","39.82509613","-86.09835052"
"1767772","3712 N SHERMAN DR","INDIANAPOLIS","IN","46218","499","39.82378387","-86.10362244"
"1768304","2417 STATION ST","INDIANAPOLIS","IN","46218","454","39.80257034","-86.10371399"
"1768432","4005 E 26TH ST","INDIANAPOLIS","IN","46218","480","39.80493927","-86.0989151"
"1769058","5285 E 38TH ST","INDIANAPOLIS","IN","46218","422","39.82516098","-86.07946777"
"1769647","5811 E 38TH ST","INDIANAPOLIS","IN","46218","441","39.82501602","-86.06904602"
"1771159","5440 E 21ST ST","INDIANAPOLIS","IN","46218","430","39.79679871","-86.07541656"
"1771426","2332 STATION ST","INDIANAPOLIS","IN","46218","480","39.80142593","-86.10434723"
"1772228","3127 MASSACHUSETTS AVE","INDIANAPOLIS","IN","46218","420","39.7959137","-86.11203766"
"1772694","2201 E 30TH ST","INDIANAPOLIS","IN","46218","455","39.81053543","-86.12365723"
"1776100","2333 STATION ST","INDIANAPOLIS","IN","46218","480","39.80141068","-86.10375977"
"1776658","3040 N IRVINGTON AVE","INDIANAPOLIS","IN","46218","480","39.81162262","-86.07752991"
"1777163","2507 N GALE ST","INDIANAPOLIS","IN","46218","420","39.80361557","-86.10545349"
"1779067","5107 E 38TH ST","INDIANAPOLIS","IN","46218","420","39.82523727","-86.08319092"
"1779426","2120 N EMERSON AVE","INDIANAPOLIS","IN","46218","429","39.79690552","-86.08383179"
"1780075","1601 E 35TH ST","INDIANAPOLIS","IN","46218","499","39.819664","-86.1322403"
"1781008","3308 E 25TH ST","INDIANAPOLIS","IN","46218","419","39.80361176","-86.11049652"
"1782712","2002 N ARLINGTON AVE","INDIANAPOLIS","IN","46218","429","39.79542542","-86.06478882"
"1784281","2403 N SHERMAN DR","INDIANAPOLIS","IN","46218","456","39.8021965","-86.10211182"
"1784476","4101 E 38TH ST","INDIANAPOLIS","IN","46218","498","39.82506561","-86.09889984"
"1733745","115 N SHADELAND AVE","INDIANAPOLIS","IN","46219","499","39.77459335","-86.04467773"
"1733943","1620 INDUSTRY DR","INDIANAPOLIS","IN","46219","467","39.789505","-86.04954529"
"1735406","350 S FRANKLIN RD","INDIANAPOLIS","IN","46219","490","39.7664032","-86.02679443"
"1735902","6600 BROOKVILLE RD","INDIANAPOLIS","IN","46219","415","39.75677109","-86.04966736"
"1736056","5510 E WASHINGTON ST","INDIANAPOLIS","IN","46219","442","39.77118301","-86.07310486"
"1736114","6030 E 10TH ST","INDIANAPOLIS","IN","46219","425","39.78194046","-86.06312561"
"1736125","5502 E WASHINGTON ST","INDIANAPOLIS","IN","46219","442","39.7709198","-86.07344818"
"1736353","549 N SHADELAND AVE","INDIANAPOLIS","IN","46219","456","39.77729416","-86.04483795"
"1736370","7011 E 14TH ST","INDIANAPOLIS","IN","46219","420","39.78678513","-86.04367065"
"1737108","7548 E WASHINGTON ST","INDIANAPOLIS","IN","46219","456","39.77352905","-86.03461456"
"1737271","517 NARROW BROOK DR","INDIANAPOLIS","IN","46219","499","39.76107788","-86.02928162"
"1737455","8175 E 21ST ST","INDIANAPOLIS","IN","46219","447","39.79618454","-86.02397156"
"1737666","6900 ENGLISH AVE","INDIANAPOLIS","IN","46219","480","39.76348877","-86.05155182"
"1738097","1514 N EMERSON AVE","INDIANAPOLIS","IN","46219","420","39.78833389","-86.08364105"
"1738115","2170 N POST RD","INDIANAPOLIS","IN","46219","410","39.79879379","-86.01013947"
"1738426","7142 E WASHINGTON ST","INDIANAPOLIS","IN","46219","467","39.7730484","-86.04100037"
"1738635","5550 BROOKVILLE RD","INDIANAPOLIS","IN","46219","454","39.75983429","-86.07167053"
"1738687","5540 GREENFIELD AVE","INDIANAPOLIS","IN","46219","480","39.76155472","-86.07199097"
"1739255","2140 N BOEHNING ST","INDIANAPOLIS","IN","46219","499","39.79766083","-86.01117706"
"1739274","6464 BROOKVILLE RD","INDIANAPOLIS","IN","46219","456","39.75632858","-86.05492401"
"1740030","453 N EMERSON AVE","INDIANAPOLIS","IN","46219","447","39.77474594","-86.08279419"
"1740395","64 N FRANKLIN RD","INDIANAPOLIS","IN","46219","442","39.7742157","-86.02664185"
"1740543","370 S FRANKLIN RD","INDIANAPOLIS","IN","46219","490","39.76589966","-86.02748871"
"1740964","7600 OLD TRAILS RD","INDIANAPOLIS","IN","46219","447","39.77194595","-86.0327301"
"1741472","8804 E 25TH ST","INDIANAPOLIS","IN","46219","422","39.80397415","-86.01213837"
"1741698","8800 E 21ST ST","INDIANAPOLIS","IN","46219","456","39.79709244","-86.01159668"
"1742305","1504 N EMERSON AVE","INDIANAPOLIS","IN","46219","420","39.78816986","-86.08364105"
"1742675","8155 E 21ST ST","INDIANAPOLIS","IN","46219","447","39.79613876","-86.02404022"
"1743395","1102 N SHADELAND AVE","INDIANAPOLIS","IN","46219","454","39.78313828","-86.04597473"
"1743525","128 S AUDUBON RD","INDIANAPOLIS","IN","46219","420","39.76816559","-86.07073212"
"1744600","438 S RITTER AVE","INDIANAPOLIS","IN","46219","480","39.76150513","-86.07389069"
"1744975","6032 E 10TH ST","INDIANAPOLIS","IN","46219","425","39.78194046","-86.0630188"
"1745030","2025 RAMA PL","INDIANAPOLIS","IN","46219","499","39.79494095","-86.0463562"
"1745280","5436 BROOKVILLE RD","INDIANAPOLIS","IN","46219","450","39.76068115","-86.07537079"
"1745414","8171 E 21ST ST","INDIANAPOLIS","IN","46219","447","39.79614258","-86.02373505"
"1745666","8107 E 30TH ST","INDIANAPOLIS","IN","46219","480","39.81089401","-86.02474976"
"1745679","8167 E 21ST ST","INDIANAPOLIS","IN","46219","447","39.79614258","-86.02381134"
"1746218","2045 N POST RD","INDIANAPOLIS","IN","46219","450","39.79631805","-86.00895691"
"1746329","2456 N SHADELAND AVE","INDIANAPOLIS","IN","46219","454","39.8034935","-86.04631805"
"1747228","8179 E 21ST ST","INDIANAPOLIS","IN","46219","447","39.79618454","-86.02389526"
"1747348","466 S RITTER AVE","INDIANAPOLIS","IN","46219","430","39.76073837","-86.07389832"
"1747640","1280 N POST RD","INDIANAPOLIS","IN","46219","442","39.78654861","-86.01040649"
"1747737","350 S KITLEY AVE","INDIANAPOLIS","IN","46219","480","39.76462555","-86.05564117"
"1747934","1425 N SHADELAND AVE","INDIANAPOLIS","IN","46219","431","39.78797913","-86.04483032"
"1748193","6004 E 11TH ST","INDIANAPOLIS","IN","46219","429","39.78279114","-86.06306458"
"1748562","5630 BROOKVILLE RD","INDIANAPOLIS","IN","46219","456","39.76005936","-86.07116699"
"1748565","1330 N POST RD","INDIANAPOLIS","IN","46219","447","39.78725433","-86.01036835"
"1749044","1008 N EMERSON AVE","INDIANAPOLIS","IN","46219","450","39.78181458","-86.08343506"
"1749346","1739 N SHADELAND AVE","INDIANAPOLIS","IN","46219","447","39.79174423","-86.0450058"
"1749672","201 N SHADELAND AVE","INDIANAPOLIS","IN","46219","429","39.77483368","-86.04359436"
"1750023","70 N FRANKLIN RD","INDIANAPOLIS","IN","46219","442","39.77448654","-86.02736664"
"1750232","7410 E WASHINGTON ST","INDIANAPOLIS","IN","46219","453","39.77289963","-86.0368576"
"1750812","5101 E 10TH ST","INDIANAPOLIS","IN","46219","425","39.78122711","-86.08280945"
"1751754","8151 E 21ST ST","INDIANAPOLIS","IN","46219","447","39.79613876","-86.02412415"
"1751808","7365 E 16TH ST","INDIANAPOLIS","IN","46219","412","39.78861237","-86.0376358"
"1751917","8159 E 21ST ST","INDIANAPOLIS","IN","46219","447","39.79611588","-86.02397156"
"1733811","7034 N TACOMA AVE","INDIANAPOLIS","IN","46220","456","39.88221741","-86.12113953"
"1734111","6320 GUILFORD AVE","INDIANAPOLIS","IN","46220","430","39.87025833","-86.14330292"
"1734303","6302 RUCKER RD","INDIANAPOLIS","IN","46220","447","39.87041092","-86.08011627"
"1734425","6320 RUCKER RD","INDIANAPOLIS","IN","46220","447","39.87081909","-86.08054352"
"1734547","6284 RUCKER RD","INDIANAPOLIS","IN","46220","447","39.87003326","-86.07991028"
"1734591","6308 RUCKER RD","INDIANAPOLIS","IN","46220","447","39.87036133","-86.08057404"
"1734728","6296 RUCKER RD","INDIANAPOLIS","IN","46220","447","39.87004089","-86.08072662"
"1734767","5244 WINTHROP AVE","INDIANAPOLIS","IN","46220","447","39.84843826","-86.14207458"
"1734825","6407 FERGUSON ST","INDIANAPOLIS","IN","46220","499","39.87283707","-86.1432724"
"1735343","1316 BROAD RIPPLE AVE","INDIANAPOLIS","IN","46220","420","39.86925125","-86.13578796"
"1735429","6410 FERGUSON ST","INDIANAPOLIS","IN","46220","456","39.87284851","-86.14387512"
"1735477","6314 RUCKER RD","INDIANAPOLIS","IN","46220","447","39.87079239","-86.07978058"
"1736342","2126 E 54TH ST","INDIANAPOLIS","IN","46220","429","39.85198212","-86.12574005"
"1736369","5206 KEYSTONE CT","INDIANAPOLIS","IN","46220","420","39.84784317","-86.12388611"
"1737154","5804 E 71ST ST","INDIANAPOLIS","IN","46220","421","39.88407898","-86.0688858"
"1737912","6326 RUCKER RD","INDIANAPOLIS","IN","46220","447","39.8708992","-86.08071899"
"1739148","5840 EVANSTON AVE","INDIANAPOLIS","IN","46220","456","39.86024857","-86.12731171"
"1739495","6246 CARROLLTON AVE","INDIANAPOLIS","IN","46220","456","39.8686676","-86.14510345"
"1739770","5235 WINTHROP AVE","INDIANAPOLIS","IN","46220","447","39.84815598","-86.14116669"
"1740724","5412 E 65TH ST","INDIANAPOLIS","IN","46220","499","39.87656403","-86.07737732"
"1741575","2502 E 56TH ST","INDIANAPOLIS","IN","46220","456","39.85528564","-86.1204071"
"1741663","5916 N COLLEGE AVE","INDIANAPOLIS","IN","46220","429","39.86277771","-86.14661407"
"1742362","804 E LAVEROCK RD","INDIANAPOLIS","IN","46220","429","39.87104034","-86.14474487"
"1742832","7044 N TACOMA AVE","INDIANAPOLIS","IN","46220","456","39.88245773","-86.12111664"
"1743853","6419 FERGUSON ST","INDIANAPOLIS","IN","46220","456","39.87332916","-86.1432724"
"1744980","2419 E 62ND ST","INDIANAPOLIS","IN","46220","456","39.86830902","-86.12091064"
"1745325","5022 E 62ND ST","INDIANAPOLIS","IN","46220","425","39.86945724","-86.08404541"
"1745943","2522 E 56TH ST","INDIANAPOLIS","IN","46220","456","39.85528564","-86.1197052"
"1746465","6051 N RURAL ST","INDIANAPOLIS","IN","46220","422","39.86439514","-86.11704254"
"1746482","6215 N COLLEGE AVE","INDIANAPOLIS","IN","46220","449","39.86832047","-86.14568329"
"1746586","5824 EVANSTON AVE","INDIANAPOLIS","IN","46220","456","39.85976791","-86.12730408"
"1746592","5834 EVANSTON AVE","INDIANAPOLIS","IN","46220","456","39.86004257","-86.12731171"
"1746975","6185 N RURAL ST","INDIANAPOLIS","IN","46220","447","39.86823654","-86.11659241"
"1747663","724 E WESTFIELD BLVD","INDIANAPOLIS","IN","46220","444","39.87003708","-86.14518738"
"1747978","2520 E 56TH ST","INDIANAPOLIS","IN","46220","456","39.85528564","-86.11988068"
"1748519","6202 E CARROLLTON AVE","INDIANAPOLIS","IN","46220","499","39.86804962","-86.1450882"
"1750137","5242 WINTHROP AVE","INDIANAPOLIS","IN","46220","447","39.84832764","-86.14207458"
"1750936","5830 EVANSTON AVE","INDIANAPOLIS","IN","46220","456","39.85990524","-86.12730408"
"1751198","927 E WESTFIELD BLVD","INDIANAPOLIS","IN","46220","430","39.87042999","-86.14194489"
"1751634","7052 N TACOMA AVE","INDIANAPOLIS","IN","46220","456","39.88265991","-86.12096405"
"1752596","6018 N KEYSTONE AVE","INDIANAPOLIS","IN","46220","447","39.86431885","-86.12271118"
"1757128","2506 E 56TH ST","INDIANAPOLIS","IN","46220","456","39.85528564","-86.12014771"
"1757720","6098 FALL CREEK RD","INDIANAPOLIS","IN","46220","463","39.87067032","-86.0625"
"1758396","6165 N KEYSTONE AVE","INDIANAPOLIS","IN","46220","431","39.86718369","-86.1217041"
"1760080","2603 E 56TH ST","INDIANAPOLIS","IN","46220","447","39.85445786","-86.11868286"
"1760686","6150 N KEYSTONE AVE","INDIANAPOLIS","IN","46220","422","39.86616135","-86.12415314"
"1762507","6345 SOMMER AWNING BLVD","INDIANAPOLIS","IN","46220","447","39.87198257","-86.08095551"
"1763145","5335 E 65TH ST","INDIANAPOLIS","IN","46220","481","39.87555313","-86.07859802"
"1763428","2611 55TH PL","INDIANAPOLIS","IN","46220","447","39.853508","-86.11846161"
"1763640","6840 LAKE PLAZA DR","INDIANAPOLIS","IN","46220","445","39.88119888","-86.0689621"
"1764788","6358 N COLLEGE AVE","INDIANAPOLIS","IN","46220","447","39.87178802","-86.14655304"
"1764806","2502 E 52ND ST","INDIANAPOLIS","IN","46220","420","39.84819031","-86.12021637"
"1766223","2951 E 56TH ST","INDIANAPOLIS","IN","46220","480","39.85480881","-86.11330414"
"1766397","2525 E 56TH ST","INDIANAPOLIS","IN","46220","455","39.85462952","-86.11941528"
"1767687","7030 GRAHAM RD","INDIANAPOLIS","IN","46220","499","39.88262558","-86.07022858"
"1767754","832 E WESTFIELD BLVD","INDIANAPOLIS","IN","46220","429","39.87085342","-86.14359283"
"1734352","1211 S SHEFFIELD AVE","INDIANAPOLIS","IN","46221","420","39.75036621","-86.19772339"
"1734481","2655 KENTUCKY AVE","INDIANAPOLIS","IN","46221","454","39.72758102","-86.20795441"
"1735493","1611 OLIVER AVE","INDIANAPOLIS","IN","46221","499","39.75821304","-86.19022369"
"1736779","5031 KENTUCKY AVE","INDIANAPOLIS","IN","46221","420","39.69008255","-86.27305603"
"1737040","1176 KENTUCKY AVE","INDIANAPOLIS","IN","46221","456","39.7518425","-86.17922211"
"1739398","3201 KENTUCKY AVE","INDIANAPOLIS","IN","46221","454","39.7165947","-86.23296356"
"1739512","1709 OLIVER AVE","INDIANAPOLIS","IN","46221","454","39.75817108","-86.19165039"
"1739918","6449 KENTUCKY AVE","INDIANAPOLIS","IN","46221","420","39.66972733","-86.29962158"
"1740123","1148 S HARDING ST","INDIANAPOLIS","IN","46221","447","39.7517128","-86.18777466"
"1740383","1306 OLIVER AVE","INDIANAPOLIS","IN","46221","455","39.75886536","-86.18266296"
"1740435","4620 W SOUTHPORT RD","INDIANAPOLIS","IN","46221","416","39.66350174","-86.23833466"
"1741128","928 DIVISION ST","INDIANAPOLIS","IN","46221","499","39.75523758","-86.18328094"
"1742899","634 BIRCH AVE","INDIANAPOLIS","IN","46221","456","39.7579689","-86.17803955"
"1743121","1605 W MORRIS ST","INDIANAPOLIS","IN","46221","456","39.75087357","-86.18875122"
"1743670","1149 BLAINE AVE","INDIANAPOLIS","IN","46221","456","39.75182724","-86.18824768"
"1743826","2955 KENTUCKY AVE","INDIANAPOLIS","IN","46221","455","39.72085571","-86.22342682"
"1744185","3217 S LYONS AVE","INDIANAPOLIS","IN","46221","454","39.71635437","-86.2330246"
"1744490","1049 OLIVER AVE","INDIANAPOLIS","IN","46221","456","39.75829697","-86.17784119"
"1745298","1313 OLIVER AVE","INDIANAPOLIS","IN","46221","456","39.75831223","-86.18314362"
"1746639","1601 W MORRIS ST","INDIANAPOLIS","IN","46221","456","39.75086975","-86.18860626"
"1746996","735 S BELMONT AVE","INDIANAPOLIS","IN","46221","456","39.75737381","-86.19638824"
"1748057","3031 S HOLT RD","INDIANAPOLIS","IN","46221","499","39.71970367","-86.22477722"
"1748990","6215 W MOORESVILLE RD","INDIANAPOLIS","IN","46221","452","39.69252396","-86.26782227"
"1749006","3506 MANN RD","INDIANAPOLIS","IN","46221","431","39.71315384","-86.2388916"
"1749577","4895 KENTUCKY AVE","INDIANAPOLIS","IN","46221","451","39.69458389","-86.26815796"
"1749877","1349 W RAY ST","INDIANAPOLIS","IN","46221","456","39.75447083","-86.18479156"
"1750245","3003 04TH AVE E","INDIANAPOLIS","IN","46221","444","39.72042847","-86.22363281"
"1750502","1722 W MORRIS ST","INDIANAPOLIS","IN","46221","499","39.75146866","-86.19056702"
"1751093","4771 KENTUCKY AVE","INDIANAPOLIS","IN","46221","499","39.69896317","-86.2641449"
"1751201","3099 MARS HILL ST","INDIANAPOLIS","IN","46221","454","39.71879196","-86.22820282"
"1752609","1802 KENTUCKY AVE","INDIANAPOLIS","IN","46221","499","39.74279785","-86.18930054"
"1758244","3006 S HOLT RD","INDIANAPOLIS","IN","46221","431","39.71988678","-86.22550201"
"1758590","3129 COLLIER ST","INDIANAPOLIS","IN","46221","420","39.71760178","-86.23069"
"1758612","4375 KENTUCKY AVE","INDIANAPOLIS","IN","46221","450","39.70370483","-86.25788879"
"1763590","3035 KENTUCKY AVE","INDIANAPOLIS","IN","46221","420","39.71940613","-86.2259903"
"1764837","1144 KENTUCKY AVE","INDIANAPOLIS","IN","46221","430","39.75265121","-86.17787933"
"1766603","3601 KENTUCKY AVE","INDIANAPOLIS","IN","46221","431","39.71356964","-86.23884583"
"1767583","4906 KENTUCKY AVE","INDIANAPOLIS","IN","46221","451","39.69470215","-86.2702179"
"1768345","4430 MANN RD","INDIANAPOLIS","IN","46221","431","39.69993591","-86.24160004"
"1768821","6329 S MOORESVILLE RD","INDIANAPOLIS","IN","46221","420","39.67077255","-86.26956177"
"1768843","1627 OLIVER AVE","INDIANAPOLIS","IN","46221","499","39.75817871","-86.19093323"
"1771164","3315 KENTUCKY AVE","INDIANAPOLIS","IN","46221","455","39.71530151","-86.23423767"
"1771375","1256 LEE ST","INDIANAPOLIS","IN","46221","499","39.74946594","-86.19226074"
"1771900","2132 S HARDING ST","INDIANAPOLIS","IN","46221","499","39.73711014","-86.18762207"
"1771965","4822 MANN RD","INDIANAPOLIS","IN","46221","481","39.69367981","-86.24422455"
"1774100","2702 W MORRIS ST","INDIANAPOLIS","IN","46221","420","39.75089264","-86.20558167"
"1775104","4402 MANN RD","INDIANAPOLIS","IN","46221","428","39.70020676","-86.24165344"
"1776533","2102 W MORRIS ST","INDIANAPOLIS","IN","46221","420","39.75121689","-86.19691467"
"1781525","3148 COLLIER ST","INDIANAPOLIS","IN","46221","455","39.71701813","-86.23138428"
"1781739","3148 S HOLT RD","INDIANAPOLIS","IN","46221","420","39.71730804","-86.22540283"
"1785701","2735 KENTUCKY AVE","INDIANAPOLIS","IN","46221","455","39.72597504","-86.2115097"
"1786233","4811 S HIGH SCHOOL RD","INDIANAPOLIS","IN","46221","481","39.69350433","-86.26873779"
"1786265","1170 KENTUCKY AVE","INDIANAPOLIS","IN","46221","447","39.7525444","-86.17874146"
"1789817","2020 S BELMONT AVE","INDIANAPOLIS","IN","46221","455","39.73974609","-86.19693756"
"1790304","3455 MANN RD","INDIANAPOLIS","IN","46221","429","39.71335983","-86.23782349"
"1790887","2905 KENTUCKY AVE","INDIANAPOLIS","IN","46221","430","39.72245789","-86.21968842"
"1733653","3245 W WASHINGTON ST","INDIANAPOLIS","IN","46222","454","39.7635231","-86.21284485"
"1733687","3259 W WASHINGTON ST","INDIANAPOLIS","IN","46222","454","39.76329041","-86.21353149"
"1734389","730 KING AVE","INDIANAPOLIS","IN","46222","480","39.77746964","-86.20420837"
"1734533","3550 W 16TH ST","INDIANAPOLIS","IN","46222","456","39.78806305","-86.22031403"
"1734856","2537 W WASHINGTON ST","INDIANAPOLIS","IN","46222","420","39.76524353","-86.20394135"
"1735326","2670 LAFAYETTE RD","INDIANAPOLIS","IN","46222","447","39.80443954","-86.21575165"
"1735415","2304 W 16TH ST","INDIANAPOLIS","IN","46222","499","39.78837967","-86.20031738"
"1735465","2519 W WASHINGTON ST","INDIANAPOLIS","IN","46222","420","39.76528549","-86.2035141"
"1735509","3639 W 16TH ST","INDIANAPOLIS","IN","46222","430","39.78741455","-86.2221756"
"1736131","2015 LAFAYETTE RD","INDIANAPOLIS","IN","46222","420","39.79407883","-86.2039032"
"1736217","3220 ROBERTA DR","INDIANAPOLIS","IN","46222","454","39.80384064","-86.21383667"
"1736652","3094 LAFAYETTE RD","INDIANAPOLIS","IN","46222","454","39.81127167","-86.22270203"
"1736685","235 N ELDER AVE","INDIANAPOLIS","IN","46222","499","39.77004623","-86.19354248"
"1737218","3433 W WASHINGTON ST","INDIANAPOLIS","IN","46222","454","39.76288986","-86.21704865"
"1737275","425 N HOLT RD","INDIANAPOLIS","IN","46222","441","39.77256012","-86.22757721"
"1737296","902 HAUGH ST","INDIANAPOLIS","IN","46222","419","39.778759","-86.207901"
"1737424","3300 BERTHA ST","INDIANAPOLIS","IN","46222","454","39.76160049","-86.21282959"
"1738079","1811 W WASHINGTON ST","INDIANAPOLIS","IN","46222","431","39.76632309","-86.19290161"
"1738341","3119 LAFAYETTE RD","INDIANAPOLIS","IN","46222","454","39.81204987","-86.22231293"
"1738406","3323 W 16TH ST","INDIANAPOLIS","IN","46222","455","39.78755569","-86.21446228"
"1738529","2359 LAFAYETTE RD","INDIANAPOLIS","IN","46222","420","39.80033493","-86.21037292"
"1738554","2940 COLD SPRING RD","INDIANAPOLIS","IN","46222","456","39.80886841","-86.20492554"
"1738583","3615 W 30TH ST","INDIANAPOLIS","IN","46222","499","39.80934525","-86.22176361"
"1739005","3710 LAFAYETTE RD","INDIANAPOLIS","IN","46222","499","39.82214355","-86.23361969"
"1740625","3769 COMMERCIAL DR","INDIANAPOLIS","IN","46222","456","39.82343674","-86.22945404"
"1740690","3680 W 30TH ST","INDIANAPOLIS","IN","46222","456","39.80997086","-86.22248077"
"1741006","2445 LAFAYETTE RD","INDIANAPOLIS","IN","46222","454","39.80236053","-86.21246338"
"1741108","1543 W OHIO ST","INDIANAPOLIS","IN","46222","499","39.76932144","-86.18933868"
"1741454","3590 LAFAYETTE RD","INDIANAPOLIS","IN","46222","420","39.8204155","-86.23260498"
"1741576","3619 COMMERCIAL DR","INDIANAPOLIS","IN","46222","426","39.81961441","-86.22808838"
"1742094","2603 W WASHINGTON ST","INDIANAPOLIS","IN","46222","420","39.7652092","-86.20427704"
"1742350","3409 W MICHIGAN ST","INDIANAPOLIS","IN","46222","420","39.77365494","-86.21641541"
"1742365","1437 EVERETT ST","INDIANAPOLIS","IN","46222","456","39.76910019","-86.1867218"
"1742881","3977 W 10TH ST","INDIANAPOLIS","IN","46222","499","39.78007507","-86.22707367"
"1743473","3708 COMMERCIAL DR","INDIANAPOLIS","IN","46222","426","39.82239151","-86.22966766"
"1743695","3651 COMMERCIAL DR","INDIANAPOLIS","IN","46222","426","39.81981659","-86.22702026"
"1744290","3145 W WASHINGTON ST","INDIANAPOLIS","IN","46222","499","39.76411438","-86.21190643"
"1744304","3904 ROCKVILLE RD","INDIANAPOLIS","IN","46222","456","39.76307297","-86.22947693"
"1744999","3347 W 10TH ST","INDIANAPOLIS","IN","46222","420","39.78028107","-86.21478271"
"1745058","3115 W 16TH ST","INDIANAPOLIS","IN","46222","454","39.78757858","-86.2113266"
"1745254","1152 N WHITE RIVER PKWY DR W","INDIANAPOLIS","IN","46222","411","39.78340149","-86.19075775"
"1745691","1910 LAFAYETTE RD","INDIANAPOLIS","IN","46222","440","39.79218674","-86.20281982"
"1745861","2835 LAFAYETTE RD","INDIANAPOLIS","IN","46222","442","39.80756378","-86.21692657"
"1746219","3520 GUION RD","INDIANAPOLIS","IN","46222","449","39.81985092","-86.22149658"
"1746282","247 N ELDER AVE","INDIANAPOLIS","IN","46222","499","39.77031326","-86.19350433"
"1746555","362 N TIBBS AVE","INDIANAPOLIS","IN","46222","456","39.77189636","-86.21645355"
"1746868","2625 W WASHINGTON ST","INDIANAPOLIS","IN","46222","456","39.76513672","-86.20500946"
"1747515","1530 W MARKET ST","INDIANAPOLIS","IN","46222","420","39.76865005","-86.18943787"
"1733630","2610 N HIGH SCHOOL RD","INDIANAPOLIS","IN","46224","444","39.80399704","-86.27050781"
"1734178","2512 FOUNDERS SQUARE DR","INDIANAPOLIS","IN","46224","448","39.80247879","-86.27177429"
"1734916","4922 W 10TH ST","INDIANAPOLIS","IN","46224","430","39.78035355","-86.24204254"
"1735301","1630 GEORGETOWN RD","INDIANAPOLIS","IN","46224","499","39.78863907","-86.24005127"
"1735384","5225 W 10TH ST","INDIANAPOLIS","IN","46224","425","39.7790947","-86.24977875"
"1735447","4922 W 16TH ST","INDIANAPOLIS","IN","46224","447","39.78785324","-86.24200439"
"1735789","1445 N HIGH SCHOOL RD","INDIANAPOLIS","IN","46224","463","39.78601456","-86.26735687"
"1736365","2490 GEORGETOWN RD","INDIANAPOLIS","IN","46224","429","39.80172729","-86.24020386"
"1736405","6121 CRAWFORDSVILLE RD","INDIANAPOLIS","IN","46224","426","39.79873276","-86.26777649"
"1736626","3410 GEORGETOWN RD","INDIANAPOLIS","IN","46224","425","39.81733704","-86.2403717"
"1737760","755 BEACHWAY DR","INDIANAPOLIS","IN","46224","499","39.77608109","-86.26569366"
"1738646","3700 N HIGH SCHOOL RD","INDIANAPOLIS","IN","46224","420","39.82181549","-86.27066803"
"1738931","4908 W 34TH ST","INDIANAPOLIS","IN","46224","499","39.81700134","-86.24239349"
"1740019","5250 W 16TH ST","INDIANAPOLIS","IN","46224","430","39.78760147","-86.25023651"
"1740323","5310 W 10TH ST","INDIANAPOLIS","IN","46224","450","39.78040695","-86.2512207"
"1740428","1652 GEORGETOWN RD","INDIANAPOLIS","IN","46224","456","39.78900528","-86.24009705"
"1740524","5135 W 10TH ST","INDIANAPOLIS","IN","46224","456","39.77971649","-86.24777985"
"1741750","6023 W 10TH ST","INDIANAPOLIS","IN","46224","499","39.7790947","-86.26473999"
"1743006","5748 CRAWFORDSVILLE RD","INDIANAPOLIS","IN","46224","420","39.7973938","-86.26096344"
"1743082","1818 GEORGETOWN RD","INDIANAPOLIS","IN","46224","415","39.79057693","-86.24092102"
"1745221","641 N LYNHURST DR","INDIANAPOLIS","IN","46224","481","39.7745285","-86.25019073"
"1745555","1714 GEORGETOWN RD","INDIANAPOLIS","IN","46224","415","39.78956223","-86.24091339"
"1745931","5025 W 37TH ST","INDIANAPOLIS","IN","46224","499","39.8211937","-86.24642944"
"1746461","5320 W VERMONT ST","INDIANAPOLIS","IN","46224","450","39.77328873","-86.25109863"
"1750259","1300 N MICKLEY AVE","INDIANAPOLIS","IN","46224","455","39.78445053","-86.26217651"
"1751054","5345 W VERMONT ST","INDIANAPOLIS","IN","46224","415","39.77180099","-86.25219727"
"1751744","5235 W 16TH ST","INDIANAPOLIS","IN","46224","456","39.78692627","-86.24993134"
"1755347","2545 FOUNDERS SQUARE DR","INDIANAPOLIS","IN","46224","452","39.80248642","-86.27050781"
"1756349","4902 W 34TH ST","INDIANAPOLIS","IN","46224","499","39.81687927","-86.24210358"
"1757451","4900 CRAWFORDSVILLE RD","INDIANAPOLIS","IN","46224","456","39.78978348","-86.24604797"
"1758047","5836 CRAWFORDSVILLE RD","INDIANAPOLIS","IN","46224","445","39.79800797","-86.26200104"
"1758689","4923 ROCKVILLE RD","INDIANAPOLIS","IN","46224","415","39.76208496","-86.2452774"
"1758933","5353 W VERMONT ST","INDIANAPOLIS","IN","46224","415","39.77170944","-86.2533493"
"1761392","150 N LYNHURST DR","INDIANAPOLIS","IN","46224","455","39.76859665","-86.25097656"
"1762463","5242 ROCKVILLE RD","INDIANAPOLIS","IN","46224","444","39.76552582","-86.25002289"
"1764954","3710 MOLLER RD","INDIANAPOLIS","IN","46224","420","39.82255173","-86.25678253"
"1765267","5821 W 25TH ST","INDIANAPOLIS","IN","46224","419","39.80145264","-86.26276398"
"1767206","5822 CRAWFORDSVILLE RD","INDIANAPOLIS","IN","46224","430","39.79780197","-86.26254272"
"1767909","3402 GEORGETOWN RD","INDIANAPOLIS","IN","46224","420","39.81698227","-86.24041748"
"1768013","5901 W 25TH ST","INDIANAPOLIS","IN","46224","419","39.80144119","-86.26383972"
"1770289","6240 W 34TH ST","INDIANAPOLIS","IN","46224","420","39.81659698","-86.26940918"
"1770581","4911 ROCKVILLE RD","INDIANAPOLIS","IN","46224","415","39.76266479","-86.24416351"
"1771875","5259 W 10TH ST","INDIANAPOLIS","IN","46224","450","39.77937698","-86.25003052"
"1773821","2230 N HIGH SCHOOL RD","INDIANAPOLIS","IN","46224","481","39.79712677","-86.27371216"
"1773928","5735 CRAWFORDSVILLE RD","INDIANAPOLIS","IN","46224","420","39.79594803","-86.26161194"
"1774257","1534 MAIN ST","INDIANAPOLIS","IN","46224","420","39.78686142","-86.24134064"
"1775552","5668 CRAWFORDSVILLE RD","INDIANAPOLIS","IN","46224","425","39.79714966","-86.26039124"
"1777782","5212 ROCKVILLE RD","INDIANAPOLIS","IN","46224","444","39.76567841","-86.24822998"
"1778389","6029 W 10TH ST","INDIANAPOLIS","IN","46224","420","39.77811813","-86.26511383"
"1778496","6215 CRAWFORDSVILLE RD","INDIANAPOLIS","IN","46224","431","39.80034256","-86.26902771"
"1780658","3740 N HIGH SCHOOL RD","INDIANAPOLIS","IN","46224","411","39.82227707","-86.27184296"
"1780841","5640 CRAWFORDSVILLE RD","INDIANAPOLIS","IN","46224","444","39.79621887","-86.25986481"
"1781127","5240 CRAWFORDSVILLE RD","INDIANAPOLIS","IN","46224","420","39.79202271","-86.24997711"
"1781844","5664 CRAWFORDSVILLE RD","INDIANAPOLIS","IN","46224","430","39.7965889","-86.2607193"
"1782319","5610 CRAWFORDSVILLE RD","INDIANAPOLIS","IN","46224","447","39.79507065","-86.2569046"
"1782705","6211 W 30TH ST","INDIANAPOLIS","IN","46224","447","39.80889893","-86.26881409"
"1733659","805 S MISSOURI ST","INDIANAPOLIS","IN","46225","456","39.75652313","-86.16557312"
"1734405","942 S SENATE AVE","INDIANAPOLIS","IN","46225","456","39.75455856","-86.16382599"
"1734635","10 W MCCARTY ST","INDIANAPOLIS","IN","46225","456","39.75672531","-86.1596756"
"1734716","506 E MORRIS ST","INDIANAPOLIS","IN","46225","454","39.75167847","-86.1492691"
"1734764","750 S DELAWARE ST","INDIANAPOLIS","IN","46225","456","39.76010895","-86.1552124"
"1734844","821 S MISSOURI ST","INDIANAPOLIS","IN","46225","456","39.75616074","-86.16549683"
"1734909","836 S SENATE AVE","INDIANAPOLIS","IN","46225","456","39.75570679","-86.16403198"
"1735134","913 S KENWOOD AVE","INDIANAPOLIS","IN","46225","456","39.75510788","-86.16104889"
"1735140","427 W MERRILL ST","INDIANAPOLIS","IN","46225","456","39.75898743","-86.16682434"
"1735145","937 S KENWOOD AVE","INDIANAPOLIS","IN","46225","456","39.75461578","-86.16104126"
"1735146","925 CHURCH ST","INDIANAPOLIS","IN","46225","456","39.75492477","-86.16280365"
"1735341","368 S MERIDIAN ST","INDIANAPOLIS","IN","46225","456","39.76182938","-86.15876007"
"1735408","2171 BLUFF AVE","INDIANAPOLIS","IN","46225","499","39.73766708","-86.16176605"
"1735455","843 CHURCH ST","INDIANAPOLIS","IN","46225","456","39.7555542","-86.16278076"
"1735647","2125 S MERIDIAN ST","INDIANAPOLIS","IN","46225","456","39.73841095","-86.15873718"
"1735891","800 S SENATE AVE","INDIANAPOLIS","IN","46225","456","39.7558403","-86.16356659"
"1735904","914 MEIKEL ST","INDIANAPOLIS","IN","46225","456","39.75514984","-86.16494751"
"1736274","829 S MISSOURI ST","INDIANAPOLIS","IN","46225","456","39.7559967","-86.16552734"
"1736543","2719 MADISON AVE","INDIANAPOLIS","IN","46225","499","39.72710419","-86.15198517"
"1736673","1901 S MERIDIAN ST","INDIANAPOLIS","IN","46225","499","39.74210739","-86.15880585"
"1736823","449 S PENNSYLVANIA ST","INDIANAPOLIS","IN","46225","456","39.7583313","-86.15618134"
"1736853","239 W MCCARTY ST","INDIANAPOLIS","IN","46225","456","39.75642776","-86.16352844"
"1737054","813 S SENATE AVE","INDIANAPOLIS","IN","46225","456","39.75625229","-86.16355896"
"1737117","1968 S MERIDIAN ST","INDIANAPOLIS","IN","46225","499","39.74047852","-86.15939331"
"1737359","945 S CAPITOL AVE","INDIANAPOLIS","IN","46225","456","39.75447845","-86.1618576"
"1737521","607 RUSSELL AVE","INDIANAPOLIS","IN","46225","411","39.75880051","-86.15968323"
"1737563","830 MEIKEL ST","INDIANAPOLIS","IN","46225","456","39.75590134","-86.16493225"
"1737662","818 MEIKEL ST","INDIANAPOLIS","IN","46225","499","39.75615311","-86.16492462"
"1737698","817 S MISSOURI ST","INDIANAPOLIS","IN","46225","456","39.75624084","-86.16548157"
"1737822","828 CHURCH ST","INDIANAPOLIS","IN","46225","456","39.75590897","-86.16329193"
"1737906","325 W MORRIS ST","INDIANAPOLIS","IN","46225","456","39.75114059","-86.16526794"
"1737977","842 S KENWOOD AVE","INDIANAPOLIS","IN","46225","456","39.75556564","-86.16151428"
"1738252","226 W WYOMING ST","INDIANAPOLIS","IN","46225","456","39.75564575","-86.16332245"
"1738355","625 S MERIDIAN ST","INDIANAPOLIS","IN","46225","456","39.75804138","-86.1578064"
"1738431","2025 MADISON AVE","INDIANAPOLIS","IN","46225","499","39.73947906","-86.15390015"
"1738559","805 CHURCH ST","INDIANAPOLIS","IN","46225","456","39.75641632","-86.16278839"
"1738589","925 S MISSOURI ST","INDIANAPOLIS","IN","46225","456","39.75475693","-86.16555786"
"1738665","2711 MADISON AVE","INDIANAPOLIS","IN","46225","499","39.72793198","-86.15216827"
"1738740","1427 MADISON AVE","INDIANAPOLIS","IN","46225","456","39.7470932","-86.15373993"
"1738809","121 S MERIDIAN ST","INDIANAPOLIS","IN","46225","456","39.76480484","-86.15766144"
"1734047","6118 DICKSON RD","INDIANAPOLIS","IN","46226","419","39.84632111","-86.06196594"
"1735459","7905 E 42ND ST","INDIANAPOLIS","IN","46226","499","39.83241653","-86.02985382"
"1735856","8026 E 46TH ST","INDIANAPOLIS","IN","46226","456","39.84089661","-86.02612305"
"1737003","6800 N PENDLETON PIKE AVE","INDIANAPOLIS","IN","46226","451","39.82843018","-86.04684448"
"1737400","4230 HULL ST","INDIANAPOLIS","IN","46226","450","39.83486938","-86.0328064"
"1737651","3815 N SHADELAND AVE","INDIANAPOLIS","IN","46226","420","39.82626724","-86.04541779"
"1738407","6945 PENDLETON PIKE","INDIANAPOLIS","IN","46226","420","39.82609558","-86.04732513"
"1738948","3640 N POST RD","INDIANAPOLIS","IN","46226","428","39.82285309","-86.01132202"
"1739818","6140 MASSACHUSETTS AVE","INDIANAPOLIS","IN","46226","480","39.82086182","-86.06211853"
"1740629","5155 N SHADELAND AVE","INDIANAPOLIS","IN","46226","447","39.84709549","-86.0451889"
"1740808","4800 E VAN CLEAVE ST","INDIANAPOLIS","IN","46226","480","39.84272003","-86.02268219"
"1740836","4753 N FRANKLIN RD","INDIANAPOLIS","IN","46226","425","39.84276581","-86.02679443"
"1740869","8220 E 47TH ST","INDIANAPOLIS","IN","46226","480","39.84220123","-86.02267456"
"1741680","4015 VILLARD AVE","INDIANAPOLIS","IN","46226","420","39.83095932","-86.04705048"
"1742101","4327 SELLERS ST","INDIANAPOLIS","IN","46226","450","39.83475113","-86.0335083"
"1744523","8851 PENDLETON PIKE","INDIANAPOLIS","IN","46226","456","39.84257889","-86.01338959"
"1744583","7608 PENDLETON PIKE","INDIANAPOLIS","IN","46226","450","39.83414078","-86.03282928"
"1745205","8510 PENDLETON PIKE","INDIANAPOLIS","IN","46226","455","39.84185791","-86.01834106"
"1745262","6170 MASSACHUSETTS AVE","INDIANAPOLIS","IN","46226","454","39.82062531","-86.06132507"
"1745324","4455 N FRANKLIN RD","INDIANAPOLIS","IN","46226","447","39.83909607","-86.02677917"
"1745506","4730 VAN CLEAVE ST","INDIANAPOLIS","IN","46226","480","39.84238434","-86.02223206"
"1746222","6004 MASSACHUSETTS AVE","INDIANAPOLIS","IN","46226","480","39.8201561","-86.06387329"
"1747426","6270 MASSACHUSETTS AVE","INDIANAPOLIS","IN","46226","454","39.82095337","-86.06016541"
"1748419","4830 N POST RD","INDIANAPOLIS","IN","46226","425","39.84260559","-86.01091003"
"1748443","8016 E 46TH ST","INDIANAPOLIS","IN","46226","430","39.84078217","-86.02655029"
"1748505","8030 E 46TH ST","INDIANAPOLIS","IN","46226","480","39.84085846","-86.0256958"
"1748587","7612 PENDLETON PIKE","INDIANAPOLIS","IN","46226","450","39.83435059","-86.03238678"
"1748785","4508 N FRANKLIN RD","INDIANAPOLIS","IN","46226","499","39.83927917","-86.02755737"
"1748798","4504 N FRANKLIN RD","INDIANAPOLIS","IN","46226","499","39.83913803","-86.02754974"
"1749207","6000 BRAEWICK RD","INDIANAPOLIS","IN","46226","463","39.85750198","-86.06504822"
"1750734","3838 E 46TH ST","INDIANAPOLIS","IN","46226","463","39.84090042","-86.10207367"
"1751083","4505 E MC COY ST","INDIANAPOLIS","IN","46226","499","39.83991623","-86.02542877"
"1751753","4315 SELLERS ST","INDIANAPOLIS","IN","46226","450","39.83446884","-86.03327942"
"1752510","8202 E 47TH ST","INDIANAPOLIS","IN","46226","480","39.8420372","-86.02313232"
"1752748","8013 E 46TH ST","INDIANAPOLIS","IN","46226","499","39.84034729","-86.02659607"
"1753491","4502 N FRANKLIN RD","INDIANAPOLIS","IN","46226","447","39.83895111","-86.02754974"
"1753671","4513 N FRANKLIN RD","INDIANAPOLIS","IN","46226","447","39.83950806","-86.0267868"
"1761203","8014 45TH ST","INDIANAPOLIS","IN","46226","447","39.83984375","-86.0263443"
"1761540","5215 N SHADELAND AVE","INDIANAPOLIS","IN","46226","441","39.84804916","-86.04566193"
"1761548","4437 N FRANKLIN RD","INDIANAPOLIS","IN","46226","447","39.83851624","-86.02685547"
"1761677","3525 N SHADELAND AVE","INDIANAPOLIS","IN","46226","410","39.82126617","-86.04490662"
"1763080","6670 E 38TH ST","INDIANAPOLIS","IN","46226","420","39.82610321","-86.0533905"
"1763402","6001 MASSACHUSETTS AVE","INDIANAPOLIS","IN","46226","420","39.81856537","-86.06384277"
"1763878","4590 N SHADELAND AVE","INDIANAPOLIS","IN","46226","450","39.84001541","-86.04669952"
"1765911","6833 MASSACHUSETTS AVE","INDIANAPOLIS","IN","46226","464","39.82391357","-86.05088043"
"1766621","6012 E 46TH ST","INDIANAPOLIS","IN","46226","431","39.84078217","-86.06414032"
"1768273","7135 E 46TH ST","INDIANAPOLIS","IN","46226","447","39.84013367","-86.0438385"
"1768835","7254 PICTON DR","INDIANAPOLIS","IN","46226","480","39.83158493","-86.04177094"
"1768847","8606 PENDLETON PIKE","INDIANAPOLIS","IN","46226","454","39.84194565","-86.016716"
"1770001","8345 PENDLETON PIKE","INDIANAPOLIS","IN","46226","426","39.8388176","-86.0209198"
"1770628","8401 PENDLETON PIKE","INDIANAPOLIS","IN","46226","426","39.83944702","-86.01992035"
"1770665","4537 N FRANKLIN RD","INDIANAPOLIS","IN","46226","420","39.8404808","-86.02690125"
"1771973","5050 E 38TH ST","INDIANAPOLIS","IN","46226","425","39.82610321","-86.08483124"
"1772147","6849 E 32ND ST","INDIANAPOLIS","IN","46226","447","39.81556702","-86.04914856"
"1772869","8989 PENDLETON PIKE","INDIANAPOLIS","IN","46226","447","39.84373093","-86.01060486"
"1773855","8101 E 47TH ST","INDIANAPOLIS","IN","46226","447","39.84150314","-86.02463531"
"1734610","2000 E COUNTY LINE RD","INDIANAPOLIS","IN","46227","425","39.63694763","-86.12586975"
"1734947","8616 UNITED STATES HIGHWAY 31","INDIANAPOLIS","IN","46227","426","39.6391449","-86.13050079"
"1736046","8784 MADISON AVE","INDIANAPOLIS","IN","46227","442","39.6388092","-86.11964417"
"1736184","1340 E COUNTY LINE RD","INDIANAPOLIS","IN","46227","480","39.63677979","-86.13519287"
"1736206","1502 E COUNTY LINE RD","INDIANAPOLIS","IN","46227","442","39.63758469","-86.13246918"
"1736866","7315 UNITED STATES HIGHWAY 31","INDIANAPOLIS","IN","46227","452","39.65884399","-86.14272308"
"1739053","2424 E COUNTY LINE RD","INDIANAPOLIS","IN","46227","444","39.63598251","-86.1203537"
"1739209","8800 UNITED STATES HIGHWAY 31","INDIANAPOLIS","IN","46227","425","39.63834381","-86.12840271"
"1740180","8900 ST PETER ST","INDIANAPOLIS","IN","46227","456","39.63689041","-86.12203217"
"1749631","8740 UNITED STATES HIGHWAY 31","INDIANAPOLIS","IN","46227","420","39.63891602","-86.13085175"
"1750460","1380 E COUNTY LINE RD","INDIANAPOLIS","IN","46227","412","39.63827896","-86.13469696"
"1753570","7422 SHELBY ST","INDIANAPOLIS","IN","46227","499","39.65791702","-86.1403656"
"1753572","7500 SHELBY ST","INDIANAPOLIS","IN","46227","456","39.65757751","-86.1401062"
"1753746","7719 UNITED STATES HIGHWAY 31","INDIANAPOLIS","IN","46227","425","39.65377426","-86.13894653"
"1753762","8125 UNITED STATES HIGHWAY 31","INDIANAPOLIS","IN","46227","454","39.64834595","-86.13515472"
"1753767","7557 SHELBY ST","INDIANAPOLIS","IN","46227","456","39.65607834","-86.13887024"
"1753792","3720 S EAST ST","INDIANAPOLIS","IN","46227","456","39.71253967","-86.14945221"
"1754015","7701 SHELBY ST","INDIANAPOLIS","IN","46227","456","39.65479279","-86.13899994"
"1754134","1522 E DUDLEY AVE","INDIANAPOLIS","IN","46227","454","39.68522263","-86.13307953"
"1754136","514 E THOMPSON RD","INDIANAPOLIS","IN","46227","456","39.69366837","-86.14797211"
"1754160","7734 MADISON AVE","INDIANAPOLIS","IN","46227","481","39.65435028","-86.12548828"
"1754178","1599 E EPLER AVE","INDIANAPOLIS","IN","46227","499","39.68549347","-86.1309967"
"1754197","1265 E THOMPSON RD","INDIANAPOLIS","IN","46227","444","39.69252014","-86.13425446"
"1754234","5530 S EAST ST","INDIANAPOLIS","IN","46227","456","39.68519211","-86.14956665"
"1754248","4325 CARSON AVE","INDIANAPOLIS","IN","46227","499","39.70452499","-86.11283112"
"1754278","1936 E SOUTHPORT RD","INDIANAPOLIS","IN","46227","429","39.66582108","-86.12576294"
"1754290","7001 E MADISON AVE","INDIANAPOLIS","IN","46227","456","39.66472626","-86.12618256"
"1754307","2204 NATIONAL AVE","INDIANAPOLIS","IN","46227","499","39.71360397","-86.12283325"
"1754367","2212 E SOUTHPORT RD","INDIANAPOLIS","IN","46227","499","39.66514206","-86.12244415"
"1754387","1410 E EPLER AVE","INDIANAPOLIS","IN","46227","499","39.68723297","-86.13632965"
"1754461","1634 NATIONAL AVE","INDIANAPOLIS","IN","46227","499","39.71246338","-86.13246918"
"1754463","3440 MADISON AVE","INDIANAPOLIS","IN","46227","499","39.71564102","-86.14700317"
"1754466","1323 STANDISH AVE","INDIANAPOLIS","IN","46227","456","39.71265411","-86.1350708"
"1754486","7007 MADISON AVE","INDIANAPOLIS","IN","46227","456","39.66472626","-86.12601471"
"1754513","5601 MADISON AVE","INDIANAPOLIS","IN","46227","454","39.68462753","-86.13329315"
"1754529","2127 E SOUTHPORT RD","INDIANAPOLIS","IN","46227","499","39.66395187","-86.12249756"
"1754549","5454 S EAST ST","INDIANAPOLIS","IN","46227","429","39.6873436","-86.14958191"
"1754551","5433 MADISON AVE","INDIANAPOLIS","IN","46227","454","39.68703079","-86.13417053"
"1754587","4904 MADISON AVE","INDIANAPOLIS","IN","46227","439","39.69447327","-86.1377182"
"1754609","3141 E THOMPSON RD","INDIANAPOLIS","IN","46227","425","39.69364548","-86.11114502"
"1754671","5540 S EAST ST","INDIANAPOLIS","IN","46227","429","39.68458557","-86.14956665"
"1754815","3033 SHELBY ST","INDIANAPOLIS","IN","46227","454","39.72154999","-86.13916779"
"1754828","604 MARTIN ST","INDIANAPOLIS","IN","46227","499","39.71935272","-86.14776611"
"1754937","3005 CARSON AVE","INDIANAPOLIS","IN","46227","454","39.72269058","-86.13609314"
"1754991","3814 MADISON AVE","INDIANAPOLIS","IN","46227","425","39.70994568","-86.14411163"
"1755088","4305 CARSON AVE","INDIANAPOLIS","IN","46227","499","39.70437241","-86.11308289"
"1755120","3600 DEVELOPERS RD","INDIANAPOLIS","IN","46227","499","39.71268463","-86.12427521"
"1755126","3101 SHELBY ST","INDIANAPOLIS","IN","46227","499","39.72109985","-86.139328"
"1755132","711 E MURRY ST","INDIANAPOLIS","IN","46227","454","39.71787643","-86.14591217"
"1755173","4033 WEAVER AVE","INDIANAPOLIS","IN","46227","442","39.70754623","-86.13886261"
"1755255","603 KNOX ST","INDIANAPOLIS","IN","46227","480","39.72151566","-86.14745331"
"1755257","3001 SHELBY ST","INDIANAPOLIS","IN","46227","454","39.72264481","-86.13925934"
"1755291","3331 MADISON AVE","INDIANAPOLIS","IN","46227","454","39.71749496","-86.14716339"
"1755308","3520 DEVELOPERS RD","INDIANAPOLIS","IN","46227","480","39.71556473","-86.1248703"
"1755355","512 E PERRY ST","INDIANAPOLIS","IN","46227","429","39.7202301","-86.14813995"
"1755418","3401 S EAST ST","INDIANAPOLIS","IN","46227","454","39.71681595","-86.14852905"
"1736775","1212 CASTANIA DR","INDIANAPOLIS","IN","46228","499","39.83742142","-86.18251801"
"1745843","2116 W 60TH ST","INDIANAPOLIS","IN","46228","481","39.86281586","-86.20123291"
"1763399","5617 MICHIGAN RD","INDIANAPOLIS","IN","46228","431","39.85448456","-86.19445801"
"1782425","5802 MICHIGAN RD","INDIANAPOLIS","IN","46228","429","39.85971069","-86.19801331"
"1784624","5749 MICHIGAN RD","INDIANAPOLIS","IN","46228","431","39.85905075","-86.19696045"
"1784727","2706 KESSLER BLVD DR W","INDIANAPOLIS","IN","46228","447","39.85430908","-86.20711517"
"1789337","5707 MICHIGAN RD","INDIANAPOLIS","IN","46228","420","39.85789871","-86.1964035"
"1801919","5902 MICHIGAN RD","INDIANAPOLIS","IN","46228","430","39.86095428","-86.19868469"
"1817287","4615 MICHIGAN RD","INDIANAPOLIS","IN","46228","499","39.83922577","-86.18743134"
"1826983","4501 MICHIGAN RD","INDIANAPOLIS","IN","46228","499","39.83756638","-86.18167114"
"1833708","6014 MICHIGAN RD","INDIANAPOLIS","IN","46228","420","39.86256409","-86.19985199"
"1840173","6015 MICHIGAN RD","INDIANAPOLIS","IN","46228","420","39.86262894","-86.19826508"
"1846721","2155 KESSLER BLVD DR W","INDIANAPOLIS","IN","46228","463","39.85169983","-86.20110321"
"1849341","1050 W 52ND ST","INDIANAPOLIS","IN","46228","463","39.84768295","-86.18158722"
"1855228","5106 MICHIGAN RD","INDIANAPOLIS","IN","46228","450","39.84498978","-86.19095612"
"1865959","5860 MICHIGAN RD","INDIANAPOLIS","IN","46228","429","39.86020279","-86.19837952"
"1884295","1950 KESSLER BLVD DR W","INDIANAPOLIS","IN","46228","425","39.85606003","-86.19523621"
"1885898","5516 ARABIAN RUN","INDIANAPOLIS","IN","46228","463","39.85223007","-86.22581482"
"1887254","6001 MICHIGAN RD","INDIANAPOLIS","IN","46228","450","39.86211014","-86.19824219"
"1891231","5620 MICHIGAN RD","INDIANAPOLIS","IN","46228","420","39.85466385","-86.19569397"
"1894145","5865 MICHIGAN RD","INDIANAPOLIS","IN","46228","442","39.86078644","-86.19762421"
"1898195","6080 MICHIGAN RD","INDIANAPOLIS","IN","46228","499","39.86349106","-86.20014954"
"1908835","5675 MICHIGAN RD","INDIANAPOLIS","IN","46228","422","39.85657501","-86.19538879"
"1927604","2032 W 60TH ST","INDIANAPOLIS","IN","46228","499","39.86206436","-86.19787598"
"1929513","2103 W 58TH ST","INDIANAPOLIS","IN","46228","499","39.85932541","-86.1980896"
"1940371","5555 MICHIGAN RD","INDIANAPOLIS","IN","46228","421","39.85336304","-86.19258118"
"1940993","5835 MICHIGAN RD","INDIANAPOLIS","IN","46228","455","39.86055756","-86.19763184"
"1973162","1950 W NORTHGATE ST","INDIANAPOLIS","IN","46228","455","39.86032867","-86.1973114"
"1975704","5210 MICHIGAN RD","INDIANAPOLIS","IN","46228","499","39.84706116","-86.19199371"
"1984446","2110 W 38TH ST","INDIANAPOLIS","IN","46228","442","39.82498169","-86.19795227"
"1992277","6180 MICHIGAN RD","INDIANAPOLIS","IN","46228","452","39.86774063","-86.20210266"
"2001161","1800 W 57TH ST","INDIANAPOLIS","IN","46228","499","39.8576622","-86.19332886"
"2013968","5659 MICHIGAN RD","INDIANAPOLIS","IN","46228","450","39.85518265","-86.19447327"
"2015460","5697 MICHIGAN RD","INDIANAPOLIS","IN","46228","452","39.85713959","-86.19590759"
"2019243","5602 MICHIGAN RD","INDIANAPOLIS","IN","46228","455","39.85393143","-86.19528198"
"2063348","5959 MICHIGAN RD","INDIANAPOLIS","IN","46228","420","39.86164856","-86.1982193"
"2146134","5957 MICHIGAN RD","INDIANAPOLIS","IN","46228","420","39.86157608","-86.19818878"
"2167042","5955 MICHIGAN RD","INDIANAPOLIS","IN","46228","420","39.8615036","-86.19816589"
"2180164","5876 MICHIGAN RD","INDIANAPOLIS","IN","46228","429","39.86040878","-86.19831848"
"2180165","5878 MICHIGAN RD","INDIANAPOLIS","IN","46228","429","39.86044312","-86.19833374"
"2180168","5870 MICHIGAN RD","INDIANAPOLIS","IN","46228","429","39.86035156","-86.19830322"
"2180170","5880 MICHIGAN RD","INDIANAPOLIS","IN","46228","429","39.86047745","-86.198349"
"2182853","5603 MICHIGAN RD","INDIANAPOLIS","IN","46228","420","39.85393524","-86.19424438"
"2183179","5701 MICHIGAN RD","INDIANAPOLIS","IN","46228","440","39.85770798","-86.19633484"
"124122","7173 W UNITED STATES HIGHWAY 40","INDIANAPOLIS","IN","46229","499","39.77724838","-85.93702698"
"128277","137 S TRADE CENTER WAY","INDIANAPOLIS","IN","46229","480","39.77522278","-85.93992615"
"204395","7109 W UNITED STATES HIGHWAY 40","INDIANAPOLIS","IN","46229","454","39.77724838","-85.93546295"
"259029","47 S TRADE CENTER WAY","INDIANAPOLIS","IN","46229","455","39.77614212","-85.93980408"
"279446","28 YORKSHIRE BLVD S","INDIANAPOLIS","IN","46229","447","39.77762604","-85.94052887"
"403256","7179 W UNITED STATES HIGHWAY 40","INDIANAPOLIS","IN","46229","499","39.77669525","-85.93701172"
"421174","7177 W UNITED STATES HIGHWAY 40","INDIANAPOLIS","IN","46229","499","39.77685547","-85.93700409"
"528964","7181 W UNITED STATES HIGHWAY 40","INDIANAPOLIS","IN","46229","499","39.77650833","-85.93700409"
"563155","12114 E WASHINGTON ST","INDIANAPOLIS","IN","46229","454","39.77716827","-85.95158386"
"581704","12140 E WASHINGTON ST","INDIANAPOLIS","IN","46229","444","39.77721405","-85.94924164"
"587189","7391 W UNITED STATES HIGHWAY 40","INDIANAPOLIS","IN","46229","455","39.77671814","-85.94075775"
"816615","102 GRANBY DR","INDIANAPOLIS","IN","46229","447","39.77764511","-85.95172119"
"875181","12110 E WASHINGTON ST","INDIANAPOLIS","IN","46229","430","39.77717972","-85.95230865"
"999203","7175 W UNITED STATES HIGHWAY 40","INDIANAPOLIS","IN","46229","499","39.77695847","-85.93700409"
"1012948","7053 W UNITED STATES HIGHWAY 40","INDIANAPOLIS","IN","46229","429","39.77730179","-85.93428802"
"1088173","44 YORKSHIRE BLVD S","INDIANAPOLIS","IN","46229","442","39.77772903","-85.94116974"
"1214149","104 GRANBY DR","INDIANAPOLIS","IN","46229","447","39.77768326","-85.9514389"
"1416577","7243 W UNITED STATES HIGHWAY 40","INDIANAPOLIS","IN","46229","429","39.77721786","-85.93803406"
"1420356","12130 E WASHINGTON ST","INDIANAPOLIS","IN","46229","442","39.77731323","-85.95007324"
"1593018","78 S COUNTY ROAD 700 W","INDIANAPOLIS","IN","46229","499","39.77717209","-85.93364716"
"1733724","2192 N MITTHOEFER RD","INDIANAPOLIS","IN","46229","456","39.79890823","-85.99098206"
"1734208","10401 E WASHINGTON ST","INDIANAPOLIS","IN","46229","456","39.77485275","-85.98258209"
"1734561","9529 E WASHINGTON ST","INDIANAPOLIS","IN","46229","456","39.77331924","-85.99872589"
"1735925","11926 E WASHINGTON ST","INDIANAPOLIS","IN","46229","499","39.77700424","-85.95523071"
"1737891","9001 E WASHINGTON ST","INDIANAPOLIS","IN","46229","456","39.77357864","-86.00883484"
"1738862","9515 E WASHINGTON ST","INDIANAPOLIS","IN","46229","420","39.77413559","-85.99733734"
"1740731","117 S GERMAN CHURCH RD","INDIANAPOLIS","IN","46229","422","39.77294922","-85.96955872"
"1740797","10701 E 30TH ST","INDIANAPOLIS","IN","46229","499","39.810112","-85.97676086"
"1742906","1100 N GERMAN CHURCH RD","INDIANAPOLIS","IN","46229","442","39.78284454","-85.97086334"
"1743309","11245 E WASHINGTON ST","INDIANAPOLIS","IN","46229","422","39.77558136","-85.96549225"
"1744225","11424 E WASHINGTON ST","INDIANAPOLIS","IN","46229","499","39.7767334","-85.96310425"
"1746735","145 WASHINGTON POINTE DR","INDIANAPOLIS","IN","46229","499","39.77627945","-85.97951508"
"1747139","11620 E WASHINGTON ST","INDIANAPOLIS","IN","46229","447","39.77696228","-85.95896912"
"1748969","9150 E 21ST ST","INDIANAPOLIS","IN","46229","450","39.79705429","-86.00647736"
"1752227","11100 E 10TH ST","INDIANAPOLIS","IN","46229","442","39.78366852","-85.96977234"
"1752692","10849 E WASHINGTON ST","INDIANAPOLIS","IN","46229","431","39.77519226","-85.97462463"
"1752945","741 N MITTHOEFER RD","INDIANAPOLIS","IN","46229","427","39.77972412","-85.98978424"
"1755532","10405 E WASHINGTON ST","INDIANAPOLIS","IN","46229","452","39.77489471","-85.98208618"
"1758778","361 S POST RD","INDIANAPOLIS","IN","46229","481","39.76549911","-86.00715637"
"1758943","9816 RAWLES AVE","INDIANAPOLIS","IN","46229","480","39.76405716","-85.99393463"
"1760409","10103 E WASHINGTON ST","INDIANAPOLIS","IN","46229","422","39.77458191","-85.98709106"
"1765216","10012 E WASHINGTON ST","INDIANAPOLIS","IN","46229","420","39.77534485","-85.98880768"
"1765506","1503 N MITTHOEFER RD","INDIANAPOLIS","IN","46229","447","39.78779602","-85.98976898"
"1767434","11801 E WASHINGTON ST","INDIANAPOLIS","IN","46229","420","39.77626801","-85.9569931"
"1768295","9930 E 10TH ST","INDIANAPOLIS","IN","46229","442","39.7826004","-85.99126434"
"1768415","1035 N POST RD","INDIANAPOLIS","IN","46229","442","39.78292847","-86.0087738"
"1768951","2860 MITTHOEFER PL","INDIANAPOLIS","IN","46229","480","39.80968475","-85.99193573"
"1769062","320 S MITTHOEFER RD","INDIANAPOLIS","IN","46229","481","39.76690292","-85.99459076"
"1772159","11903 WELLAND ST","INDIANAPOLIS","IN","46229","447","39.77848816","-85.95553589"
"1772351","11706 E WASHINGTON ST","INDIANAPOLIS","IN","46229","499","39.77671432","-85.95792389"
"1772558","10005 E 21ST ST","INDIANAPOLIS","IN","46229","455","39.7965889","-85.99003601"
"1773323","10745 E WASHINGTON ST","INDIANAPOLIS","IN","46229","420","39.77508163","-85.97529602"
"1774057","2902 MITTHOEFER PL","INDIANAPOLIS","IN","46229","429","39.80975723","-85.99285889"
"1775033","9440 BURK RD","INDIANAPOLIS","IN","46229","420","39.76996994","-86.00234985"
"1775513","334 N MITTHOEFER RD","INDIANAPOLIS","IN","46229","481","39.77748108","-85.991745"
"1776542","296 S MITTHOEFER RD","INDIANAPOLIS","IN","46229","481","39.76778793","-85.99456787"
"1733652","8014 W WASHINGTON ST","INDIANAPOLIS","IN","46231","410","39.73666763","-86.30361176"
"1733685","8004 W WASHINGTON ST","INDIANAPOLIS","IN","46231","410","39.73705673","-86.30296326"
"1736692","8305 W MORRIS ST","INDIANAPOLIS","IN","46231","481","39.74642181","-86.30744171"
"1746066","8734 W WASHINGTON ST","INDIANAPOLIS","IN","46231","499","39.73288727","-86.31602478"
"1766024","2255 S RACEWAY RD","INDIANAPOLIS","IN","46231","481","39.73293686","-86.32566071"
"1767824","1616 S GIRLS SCHOOL RD","INDIANAPOLIS","IN","46231","454","39.74211121","-86.28923035"
"1770505","8450 W WASHINGTON ST","INDIANAPOLIS","IN","46231","480","39.73492813","-86.31005859"
"1793039","55 S RACEWAY RD","INDIANAPOLIS","IN","46231","425","39.76282883","-86.32574463"
"1795589","8201 W WASHINGTON ST","INDIANAPOLIS","IN","46231","412","39.73495865","-86.30580139"
"1799134","8912 W WASHINGTON ST","INDIANAPOLIS","IN","46231","429","39.73205185","-86.31897736"
"1799881","1910 S GIRLS SCHOOL RD","INDIANAPOLIS","IN","46231","447","39.74013138","-86.28969574"
"1799969","8802 W WASHINGTON ST","INDIANAPOLIS","IN","46231","420","39.73271561","-86.31655884"
"1803536","1650 S GIRLS SCHOOL RD","INDIANAPOLIS","IN","46231","454","39.7416954","-86.28931427"
"1817327","8514 W WASHINGTON ST","INDIANAPOLIS","IN","46231","455","39.73464203","-86.31204224"
"1817586","8007 W WASHINGTON ST","INDIANAPOLIS","IN","46231","420","39.73620987","-86.30210114"
"1837101","8516 W WASHINGTON ST","INDIANAPOLIS","IN","46231","480","39.73421097","-86.31243896"
"1839113","8350 W WASHINGTON ST","INDIANAPOLIS","IN","46231","455","39.73516083","-86.30943298"
"1840737","8752 W WASHINGTON ST","INDIANAPOLIS","IN","46231","420","39.7327652","-86.31619263"
"1844044","9201 ROCKVILLE RD","INDIANAPOLIS","IN","46231","447","39.763237","-86.32513428"
"1848787","9201 W WASHINGTON ST","INDIANAPOLIS","IN","46231","481","39.72917938","-86.32534027"
"1848839","8225 W WASHINGTON ST","INDIANAPOLIS","IN","46231","454","39.73482895","-86.3065567"
"1853116","8009 W WASHINGTON ST","INDIANAPOLIS","IN","46231","420","39.73611832","-86.30244446"
"1858862","7578 W WASHINGTON ST","INDIANAPOLIS","IN","46231","429","39.74021149","-86.2932663"
"1865070","8500 W WASHINGTON ST","INDIANAPOLIS","IN","46231","454","39.73441696","-86.31123352"
"1880995","7520 W WASHINGTON ST","INDIANAPOLIS","IN","46231","455","39.74108887","-86.29141235"
"1887387","7310 W WASHINGTON ST","INDIANAPOLIS","IN","46231","410","39.74104309","-86.29031372"
"1892000","9268 W WASHINGTON ST","INDIANAPOLIS","IN","46231","420","39.73020554","-86.32527924"
"1892345","8484 W WASHINGTON ST","INDIANAPOLIS","IN","46231","480","39.73491669","-86.31121063"
"1893986","8013 W WASHINGTON ST","INDIANAPOLIS","IN","46231","430","39.73575211","-86.30356598"
"1902764","8808 W WASHINGTON ST","INDIANAPOLIS","IN","46231","420","39.7326088","-86.31678772"
"1908021","8639 W WASHINGTON ST","INDIANAPOLIS","IN","46231","480","39.73251724","-86.31432343"
"1915137","8480 W WASHINGTON ST","INDIANAPOLIS","IN","46231","480","39.7349205","-86.31064606"
"1918456","2352 BURKE ST","INDIANAPOLIS","IN","46231","455","39.73316193","-86.31687927"
"1920164","9020 W WASHINGTON ST","INDIANAPOLIS","IN","46231","499","39.73163223","-86.32024384"
"1921381","7820 W WASHINGTON ST","INDIANAPOLIS","IN","46231","455","39.73844528","-86.29807281"
"1925720","8538 W WASHINGTON ST","INDIANAPOLIS","IN","46231","480","39.73375702","-86.31304932"
"1926321","8854 W WASHINGTON ST","INDIANAPOLIS","IN","46231","447","39.7321701","-86.31817627"
"1940708","2425 PORTER ST","INDIANAPOLIS","IN","46231","455","39.73110199","-86.31729126"
"1943607","8120 W WASHINGTON ST","INDIANAPOLIS","IN","46231","410","39.73644257","-86.30526733"
"1963128","7576 W WASHINGTON ST","INDIANAPOLIS","IN","46231","454","39.74022675","-86.29302216"
"1736546","9043 CRAWFORDSVILLE RD","INDIANAPOLIS","IN","46234","499","39.81560516","-86.32257843"
"1737449","9150 ROCKVILLE RD","INDIANAPOLIS","IN","46234","499","39.7653389","-86.32433319"
"1737612","8353 ROCKVILLE RD","INDIANAPOLIS","IN","46234","447","39.76358032","-86.30838776"
"1738275","9233 CRAWFORDSVILLE RD","INDIANAPOLIS","IN","46234","425","39.8170166","-86.32611847"
"1742026","9129 ROCKVILLE RD","INDIANAPOLIS","IN","46234","455","39.76324463","-86.32388306"
"1743027","9241 CRAWFORDSVILLE RD","INDIANAPOLIS","IN","46234","450","39.81709671","-86.32650757"
"1744094","8835 ROCKVILLE RD","INDIANAPOLIS","IN","46234","421","39.76335144","-86.31848145"
"1744178","55 N RACEWAY RD","INDIANAPOLIS","IN","46234","425","39.7649231","-86.32601929"
"1745445","8311 CRAWFORDSVILLE RD","INDIANAPOLIS","IN","46234","425","39.81019592","-86.30845642"
"1746065","9126 CRAWFORDSVILLE RD","INDIANAPOLIS","IN","46234","499","39.81674957","-86.32408142"
"1747145","9205 W 10TH ST","INDIANAPOLIS","IN","46234","420","39.77735901","-86.32483673"
"1751144","905 N RACEWAY RD","INDIANAPOLIS","IN","46234","456","39.7777977","-86.32641602"
"1757654","9073 CRAWFORDSVILLE RD","INDIANAPOLIS","IN","46234","499","39.81578445","-86.32335663"
"1757869","9122 CRAWFORDSVILLE RD","INDIANAPOLIS","IN","46234","420","39.8169632","-86.3236618"
"1759957","8354 LITTLE EAGLE CT","INDIANAPOLIS","IN","46234","447","39.78026962","-86.30971527"
"1762372","1920 JOSHUA ST","INDIANAPOLIS","IN","46234","415","39.79112625","-86.31417847"
"1763211","1931 LAKE OF THE PINES DR","INDIANAPOLIS","IN","46234","415","39.79216766","-86.3143692"
"1765095","9218 WIND RIVER CT","INDIANAPOLIS","IN","46234","415","39.78265381","-86.32527161"
"1766021","9033 MOUNT SHASTA S","INDIANAPOLIS","IN","46234","415","39.78268814","-86.32170868"
"1769849","3639 N RACEWAY RD","INDIANAPOLIS","IN","46234","429","39.82003403","-86.32666016"
"1773465","8501 ROCKVILLE RD","INDIANAPOLIS","IN","46234","481","39.76314545","-86.31158447"
"1774406","9211 CRAWFORDSVILLE RD","INDIANAPOLIS","IN","46234","499","39.81674957","-86.32531738"
"1775398","8947 CRAWFORDSVILLE RD","INDIANAPOLIS","IN","46234","499","39.81498718","-86.32065582"
"1777151","9230 CRAWFORDSVILLE RD","INDIANAPOLIS","IN","46234","480","39.81772995","-86.32614899"
"1777320","9100 W 10TH ST","INDIANAPOLIS","IN","46234","450","39.77916718","-86.32196045"
"1778816","1243 RUSHMORE BLVD W","INDIANAPOLIS","IN","46234","415","39.78263855","-86.32397461"
"1779137","3417 N RACEWAY RD","INDIANAPOLIS","IN","46234","455","39.8162117","-86.32684326"
"1782688","8438 CRAWFORDSVILLE RD","INDIANAPOLIS","IN","46234","447","39.8120079","-86.3105011"
"1784528","1926 JOSHUA ST","INDIANAPOLIS","IN","46234","415","39.79125977","-86.31414795"
"1787435","9032 CRAWFORDSVILLE RD","INDIANAPOLIS","IN","46234","420","39.81587219","-86.32157135"
"1787517","9175 W 10TH ST","INDIANAPOLIS","IN","46234","420","39.77823639","-86.32493591"
"1789540","9129 CRAWFORDSVILLE RD","INDIANAPOLIS","IN","46234","452","39.81626129","-86.32440186"
"1794422","8850 CRAWFORDSVILLE RD","INDIANAPOLIS","IN","46234","447","39.81536865","-86.31945801"
"1797063","9054 CRAWFORDSVILLE RD","INDIANAPOLIS","IN","46234","454","39.81624222","-86.32254791"
"1799042","8301 W 10TH ST","INDIANAPOLIS","IN","46234","447","39.77851486","-86.30867767"
"1806760","9111 CRAWFORDSVILLE RD","INDIANAPOLIS","IN","46234","499","39.81612396","-86.32369995"
"1809799","9041 MOUNT SHASTA S","INDIANAPOLIS","IN","46234","415","39.78264618","-86.32243347"
"1810121","9104 RUSHMORE BLVD S","INDIANAPOLIS","IN","46234","415","39.78169632","-86.32321167"
"1811502","9020 CRAWFORDSVILLE RD","INDIANAPOLIS","IN","46234","447","39.81588745","-86.32129669"
"1813534","8763 SUZANNE CT","INDIANAPOLIS","IN","46234","415","39.79195786","-86.31723785"
"1735497","10155 PENDLETON PIKE","INDIANAPOLIS","IN","46235","415","39.8530159","-85.98680115"
"1735553","11025 E 38TH ST","INDIANAPOLIS","IN","46235","451","39.82618713","-85.97116852"
"1738649","5620 SUNNYSIDE RD","INDIANAPOLIS","IN","46235","499","39.85721207","-85.97354126"
"1747867","3415 N GERMAN CHURCH RD","INDIANAPOLIS","IN","46235","499","39.81993866","-85.97127533"
"1749180","9930 E 38TH ST","INDIANAPOLIS","IN","46235","440","39.82688141","-85.99237061"
"1757418","11411 E 56TH ST","INDIANAPOLIS","IN","46235","463","39.85160065","-85.9666748"
"1759712","4830 DUSTIN DR","INDIANAPOLIS","IN","46235","415","39.84415054","-85.99573517"
"1759943","3855 N POST RD","INDIANAPOLIS","IN","46235","431","39.82754517","-86.00959015"
"1760633","4954 BASSETT DR","INDIANAPOLIS","IN","46235","415","39.84571838","-85.99252319"
"1761275","5015 DUSTIN DR","INDIANAPOLIS","IN","46235","415","39.84621811","-85.99533081"
"1761472","5022 TRUMP DR","INDIANAPOLIS","IN","46235","415","39.84641647","-85.99340057"
"1768141","3863 N POST RD","INDIANAPOLIS","IN","46235","431","39.82776642","-86.00959778"
"1768212","5011 MINDY DR","INDIANAPOLIS","IN","46235","415","39.84613419","-85.99372864"
"1768407","4816 TRAVIS DR","INDIANAPOLIS","IN","46235","415","39.8435936","-85.99497223"
"1768547","4836 MINDY DR","INDIANAPOLIS","IN","46235","415","39.84429169","-85.99417114"
"1768888","4963 MINDY DR","INDIANAPOLIS","IN","46235","415","39.84586334","-85.99371338"
"1769130","5113 TRUMP DR","INDIANAPOLIS","IN","46235","415","39.84724808","-85.99292755"
"1769606","4944 TRUMP DR","INDIANAPOLIS","IN","46235","415","39.84543228","-85.99339294"
"1770463","4946 DUSTIN DR","INDIANAPOLIS","IN","46235","415","39.84550476","-85.9957962"
"1770780","4808 MINDY DR","INDIANAPOLIS","IN","46235","415","39.84331131","-85.99416351"
"1770798","3813 N MITTHOEFER RD","INDIANAPOLIS","IN","46235","450","39.82687759","-85.99053955"
"1771711","5116 TRAVIS DR","INDIANAPOLIS","IN","46235","415","39.84734344","-85.99500275"
"1771899","5016 MINDY DR","INDIANAPOLIS","IN","46235","415","39.84612656","-85.9941864"
"1773550","5760 SUNNYSIDE RD","INDIANAPOLIS","IN","46235","444","39.85980606","-85.97318268"
"1774221","5034 TRAVIS DR","INDIANAPOLIS","IN","46235","415","39.8466568","-85.9949646"
"1774422","5046 MINDY DR","INDIANAPOLIS","IN","46235","415","39.84680939","-85.99414825"
"1776031","11040 PENDLETON PIKE","INDIANAPOLIS","IN","46235","431","39.86381531","-85.97141266"
"1776784","5017 MINDY DR","INDIANAPOLIS","IN","46235","415","39.84627533","-85.99371338"
"1777150","9765 CHERRY TREE LN","INDIANAPOLIS","IN","46235","415","39.84248352","-85.99524689"
"1779376","9929 CHERRY TREE LN","INDIANAPOLIS","IN","46235","415","39.84248352","-85.99208832"
"1779944","4950 MINDY DR","INDIANAPOLIS","IN","46235","415","39.84544373","-85.99420166"
"1780529","4744 TRUMP DR","INDIANAPOLIS","IN","46235","415","39.84305191","-85.99336243"
"1780822","11020 PENDLETON PIKE","INDIANAPOLIS","IN","46235","422","39.86352158","-85.9720993"
"1781323","5029 TRUMP DR","INDIANAPOLIS","IN","46235","415","39.8464241","-85.99291229"
"1781926","9160 E 38TH ST","INDIANAPOLIS","IN","46235","453","39.8265419","-86.00662994"
"1783518","4840 HAPPY HOUSE DR","INDIANAPOLIS","IN","46235","415","39.8445549","-85.99196625"
"1784654","9769 CHERRY TREE LN","INDIANAPOLIS","IN","46235","415","39.84249496","-85.99506378"
"1784667","5040 TRUMP DR","INDIANAPOLIS","IN","46235","415","39.84682465","-85.9934082"
"1785022","10301 PENDLETON PIKE","INDIANAPOLIS","IN","46235","453","39.85606384","-85.9848175"
"1786120","5029 DUSTIN DR","INDIANAPOLIS","IN","46235","415","39.84651184","-85.99533081"
"1734900","9910 PENDLETON PIKE","INDIANAPOLIS","IN","46236","431","39.85326385","-85.99304962"
"1735942","9208 PENDLETON PIKE","INDIANAPOLIS","IN","46236","415","39.84651184","-86.00733948"
"1736262","11110 PENDLETON PIKE","INDIANAPOLIS","IN","46236","420","39.86419678","-85.97084808"
"1737273","10015 PENDLETON PIKE","INDIANAPOLIS","IN","46236","415","39.85325241","-85.99080658"
"1737728","10430 E 56TH ST","INDIANAPOLIS","IN","46236","421","39.85657501","-85.98334503"
"1745328","9214 PENDLETON PIKE","INDIANAPOLIS","IN","46236","415","39.84738541","-86.00579071"
"1749523","9535 PENDLETON PIKE","INDIANAPOLIS","IN","46236","420","39.84880447","-85.99941254"
"1753276","11101 PENDLETON PIKE","INDIANAPOLIS","IN","46236","421","39.86230087","-85.97049713"
"1756095","11711 FOX RD","INDIANAPOLIS","IN","46236","426","39.90187454","-85.9598999"
"1757166","5800 SUNNYSIDE RD","INDIANAPOLIS","IN","46236","450","39.86109543","-85.973526"
"1757369","9125 PENDLETON PIKE","INDIANAPOLIS","IN","46236","499","39.84531403","-86.0074234"
"1759110","7615 OAKLANDON RD","INDIANAPOLIS","IN","46236","447","39.89352036","-85.95633698"
"1763295","6381 OAKLANDON RD","INDIANAPOLIS","IN","46236","420","39.87439728","-85.95690155"
"1769735","8120 OAKLANDON RD","INDIANAPOLIS","IN","46236","444","39.90354538","-85.95768738"
"1770802","10560 PENDLETON PIKE","INDIANAPOLIS","IN","46236","429","39.85988617","-85.97961426"
"1771356","10845 E 79TH ST","INDIANAPOLIS","IN","46236","422","39.89769363","-85.97544098"
"1775216","5835 SUNNYSIDE RD","INDIANAPOLIS","IN","46236","444","39.86150742","-85.97220612"
"1775469","10941 E 79TH ST","INDIANAPOLIS","IN","46236","420","39.8975029","-85.9743042"
"1777632","7829 SUNNYSIDE RD","INDIANAPOLIS","IN","46236","425","39.89690018","-85.9755249"
"1779650","11925 E 65TH ST","INDIANAPOLIS","IN","46236","447","39.87662125","-85.95497131"
"1782112","6350 OAKLANDON RD","INDIANAPOLIS","IN","46236","420","39.87369919","-85.9573288"
"1783673","10580 PENDLETON PIKE","INDIANAPOLIS","IN","46236","429","39.86010361","-85.97848511"
"1784374","6336 OAKLANDON RD","INDIANAPOLIS","IN","46236","429","39.87301254","-85.95775604"
"1784637","11730 PENDLETON PIKE","INDIANAPOLIS","IN","46236","431","39.8717308","-85.95826721"
"1787566","6935 BITTERSWEET LN","INDIANAPOLIS","IN","46236","415","39.88391876","-85.94295502"
"1789248","11715 FOX RD","INDIANAPOLIS","IN","46236","425","39.90180206","-85.95925903"
"1795062","7962 OAKLANDON RD","INDIANAPOLIS","IN","46236","442","39.90035629","-85.9577179"
"1797105","10955 PENDLETON PIKE","INDIANAPOLIS","IN","46236","431","39.86164474","-85.97315979"
"1802284","9620 PENDLETON PIKE","INDIANAPOLIS","IN","46236","447","39.85073471","-85.99832153"
"1802330","11825 BROADWAY ST","INDIANAPOLIS","IN","46236","447","39.87635422","-85.95623779"
"1805138","11019 PENDLETON PIKE","INDIANAPOLIS","IN","46236","450","39.86212921","-85.97220612"
"1810954","11611 E 75TH ST","INDIANAPOLIS","IN","46236","463","39.89049911","-85.96174622"
"1831032","5025 N POST RD","INDIANAPOLIS","IN","46236","454","39.84614182","-86.00875854"
"1834322","10502 E 75TH ST","INDIANAPOLIS","IN","46236","463","39.89223099","-85.98127747"
"1842265","11929 E 65TH ST","INDIANAPOLIS","IN","46236","480","39.87656403","-85.95446777"
"1842447","9014 PENDLETON PIKE","INDIANAPOLIS","IN","46236","454","39.84523773","-86.00928497"
"1844266","9444 E 52ND ST","INDIANAPOLIS","IN","46236","447","39.84831619","-86.00123596"
"1844303","6432 OAKLANDON RD","INDIANAPOLIS","IN","46236","447","39.8755722","-85.95741272"
"1847828","11551 PENDLETON PIKE","INDIANAPOLIS","IN","46236","411","39.86737442","-85.96204376"
"1848490","7855 CORK RD","INDIANAPOLIS","IN","46236","447","39.89792633","-85.97314453"
"1734642","5435 E THOMPSON RD","INDIANAPOLIS","IN","46237","431","39.69429016","-86.07448578"
"1736399","8820 S EMERSON AVE","INDIANAPOLIS","IN","46237","456","39.63889313","-86.0832901"
"1736851","8545 S EMERSON AVE","INDIANAPOLIS","IN","46237","425","39.64199448","-86.08182526"
"1736865","5290 CLAYBROOKE COMMONS DR","INDIANAPOLIS","IN","46237","454","39.64193344","-86.07621002"
"1738051","5310 COMMERCE CIR","INDIANAPOLIS","IN","46237","481","39.65585709","-86.07720184"
"1738566","8603 S EMERSON AVE","INDIANAPOLIS","IN","46237","425","39.64135742","-86.08182526"
"1740914","5901 E THOMPSON RD","INDIANAPOLIS","IN","46237","450","39.69430542","-86.06476593"
"1741927","5333 S COMMERCE SQUARE DR","INDIANAPOLIS","IN","46237","480","39.65313339","-86.07518768"
"1743668","5820 MERITAGE PKWY","INDIANAPOLIS","IN","46237","480","39.64120865","-86.06623077"
"1751215","8854 S EMERSON AVE","INDIANAPOLIS","IN","46237","425","39.63835144","-86.08335876"
"1753169","5420 E THOMPSON RD","INDIANAPOLIS","IN","46237","431","39.69524002","-86.07500458"
"1753559","5914 E STOP 11 RD","INDIANAPOLIS","IN","46237","456","39.65278244","-86.06561279"
"1753686","8340 S EMERSON AVE","INDIANAPOLIS","IN","46237","447","39.64526749","-86.08379364"
"1753735","6925 E SOUTHPORT RD","INDIANAPOLIS","IN","46237","425","39.66590118","-86.045578"
"1753817","5249 CLAYBROOKE COMMONS DR","INDIANAPOLIS","IN","46237","411","39.63970947","-86.0783844"
"1753958","5209 E SOUTHPORT RD","INDIANAPOLIS","IN","46237","422","39.66371155","-86.08006287"
"1754071","5360 E THOMPSON RD","INDIANAPOLIS","IN","46237","499","39.69611359","-86.07640076"
"1754229","6721 GRAY RD","INDIANAPOLIS","IN","46237","499","39.66924286","-86.09635162"
"1754259","7100 S EMERSON AVE","INDIANAPOLIS","IN","46237","422","39.66379929","-86.08286285"
"1754291","3814 E SOUTHPORT RD","INDIANAPOLIS","IN","46237","420","39.66568375","-86.10102844"
"1754479","4038 E SOUTHPORT RD","INDIANAPOLIS","IN","46237","447","39.66582108","-86.09932709"
"1754520","4022 E SOUTHPORT RD","INDIANAPOLIS","IN","46237","447","39.66575241","-86.09932709"
"1754569","4026 E SOUTHPORT RD","INDIANAPOLIS","IN","46237","447","39.66581345","-86.09964752"
"1754668","7108 MC FARLAND BLVD","INDIANAPOLIS","IN","46237","430","39.66418839","-86.09591675"
"1754721","4014 E SOUTHPORT RD","INDIANAPOLIS","IN","46237","447","39.66574478","-86.09953308"
"1754722","4034 E SOUTHPORT RD","INDIANAPOLIS","IN","46237","447","39.66581345","-86.0994339"
"1757391","4018 E SOUTHPORT RD","INDIANAPOLIS","IN","46237","447","39.6657486","-86.09942627"
"1757398","6047 S EMERSON AVE","INDIANAPOLIS","IN","46237","450","39.67943954","-86.08161926"
"1757570","5310 E SOUTHPORT RD","INDIANAPOLIS","IN","46237","456","39.66727448","-86.07782745"
"1759102","1975 E TROY AVE","INDIANAPOLIS","IN","46237","419","39.72289276","-86.12450409"
"1760435","2201 E TROY AVE","INDIANAPOLIS","IN","46237","454","39.72286606","-86.12390137"
"1760996","5170 COMMERCE CIR","INDIANAPOLIS","IN","46237","447","39.65563583","-86.08166504"
"1763511","6955 S EMERSON AVE","INDIANAPOLIS","IN","46237","450","39.6663475","-86.0819931"
"1763863","4031 E SOUTHPORT RD","INDIANAPOLIS","IN","46237","431","39.6649971","-86.09724426"
"1764436","4049 KILDEER DR","INDIANAPOLIS","IN","46237","481","39.66734695","-86.09479523"
"1765865","5406 S EMERSON AVE","INDIANAPOLIS","IN","46237","442","39.68911362","-86.08304596"
"1766592","5221 NOGGLE WAY","INDIANAPOLIS","IN","46237","430","39.63713455","-86.07994843"
"1771324","3138 S KEYSTONE AVE","INDIANAPOLIS","IN","46237","420","39.71993637","-86.12109375"
"1773100","7045 EMBLEM DR","INDIANAPOLIS","IN","46237","425","39.66461945","-86.08105469"
"1773880","4044 E SOUTHPORT RD","INDIANAPOLIS","IN","46237","431","39.66595078","-86.09797668"
"1735154","10930 SOUTHEASTERN AVE","INDIANAPOLIS","IN","46239","499","39.68435669","-85.97304535"
"1735854","7769 LEXINGTON AVE","INDIANAPOLIS","IN","46239","499","39.75795364","-86.02978516"
"1735888","6911 BROOKVILLE RD","INDIANAPOLIS","IN","46239","456","39.75440216","-86.04916382"
"1737569","8800 S BROOKVILLE RD","INDIANAPOLIS","IN","46239","456","39.747715","-86.00939941"
"1740996","8950 ATLANTIS DR","INDIANAPOLIS","IN","46239","431","39.71305084","-86.00858307"
"1741166","8721 E TROY AVE","INDIANAPOLIS","IN","46239","499","39.72395706","-86.01582336"
"1742631","8721 SOUTHEASTERN AVE","INDIANAPOLIS","IN","46239","499","39.70527267","-86.01190186"
"1742919","516 S POST RD","INDIANAPOLIS","IN","46239","450","39.76179123","-86.00966644"
"1743165","7645 SOUTHEASTERN AVE","INDIANAPOLIS","IN","46239","499","39.71642303","-86.03130341"
"1744377","7614 BROOKVILLE RD","INDIANAPOLIS","IN","46239","454","39.75217438","-86.03453827"
"1746307","3520 S POST RD","INDIANAPOLIS","IN","46239","499","39.71772766","-86.00901031"
"1747957","3851 S POST RD","INDIANAPOLIS","IN","46239","454","39.71244812","-86.00767517"
"1749601","510 S POST RD","INDIANAPOLIS","IN","46239","420","39.76130676","-86.00963593"
"1751573","9107 E THOMPSON RD","INDIANAPOLIS","IN","46239","499","39.69598389","-86.00627136"
"1751768","10548 SOUTHEASTERN AVE","INDIANAPOLIS","IN","46239","499","39.68799591","-85.97847748"
"1752391","3216 S POST RD","INDIANAPOLIS","IN","46239","454","39.72208023","-86.0089798"
"1754425","5002 FIVE POINTS RD","INDIANAPOLIS","IN","46239","499","39.69523239","-86.08438873"
"1755960","8505 SOUTHEASTERN AVE","INDIANAPOLIS","IN","46239","431","39.70727158","-86.015625"
"1758387","8900 SOUTHEASTERN AVE","INDIANAPOLIS","IN","46239","429","39.70453644","-86.00924683"
"1758415","8800 BROOKVILLE RD","INDIANAPOLIS","IN","46239","454","39.74779892","-86.01223755"
"1759545","5646 MUTUAL LN","INDIANAPOLIS","IN","46239","467","39.68612671","-86.02066803"
"1759729","8711 SOUTHEASTERN AVE","INDIANAPOLIS","IN","46239","499","39.70566177","-86.01216888"
"1760797","7735 BROOKVILLE RD","INDIANAPOLIS","IN","46239","431","39.75021362","-86.03028107"
"1761427","8135 BROOKVILLE RD","INDIANAPOLIS","IN","46239","429","39.74816513","-86.02303314"
"1764218","3110 S POST RD","INDIANAPOLIS","IN","46239","454","39.7204895","-86.01142883"
"1764274","3416 S POST RD","INDIANAPOLIS","IN","46239","447","39.7191124","-86.00914001"
"1766815","3420 S POST RD","INDIANAPOLIS","IN","46239","499","39.71974564","-86.01076508"
"1769196","3024 FIVE POINTS RD","INDIANAPOLIS","IN","46239","499","39.72393417","-86.04507446"
"1769585","7215 E THOMPSON RD","INDIANAPOLIS","IN","46239","447","39.69326401","-86.0403595"
"1770548","8220 BROOKVILLE RD","INDIANAPOLIS","IN","46239","425","39.74969864","-86.02133942"
"1772517","8831 SOUTHEASTERN AVE","INDIANAPOLIS","IN","46239","499","39.70469284","-86.01075745"
"1772809","7086 SOUTHEASTERN AVE","INDIANAPOLIS","IN","46239","499","39.72405243","-86.04292297"
"1777088","750 S POST RD","INDIANAPOLIS","IN","46239","480","39.75897598","-86.00997925"
"1778656","7947 SOUTHEASTERN AVE","INDIANAPOLIS","IN","46239","429","39.71389008","-86.026474"
"1779212","7802 BROOKVILLE RD","INDIANAPOLIS","IN","46239","429","39.75133514","-86.02996826"
"1784123","8640 BROOKVILLE RD","INDIANAPOLIS","IN","46239","480","39.748703","-86.01383972"
"1785494","507 S POST RD","INDIANAPOLIS","IN","46239","499","39.7608757","-86.00795746"
"1787678","5630 S FRANKLIN RD","INDIANAPOLIS","IN","46239","450","39.68652344","-86.019104"
"1790250","8801 SOUTHEASTERN AVE","INDIANAPOLIS","IN","46239","499","39.70529175","-86.01161957"
"1790287","8049 BROOKVILLE RD","INDIANAPOLIS","IN","46239","442","39.74921417","-86.02489471"
"2519","1300 E 96TH ST","INDIANAPOLIS","IN","46240","499","39.92770386","-86.13931274"
"3153","350 E 96TH ST","INDIANAPOLIS","IN","46240","449","39.92922211","-86.15155029"
"61618","600 E 96TH ST","INDIANAPOLIS","IN","46240","449","39.92893982","-86.14700317"
"73441","4610 E 96TH ST","INDIANAPOLIS","IN","46240","454","39.92779922","-86.09375763"
"80438","3702 E 96TH ST","INDIANAPOLIS","IN","46240","454","39.92703247","-86.10665131"
"104305","4160 E 96TH ST","INDIANAPOLIS","IN","46240","499","39.92739487","-86.09934235"
"106172","4164 E 96TH ST","INDIANAPOLIS","IN","46240","499","39.92705536","-86.09925079"
"108046","2920 E 96TH ST","INDIANAPOLIS","IN","46240","447","39.92842865","-86.11580658"
"154405","900 E 96TH ST","INDIANAPOLIS","IN","46240","449","39.9283638","-86.14271545"
"208061","3400 E 96TH ST","INDIANAPOLIS","IN","46240","454","39.92747879","-86.10829163"
"221117","4200 E 96TH ST","INDIANAPOLIS","IN","46240","454","39.92747116","-86.09722137"
"226807","4146 E 96TH ST","INDIANAPOLIS","IN","46240","454","39.92774582","-86.10090637"
"236122","310 E 96TH ST","INDIANAPOLIS","IN","46240","449","39.92827606","-86.15258789"
"263637","4150 E 96TH ST","INDIANAPOLIS","IN","46240","454","39.92745209","-86.09996033"
"294681","800 E 96TH ST","INDIANAPOLIS","IN","46240","449","39.92897797","-86.14374542"
"307090","2850 E 96TH ST","INDIANAPOLIS","IN","46240","447","39.92736816","-86.11637878"
"341492","250 E 96TH ST","INDIANAPOLIS","IN","46240","449","39.92830276","-86.15364075"
"353250","500 E 96TH ST","INDIANAPOLIS","IN","46240","449","39.92830276","-86.14928436"
"363609","510 125 E 96TH ST","INDIANAPOLIS","IN","46240","449","39.92958069","-86.14931488"
"432819","510 E 96TH ST","INDIANAPOLIS","IN","46240","449","39.92957306","-86.14925385"
"483435","3300 E 96TH ST","INDIANAPOLIS","IN","46240","454","39.9275856","-86.10881042"
"577747","2900 E 96TH ST","INDIANAPOLIS","IN","46240","447","39.92733765","-86.11598969"
"595387","4630 E 96TH ST","INDIANAPOLIS","IN","46240","454","39.92802048","-86.09207153"
"635010","3800 E 96TH ST","INDIANAPOLIS","IN","46240","454","39.9278183","-86.10614014"
"668173","3204 E 96TH ST","INDIANAPOLIS","IN","46240","499","39.92705536","-86.11116028"
"686537","280 E 96TH ST","INDIANAPOLIS","IN","46240","449","39.92913818","-86.15382385"
"749523","4620 E 96TH ST","INDIANAPOLIS","IN","46240","454","39.92988968","-86.09289551"
"769691","550 E 96TH ST","INDIANAPOLIS","IN","46240","499","39.92787933","-86.14842987"
"1733747","6926 GATWICK DR","INDIANAPOLIS","IN","46241","442","39.68761444","-86.2821579"
"1734335","3023 W MORRIS ST","INDIANAPOLIS","IN","46241","415","39.75011063","-86.21002197"
"1734445","2802 S HOLT RD","INDIANAPOLIS","IN","46241","456","39.72398376","-86.22550201"
"1734488","2902 MAYWOOD RD","INDIANAPOLIS","IN","46241","425","39.72571564","-86.21618652"
"1735083","5036 W WASHINGTON ST","INDIANAPOLIS","IN","46241","420","39.75497055","-86.24472809"
"1736611","5770 W MORRIS ST","INDIANAPOLIS","IN","46241","429","39.75059509","-86.25930786"
"1737195","4305 W MORRIS ST","INDIANAPOLIS","IN","46241","456","39.74944305","-86.23438263"
"1738597","3815 W TROY AVE","INDIANAPOLIS","IN","46241","420","39.72043991","-86.22608185"
"1738879","3836 FARNSWORTH ST","INDIANAPOLIS","IN","46241","420","39.72446823","-86.22665405"
"1739703","3924 W WASHINGTON ST","INDIANAPOLIS","IN","46241","420","39.7606926","-86.23015594"
"1739862","3549 W WASHINGTON ST","INDIANAPOLIS","IN","46241","454","39.76137924","-86.22138977"
"1741564","1435 S HIGH SCHOOL RD","INDIANAPOLIS","IN","46241","410","39.74611282","-86.26914215"
"1741628","5674 W WASHINGTON ST","INDIANAPOLIS","IN","46241","456","39.75098038","-86.25726318"
"1741825","5831 ALTA LAKE DR","INDIANAPOLIS","IN","46241","411","39.67752838","-86.31894684"
"1741995","1405 S HOLT RD","INDIANAPOLIS","IN","46241","456","39.74648285","-86.22485352"
"1742258","4447 W WASHINGTON ST","INDIANAPOLIS","IN","46241","454","39.75629044","-86.23773956"
"1745812","3758 W MORRIS ST","INDIANAPOLIS","IN","46241","480","39.75060654","-86.22373199"
"1746539","3903 W WASHINGTON ST","INDIANAPOLIS","IN","46241","499","39.75908279","-86.22888184"
"1746634","6434 W WASHINGTON ST","INDIANAPOLIS","IN","46241","447","39.74625397","-86.27297974"
"1746674","6954 W MINNESOTA ST","INDIANAPOLIS","IN","46241","420","39.74262619","-86.28178406"
"1746944","5455 W WASHINGTON ST","INDIANAPOLIS","IN","46241","420","39.75084686","-86.25415802"
"1746948","4830 W MORRIS ST","INDIANAPOLIS","IN","46241","455","39.75086212","-86.24149323"
"1747191","5520 W WASHINGTON ST","INDIANAPOLIS","IN","46241","454","39.75185013","-86.25453949"
"1749280","4100 S HIGH SCHOOL RD","INDIANAPOLIS","IN","46241","415","39.70329285","-86.26890564"
"1749294","5455 W BRADBURY AVE","INDIANAPOLIS","IN","46241","456","39.73084259","-86.25466919"
"1750445","4403 W WASHINGTON ST","INDIANAPOLIS","IN","46241","454","39.75653458","-86.23704529"
"1751013","3662 W MORRIS ST","INDIANAPOLIS","IN","46241","499","39.75046158","-86.22113037"
"1754115","5940 DECATUR BLVD","INDIANAPOLIS","IN","46241","442","39.67743683","-86.30193329"
"1757505","5621 W WASHINGTON ST","INDIANAPOLIS","IN","46241","454","39.75083542","-86.25530243"
"1757534","5515 W WASHINGTON ST","INDIANAPOLIS","IN","46241","420","39.75140762","-86.25400543"
"1757735","4808 LEISURE MANOR","INDIANAPOLIS","IN","46241","415","39.72372055","-86.24295807"
"1758880","3023 SUMMERSONG DR","INDIANAPOLIS","IN","46241","415","39.72029495","-86.25266266"
"1759703","4839 W MORRIS ST","INDIANAPOLIS","IN","46241","452","39.74968719","-86.2425766"
"1760110","4724 SQUIRE DR","INDIANAPOLIS","IN","46241","415","39.72268677","-86.24203491"
"1760288","2929 S HOLT RD","INDIANAPOLIS","IN","46241","455","39.72206497","-86.22357941"
"1760442","4301 W BRADBURY AVE","INDIANAPOLIS","IN","46241","480","39.73072433","-86.2365799"
"1760864","5320 W MORRIS ST","INDIANAPOLIS","IN","46241","455","39.75092316","-86.25106049"
"1761247","5347 W RAYMOND ST","INDIANAPOLIS","IN","46241","431","39.73552322","-86.25231934"
"1762224","3110 WINTERSONG DR","INDIANAPOLIS","IN","46241","415","39.71892929","-86.25396729"
"1763082","4004 W WASHINGTON ST","INDIANAPOLIS","IN","46241","499","39.7592392","-86.23052979"
"1763159","2833 PALACE DR","INDIANAPOLIS","IN","46241","415","39.72323608","-86.24452209"
"1763212","3046 WINTERSONG DR","INDIANAPOLIS","IN","46241","415","39.71936035","-86.25393677"
"1763357","3000 S LYNHURST DR","INDIANAPOLIS","IN","46241","415","39.71738434","-86.25099945"
"1763621","2847 TITAN DR","INDIANAPOLIS","IN","46241","415","39.7228775","-86.24369049"
"1764021","3024 EVENINGSONG DR","INDIANAPOLIS","IN","46241","415","39.7202301","-86.25230408"
"1764232","1825 S LYNHURST DR","INDIANAPOLIS","IN","46241","447","39.74111176","-86.24998474"
"1764627","3043 SUMMERSONG DR","INDIANAPOLIS","IN","46241","415","39.71968079","-86.25267029"
"1764705","4849 LIBERTY LN","INDIANAPOLIS","IN","46241","415","39.7213707","-86.24472809"
"145653","9626 ALLISONVILLE RD","INDIANAPOLIS","IN","46250","425","39.92804337","-86.06600952"
"225213","5906 E 96TH ST","INDIANAPOLIS","IN","46250","499","39.92715836","-86.06710815"
"332038","9610 ALLISONVILLE RD","INDIANAPOLIS","IN","46250","499","39.92743301","-86.06636047"
"373066","9700 ALLISONVILLE RD","INDIANAPOLIS","IN","46250","499","39.93011856","-86.06358337"
"785117","9654 ALLISONVILLE RD","INDIANAPOLIS","IN","46250","425","39.92806244","-86.0655365"
"948882","9642 ALLISONVILLE RD","INDIANAPOLIS","IN","46250","425","39.92787552","-86.06584167"
"1246552","9662 ALLISONVILLE RD","INDIANAPOLIS","IN","46250","425","39.92817307","-86.06534576"
"1363336","9611 ALLISONVILLE RD","INDIANAPOLIS","IN","46250","450","39.92745972","-86.06484222"
"1422259","9668 ALLISONVILLE RD","INDIANAPOLIS","IN","46250","425","39.92820358","-86.06529236"
"1441696","9646 ALLISONVILLE RD","INDIANAPOLIS","IN","46250","425","39.927948","-86.06571198"
"1498751","9650 ALLISONVILLE RD","INDIANAPOLIS","IN","46250","425","39.92800903","-86.06562042"
"1503049","9624 ALLISONVILLE RD","INDIANAPOLIS","IN","46250","425","39.92823029","-86.06620026"
"1672132","7020 E 96TH ST","INDIANAPOLIS","IN","46250","480","39.9271965","-86.04650879"
"1726593","9658 ALLISONVILLE RD","INDIANAPOLIS","IN","46250","425","39.92812347","-86.06543732"
"1733673","7031 E 86TH ST","INDIANAPOLIS","IN","46250","480","39.91196823","-86.04338074"
"1733918","8062 CASTLETON RD","INDIANAPOLIS","IN","46250","480","39.90231323","-86.05287933"
"1734380","7011 E 86TH ST","INDIANAPOLIS","IN","46250","455","39.91202545","-86.04553986"
"1736001","5641 E 86TH ST","INDIANAPOLIS","IN","46250","426","39.91185379","-86.07165527"
"1736968","5410 E 86TH ST","INDIANAPOLIS","IN","46250","447","39.91276932","-86.07707977"
"1737761","6360 E 82ND ST","INDIANAPOLIS","IN","46250","431","39.90584183","-86.05846405"
"1740803","6804 E 82ND ST","INDIANAPOLIS","IN","46250","420","39.9056015","-86.04950714"
"1741328","6715 E 82ND ST","INDIANAPOLIS","IN","46250","420","39.90497208","-86.05168152"
"1742678","8302 CASTLETON CORNER DR","INDIANAPOLIS","IN","46250","426","39.90718842","-86.07178497"
"1742682","6626 E 75TH ST","INDIANAPOLIS","IN","46250","449","39.89154053","-86.05186462"
"1744300","7271 N SHADELAND AVE","INDIANAPOLIS","IN","46250","447","39.88681793","-86.04548645"
"1744340","7315 E 96TH ST","INDIANAPOLIS","IN","46250","499","39.9264946","-86.03931427"
"1744349","6411 E 82ND ST","INDIANAPOLIS","IN","46250","455","39.90473557","-86.05767822"
"1744466","5505 CASTLETON CORNER LN","INDIANAPOLIS","IN","46250","426","39.91134262","-86.07470703"
"1745848","8032 CASTLEWAY CT W","INDIANAPOLIS","IN","46250","447","39.90192413","-86.05730438"
"1746010","7045 E 96TH ST","INDIANAPOLIS","IN","46250","456","39.92464828","-86.04502869"
"1746014","8181 N SHADELAND AVE","INDIANAPOLIS","IN","46250","456","39.90350342","-86.04320526"
"1746571","7227 E 96TH ST","INDIANAPOLIS","IN","46250","431","39.92683792","-86.04065704"
"1746620","7157 E 96TH ST","INDIANAPOLIS","IN","46250","430","39.92681122","-86.04159546"
"1747112","6701 E 82ND ST","INDIANAPOLIS","IN","46250","426","39.90496826","-86.05220032"
"1747597","6360 CASTLEWAY CT","INDIANAPOLIS","IN","46250","480","39.90254593","-86.05730438"
"1750540","7165 E 96TH ST","INDIANAPOLIS","IN","46250","456","39.92650223","-86.04143524"
"1750567","7225 E 96TH ST","INDIANAPOLIS","IN","46250","431","39.92649078","-86.04070282"
"1751717","8115 KNUE RD","INDIANAPOLIS","IN","46250","447","39.90356064","-86.05858612"
"1734065","4619 LAFAYETTE RD","INDIANAPOLIS","IN","46254","456","39.83971024","-86.24534607"
"1734117","4860 W 57TH ST","INDIANAPOLIS","IN","46254","499","39.85651779","-86.24274445"
"1734265","4885 W 56TH ST","INDIANAPOLIS","IN","46254","499","39.85001373","-86.24432373"
"1736035","5111 W 38TH ST","INDIANAPOLIS","IN","46254","454","39.82143784","-86.2473526"
"1736101","4620 W 56TH ST","INDIANAPOLIS","IN","46254","429","39.85388565","-86.23880005"
"1737486","4621 LAFAYETTE RD","INDIANAPOLIS","IN","46254","422","39.8398056","-86.24575043"
"1738170","5035 W LAFAYETTE RD","INDIANAPOLIS","IN","46254","499","39.84513855","-86.25276184"
"1738211","4511 LAFAYETTE RD","INDIANAPOLIS","IN","46254","444","39.83705139","-86.24720764"
"1738428","4401 LAFAYETTE BLVD","INDIANAPOLIS","IN","46254","456","39.83376694","-86.25027466"
"1738576","5055 W 52ND ST","INDIANAPOLIS","IN","46254","412","39.84481812","-86.24707794"
"1738813","5255 W 38TH ST","INDIANAPOLIS","IN","46254","452","39.8235817","-86.25048828"
"1739995","5201 LAFAYETTE RD","INDIANAPOLIS","IN","46254","456","39.84606934","-86.25576782"
"1740343","5430 LAFAYETTE RD","INDIANAPOLIS","IN","46254","447","39.8492012","-86.26104736"
"1740751","3905 GEMCO LN","INDIANAPOLIS","IN","46254","456","39.82697678","-86.24452209"
"1744781","5813 PILGRIM DR","INDIANAPOLIS","IN","46254","499","39.85787201","-86.26513672"
"1746560","6301 W 46TH ST","INDIANAPOLIS","IN","46254","499","39.83782959","-86.27114105"
"1747250","4903 CENTURY PLAZA RD","INDIANAPOLIS","IN","46254","480","39.83640671","-86.24472046"
"1748257","4328 W 56TH ST","INDIANAPOLIS","IN","46254","499","39.85376358","-86.23403168"
"1750058","4460 GUION RD","INDIANAPOLIS","IN","46254","499","39.8360939","-86.23220825"
"1750299","3915 MOLLER RD","INDIANAPOLIS","IN","46254","421","39.82709885","-86.25457764"
"1751171","4901 W 56TH ST","INDIANAPOLIS","IN","46254","499","39.85131836","-86.24482727"
"1751759","3940 N HIGH SCHOOL RD","INDIANAPOLIS","IN","46254","456","39.82685852","-86.27095032"
"1753445","5436 W 38TH ST","INDIANAPOLIS","IN","46254","444","39.8241806","-86.25505829"
"1756218","5661 GUION RD","INDIANAPOLIS","IN","46254","481","39.85456085","-86.2326355"
"1756223","4150 N HIGH SCHOOL RD","INDIANAPOLIS","IN","46254","454","39.82988358","-86.27198029"
"1759880","6401 WESTHAVEN DR","INDIANAPOLIS","IN","46254","480","39.82663727","-86.27292633"
"1760562","3851 KEVIN WAY","INDIANAPOLIS","IN","46254","420","39.82539749","-86.24917603"
"1760717","4150 LAFAYETTE RD","INDIANAPOLIS","IN","46254","425","39.8300705","-86.24200439"
"1763809","6640 PARKDALE PL","INDIANAPOLIS","IN","46254","447","39.82625961","-86.27783966"
"1764262","5309 PIKE PLAZA RD","INDIANAPOLIS","IN","46254","454","39.8301506","-86.2514801"
"1764819","5380 W 38TH ST","INDIANAPOLIS","IN","46254","425","39.82416916","-86.25380707"
"1766579","6865 PARKDALE PL","INDIANAPOLIS","IN","46254","447","39.82584763","-86.28176117"
"1767139","5318 W 38TH ST","INDIANAPOLIS","IN","46254","420","39.8242836","-86.25271606"
"1770620","5645 LAFAYETTE RD","INDIANAPOLIS","IN","46254","447","39.85421371","-86.26348114"
"1771894","5516 W 38TH ST","INDIANAPOLIS","IN","46254","431","39.82413864","-86.25757599"
"1771917","5151 PIKE PLAZA RD","INDIANAPOLIS","IN","46254","481","39.83216476","-86.24767303"
"1772783","5444 W 38TH ST","INDIANAPOLIS","IN","46254","452","39.82429886","-86.25552368"
"1773460","3801 N HIGH SCHOOL RD","INDIANAPOLIS","IN","46254","452","39.82401276","-86.26976013"
"1773984","6951 SHORECREST DR","INDIANAPOLIS","IN","46254","420","39.82896423","-86.28301239"
"1775587","4528 W 38TH ST","INDIANAPOLIS","IN","46254","429","39.82443237","-86.2363739"
"16933","9880 WESTPOINT DR","INDIANAPOLIS","IN","46256","447","39.93341064","-86.03102112"
"22215","9795 CROSSPOINT BLVD","INDIANAPOLIS","IN","46256","447","39.93240738","-86.02926636"
"29299","9840 WESTPOINT DR","INDIANAPOLIS","IN","46256","447","39.93272018","-86.03204346"
"30260","11691 FALL CREEK RD","INDIANAPOLIS","IN","46256","499","39.93240356","-85.94329834"
"36232","9963 CROSSPOINT BLVD","INDIANAPOLIS","IN","46256","447","39.93568802","-86.02635956"
"38461","11234 FALL CREEK RD","INDIANAPOLIS","IN","46256","425","39.93488693","-85.94940186"
"40693","9757 WESTPOINT DR","INDIANAPOLIS","IN","46256","447","39.93078232","-86.03194427"
"56741","9785 CROSSPOINT BLVD","INDIANAPOLIS","IN","46256","447","39.93222427","-86.03035736"
"72709","10053 HAGUE RD","INDIANAPOLIS","IN","46256","447","39.93326569","-86.0326767"
"76469","9775 CROSSPOINT BLVD","INDIANAPOLIS","IN","46256","447","39.93128967","-86.030159"
"79547","9786 CROSSPOINT BLVD","INDIANAPOLIS","IN","46256","449","39.93136215","-86.02880859"
"81074","203 INTERSTATE 69 S","INDIANAPOLIS","IN","46256","449","39.9349556","-86.02403259"
"97617","202 INTERSTATE 69 S","INDIANAPOLIS","IN","46256","449","39.93117523","-86.02677917"
"113979","10385 HAGUE RD","INDIANAPOLIS","IN","46256","455","39.93748474","-86.03252411"
"114771","10475 CROSSPOINT BLVD","INDIANAPOLIS","IN","46256","449","39.93975449","-86.02387238"
"126577","8220 E 106TH ST","INDIANAPOLIS","IN","46256","425","39.94140244","-86.02295685"
"127403","9998 CROSSPOINT BLVD","INDIANAPOLIS","IN","46256","449","39.93519592","-86.02523804"
"190689","9800 CROSSPOINT BLVD","INDIANAPOLIS","IN","46256","449","39.93254852","-86.02721405"
"194075","9820 WESTPOINT DR","INDIANAPOLIS","IN","46256","447","39.93213654","-86.03191376"
"246241","9751 WESTPOINT DR","INDIANAPOLIS","IN","46256","447","39.93082047","-86.03147125"
"253829","10050 HAGUE RD","INDIANAPOLIS","IN","46256","499","39.93357086","-86.03369904"
"254966","10278 CROSSPOINT BLVD","INDIANAPOLIS","IN","46256","449","39.93682098","-86.02394104"
"275318","9860 WESTPOINT DR","INDIANAPOLIS","IN","46256","447","39.93273163","-86.03137207"
"280668","10500 CROSSPOINT BLVD","INDIANAPOLIS","IN","46256","447","39.94090652","-86.02059174"
"257650","7020 E ROCKLANE RD","INDIANAPOLIS","IN","46259","420","39.60131836","-85.97107697"
"576662","12345 SOUTHEASTERN AVE","INDIANAPOLIS","IN","46259","499","39.66674805","-85.94812775"
"1013134","12526 SOUTHEASTERN AVE","INDIANAPOLIS","IN","46259","439","39.6642952","-85.94321442"
"1117807","12359 SOUTHEASTERN AVE","INDIANAPOLIS","IN","46259","481","39.66570663","-85.94625092"
"1135628","12524 SOUTHEASTERN AVE","INDIANAPOLIS","IN","46259","439","39.66461945","-85.94311523"
"1218246","12608 SOUTHEASTERN AVE","INDIANAPOLIS","IN","46259","439","39.66424942","-85.94316101"
"1301437","8475 N COUNTY ROAD 700 E","INDIANAPOLIS","IN","46259","499","39.60301971","-85.97007751"
"1367416","12591 SOUTHEASTERN AVE","INDIANAPOLIS","IN","46259","447","39.66509247","-85.94615936"
"1480696","12346 SOUTHEASTERN AVE","INDIANAPOLIS","IN","46259","499","39.66661835","-85.94623566"
"1715894","12244 SOUTHEASTERN AVE","INDIANAPOLIS","IN","46259","499","39.66773224","-85.94677734"
"1734177","8112 E SOUTHPORT RD","INDIANAPOLIS","IN","46259","431","39.66725922","-86.02341461"
"1740337","11205 HOUSE ST","INDIANAPOLIS","IN","46259","429","39.65520859","-85.96675873"
"1753799","7642 ACTON RD","INDIANAPOLIS","IN","46259","450","39.65806961","-85.97183228"
"1756393","7125 S FRANKLIN RD","INDIANAPOLIS","IN","46259","447","39.6646347","-86.01732635"
"1757573","8134 E SOUTHPORT RD","INDIANAPOLIS","IN","46259","431","39.66725922","-86.02164459"
"1774590","11144 EXCHANGE ST","INDIANAPOLIS","IN","46259","420","39.65571594","-85.96838379"
"1777602","11058 VIRGIL ST","INDIANAPOLIS","IN","46259","499","39.65569305","-85.96968842"
"1798934","8126 E SOUTHPORT RD","INDIANAPOLIS","IN","46259","421","39.6672287","-86.0223465"
"1806832","7737 SHELBYVILLE RD","INDIANAPOLIS","IN","46259","421","39.65217972","-86.03048706"
"1808758","11116 EXCHANGE ST","INDIANAPOLIS","IN","46259","499","39.65509796","-85.96914673"
"1809148","11111 EXCHANGE ST","INDIANAPOLIS","IN","46259","499","39.65470886","-85.96879578"
"1813530","11219 HOUSE ST","INDIANAPOLIS","IN","46259","429","39.65565491","-85.96629333"
"1828379","11039 JOYCE ST","INDIANAPOLIS","IN","46259","499","39.65594864","-85.96977234"
"1853743","11143 EXCHANGE ST","INDIANAPOLIS","IN","46259","499","39.65542221","-85.96807098"
"1865405","11156 EXCHANGE ST","INDIANAPOLIS","IN","46259","499","39.65591049","-85.96810913"
"1871771","7920 HOTZE ST","INDIANAPOLIS","IN","46259","429","39.65381241","-85.96565247"
"1891940","11055 VIRGIL ST","INDIANAPOLIS","IN","46259","499","39.65536118","-85.96951294"
"1893403","6636 S FRANKLIN RD","INDIANAPOLIS","IN","46259","463","39.67161179","-86.01989746"
"1923094","11206 E MC GREGOR RD","INDIANAPOLIS","IN","46259","499","39.65760422","-85.96697998"
"1935203","8325 E SOUTHPORT RD","INDIANAPOLIS","IN","46259","442","39.66624069","-86.0194931"
"1936976","6225 S FRANKLIN RD","INDIANAPOLIS","IN","46259","429","39.6777153","-86.01812744"
"1943712","11210 E MC GREGOR RD","INDIANAPOLIS","IN","46259","499","39.65749741","-85.96644592"
"1955729","6925 S FRANKLIN RD","INDIANAPOLIS","IN","46259","425","39.6674614","-86.01809692"
"1978512","8130 E SOUTHPORT RD","INDIANAPOLIS","IN","46259","421","39.66884995","-86.02139282"
"1995630","8120 E SOUTHPORT RD","INDIANAPOLIS","IN","46259","447","39.66798401","-86.02333832"
"1995785","7721 SWAILS ST","INDIANAPOLIS","IN","46259","499","39.65676117","-85.96832275"
"2025634","8148 E SOUTHPORT RD","INDIANAPOLIS","IN","46259","430","39.66723633","-86.01928711"
"2029177","7638 ACTON RD","INDIANAPOLIS","IN","46259","450","39.65790176","-85.97168732"
"2030276","8136 E SOUTHPORT RD","INDIANAPOLIS","IN","46259","442","39.66735077","-86.02111816"
"2182077","8144 E SOUTHPORT RD","INDIANAPOLIS","IN","46259","429","39.66736984","-86.02028656"
"28285","100 W 96TH ST","INDIANAPOLIS","IN","46260","444","39.92756653","-86.15913391"
"783795","2150 W 96TH ST","INDIANAPOLIS","IN","46260","447","39.92705536","-86.19982147"
"1027701","150 W 96TH ST","INDIANAPOLIS","IN","46260","431","39.92754364","-86.16010284"
"1057902","250 W 96TH ST","INDIANAPOLIS","IN","46260","449","39.92806244","-86.16179657"
"1736824","1717 W 86TH ST","INDIANAPOLIS","IN","46260","447","39.91140366","-86.19056702"
"1740932","25 W 96TH ST","INDIANAPOLIS","IN","46260","431","39.92652893","-86.15906525"
"1741544","2330 WESTLANE RD","INDIANAPOLIS","IN","46260","499","39.88697433","-86.20165253"
"1742793","9005 N MERIDIAN ST","INDIANAPOLIS","IN","46260","447","39.91884232","-86.15671539"
"1747439","1851 W 86TH ST","INDIANAPOLIS","IN","46260","456","39.91165924","-86.1933136"
"1751927","9294 N MERIDIAN ST","INDIANAPOLIS","IN","46260","449","39.92310333","-86.15991974"
"1770347","1619 W 86TH ST","INDIANAPOLIS","IN","46260","442","39.91173553","-86.18740845"
"1771495","9135 N MERIDIAN ST","INDIANAPOLIS","IN","46260","447","39.92129517","-86.15711975"
"1774740","2250 W 86TH ST","INDIANAPOLIS","IN","46260","429","39.91321945","-86.19953918"
"1777522","1251 W 96TH ST","INDIANAPOLIS","IN","46260","412","39.92578888","-86.18117523"
"1789013","2140 W 86TH ST","INDIANAPOLIS","IN","46260","412","39.9127655","-86.19837952"
"1792422","8414 NAAB RD","INDIANAPOLIS","IN","46260","442","39.90822601","-86.19937134"
"1801715","9011 N MERIDIAN ST","INDIANAPOLIS","IN","46260","447","39.91904068","-86.15603638"
"1805119","9202 N MERIDIAN ST","INDIANAPOLIS","IN","46260","449","39.92191315","-86.15869904"
"1807168","1275 W 86TH ST","INDIANAPOLIS","IN","46260","425","39.91050339","-86.18079376"
"1807868","50 E 91ST ST","INDIANAPOLIS","IN","46260","449","39.92038727","-86.15653229"
"1815402","1180 W 86TH ST","INDIANAPOLIS","IN","46260","445","39.91262436","-86.18030548"
"1820325","8301 HARCOURT RD","INDIANAPOLIS","IN","46260","442","39.90719223","-86.19235992"
"1820919","91 W 91ST ST","INDIANAPOLIS","IN","46260","499","39.91933441","-86.16001129"
"1821821","2010 W 86TH ST","INDIANAPOLIS","IN","46260","442","39.91321182","-86.19692993"
"1825835","9201 N MERIDIAN ST","INDIANAPOLIS","IN","46260","449","39.92177582","-86.15719604"
"1826087","8181 HARCOURT RD","INDIANAPOLIS","IN","46260","412","39.90415955","-86.19243622"
"1830908","8722 N MERIDIAN ST","INDIANAPOLIS","IN","46260","447","39.91496277","-86.15892792"
"1835739","2254 W 86TH ST","INDIANAPOLIS","IN","46260","499","39.91353989","-86.20011902"
"1838285","9450 N MERIDIAN ST","INDIANAPOLIS","IN","46260","449","39.92477036","-86.1585083"
"1839010","2160 W 86TH ST","INDIANAPOLIS","IN","46260","429","39.91259003","-86.19921875"
"1839305","2350 WESTLANE RD","INDIANAPOLIS","IN","46260","499","39.88873672","-86.20163727"
"1840346","8437 DITCH RD","INDIANAPOLIS","IN","46260","420","39.90942383","-86.18338776"
"1842895","8935 N MERIDIAN ST","INDIANAPOLIS","IN","46260","447","39.91797256","-86.15712738"
"1848958","70 E 91ST ST","INDIANAPOLIS","IN","46260","447","39.92022705","-86.15579224"
"1853431","2260 W 86TH ST","INDIANAPOLIS","IN","46260","444","39.91241074","-86.20050049"
"1856935","7033 SPRING MILL RD","INDIANAPOLIS","IN","46260","463","39.88335419","-86.16101074"
"1860666","2002 W 86TH ST","INDIANAPOLIS","IN","46260","412","39.91263199","-86.19584656"
"1865113","1415 W 86TH ST","INDIANAPOLIS","IN","46260","499","39.9116745","-86.18457794"
"1867036","9536 N MERIDIAN ST","INDIANAPOLIS","IN","46260","431","39.92655563","-86.15863037"
"1867331","8802 N MERIDIAN ST","INDIANAPOLIS","IN","46260","447","39.91639709","-86.15892792"
"1867459","8651 TOWNSHIP LINE RD","INDIANAPOLIS","IN","46260","442","39.91416168","-86.20214081"
"1868082","1225 W 86TH ST","INDIANAPOLIS","IN","46260","442","39.91169739","-86.18087006"
"1871333","849 W 96TH ST","INDIANAPOLIS","IN","46260","499","39.92651367","-86.17436218"
"1874285","1355 W 96TH ST","INDIANAPOLIS","IN","46260","467","39.92541885","-86.18359375"
"1880865","2134 W 86TH ST","INDIANAPOLIS","IN","46260","412","39.91323853","-86.19869232"
"1882437","1244 W 86TH ST","INDIANAPOLIS","IN","46260","431","39.91266251","-86.1818161"
"1882874","8550 NAAB RD","INDIANAPOLIS","IN","46260","442","39.91126633","-86.19941711"
"1885966","826 W 64TH ST","INDIANAPOLIS","IN","46260","499","39.87226486","-86.17421722"
"79292","4808 W 96TH ST","INDIANAPOLIS","IN","46268","455","39.92678452","-86.2414856"
"84528","4400 W 96TH ST","INDIANAPOLIS","IN","46268","447","39.92764282","-86.23590851"
"118596","4004 W 96TH ST","INDIANAPOLIS","IN","46268","425","39.9264946","-86.22892761"
"265648","4420 W 96TH ST","INDIANAPOLIS","IN","46268","499","39.92641068","-86.23648834"
"277370","4006 W 96TH ST","INDIANAPOLIS","IN","46268","425","39.92672729","-86.22892761"
"308038","4010 W 96TH ST","INDIANAPOLIS","IN","46268","425","39.92692947","-86.22904968"
"621378","3940 W 96TH ST","INDIANAPOLIS","IN","46268","447","39.92665482","-86.22829437"
"690395","3802 W 96TH ST","INDIANAPOLIS","IN","46268","447","39.92667007","-86.22544861"
"691129","4340 W 96TH ST","INDIANAPOLIS","IN","46268","447","39.9265213","-86.23444366"
"781189","4306 W 96TH ST","INDIANAPOLIS","IN","46268","429","39.92642975","-86.23160553"
"810409","4352 W 96TH ST","INDIANAPOLIS","IN","46268","499","39.92643738","-86.2348175"
"877721","4600 W 96TH ST","INDIANAPOLIS","IN","46268","499","39.92650604","-86.23921204"
"959435","3200 W 96TH ST","INDIANAPOLIS","IN","46268","463","39.92964935","-86.21700287"
"1056699","3830 W 96TH ST","INDIANAPOLIS","IN","46268","447","39.92660141","-86.22649384"
"1078906","4310 W 96TH ST","INDIANAPOLIS","IN","46268","499","39.92684174","-86.23235321"
"1088968","3934 W 96TH ST","INDIANAPOLIS","IN","46268","447","39.92670822","-86.2279892"
"1409821","4014 W 96TH ST","INDIANAPOLIS","IN","46268","425","39.9268074","-86.22949219"
"1449375","4320 W 96TH ST","INDIANAPOLIS","IN","46268","499","39.92668915","-86.23392487"
"1525615","4008 W 96TH ST","INDIANAPOLIS","IN","46268","425","39.92672348","-86.22917175"
"1533645","4412 W 96TH ST","INDIANAPOLIS","IN","46268","447","39.92619324","-86.23626709"
"1578308","4800 W 96TH ST","INDIANAPOLIS","IN","46268","499","39.92665863","-86.240242"
"1583088","4324 W 96TH ST","INDIANAPOLIS","IN","46268","447","39.9264946","-86.23406982"
"1671448","4012 W 96TH ST","INDIANAPOLIS","IN","46268","425","39.9268837","-86.2292099"
"1734020","5200 TECHNOLOGY WAY","INDIANAPOLIS","IN","46268","456","39.88379669","-86.25141144"
"1734583","7211 MICHIGAN RD","INDIANAPOLIS","IN","46268","425","39.8855896","-86.2096405"
"1735364","8810 WESLEYAN RD","INDIANAPOLIS","IN","46268","430","39.91405487","-86.22310638"
"1736846","4505 W 96TH ST","INDIANAPOLIS","IN","46268","454","39.92487335","-86.23665619"
"1736988","9000 VINCENNES CIR","INDIANAPOLIS","IN","46268","456","39.91652679","-86.23181915"
"1737650","5000 W 79TH ST","INDIANAPOLIS","IN","46268","456","39.89733124","-86.24459839"
"1738380","9370 W WALDEMAR RD","INDIANAPOLIS","IN","46268","411","39.92098618","-86.23116302"
"1739767","5520 W 86TH ST","INDIANAPOLIS","IN","46268","456","39.91157532","-86.25841522"
"1739779","7260 MICHIGAN RD","INDIANAPOLIS","IN","46268","456","39.88577271","-86.21100616"
"1739826","9106 WESLEYAN RD","INDIANAPOLIS","IN","46268","453","39.91917801","-86.22524261"
"1740147","3622 BETHANY RD","INDIANAPOLIS","IN","46268","422","39.91427612","-86.22317505"
"1740166","8437 MICHIGAN RD","INDIANAPOLIS","IN","46268","431","39.9093399","-86.22085571"
"1741925","3325 W 96TH ST","INDIANAPOLIS","IN","46268","499","39.92521667","-86.21929932"
"1742656","3427 W 86TH ST","INDIANAPOLIS","IN","46268","425","39.9108963","-86.21910095"
"1743158","2402 W LAKE CIRCLE DR","INDIANAPOLIS","IN","46268","426","39.91221619","-86.20548248"
"1743172","7230 GEORGETOWN RD","INDIANAPOLIS","IN","46268","456","39.88406754","-86.24530029"
"1743332","4541 W 71ST ST","INDIANAPOLIS","IN","46268","420","39.8821106","-86.23847198"
"1743854","8710 ROBBINS RD","INDIANAPOLIS","IN","46268","480","39.91269302","-86.25469208"
"1746680","7711 MICHIGAN RD","INDIANAPOLIS","IN","46268","480","39.89130783","-86.21259308"
"1733978","7340 WOODLAND DR","INDIANAPOLIS","IN","46278","447","39.88646317","-86.26795959"
"1735994","5720 W 86TH ST","INDIANAPOLIS","IN","46278","431","39.91137695","-86.26254272"
"1738066","6460 INTECH WAY","INDIANAPOLIS","IN","46278","499","39.87277985","-86.27137756"
"1741216","6720 TELECOM DR","INDIANAPOLIS","IN","46278","411","39.87731552","-86.27004242"
"1745498","6120 VICTORY WAY","INDIANAPOLIS","IN","46278","456","39.87133408","-86.26745605"
"1748738","6700 CORPORATE DR","INDIANAPOLIS","IN","46278","447","39.87732697","-86.26528931"
"1750776","6129 W 80TH ST","INDIANAPOLIS","IN","46278","499","39.89804459","-86.26773071"
"1760390","6330 CORPORATE DR","INDIANAPOLIS","IN","46278","480","39.87010574","-86.26559448"
"1767102","7023 CORPORATE DR","INDIANAPOLIS","IN","46278","444","39.88119507","-86.26490784"
"1768190","5820 W 85TH ST","INDIANAPOLIS","IN","46278","411","39.91011047","-86.26399231"
"1770528","8450 NORTHWEST BLVD","INDIANAPOLIS","IN","46278","412","39.90788269","-86.26728058"
"1771264","5920 W 86TH ST","INDIANAPOLIS","IN","46278","426","39.9143219","-86.26553345"
"1773357","5905 W 86TH ST","INDIANAPOLIS","IN","46278","410","39.91007233","-86.26480103"
"1773713","6050 W 86TH ST","INDIANAPOLIS","IN","46278","431","39.91130829","-86.2675705"
"1782320","6002 VICTORY WAY","INDIANAPOLIS","IN","46278","480","39.87009048","-86.26633453"
"1788964","7601 INTERACTIVE WAY","INDIANAPOLIS","IN","46278","449","39.89050674","-86.26784515"
"1802419","5640 W 86TH ST","INDIANAPOLIS","IN","46278","444","39.91133499","-86.26133728"
"1811747","5607 W 86TH ST","INDIANAPOLIS","IN","46278","431","39.91019821","-86.26042175"
"1815783","6330 DIGITAL WAY","INDIANAPOLIS","IN","46278","442","39.87900162","-86.27258301"
"1817499","5750 W 86TH ST","INDIANAPOLIS","IN","46278","426","39.91334152","-86.26264954"
"1819785","7010 INTECH BLVD","INDIANAPOLIS","IN","46278","499","39.88037109","-86.27471924"
"1820401","5915 LAKESIDE BLVD","INDIANAPOLIS","IN","46278","447","39.87628174","-86.26537323"
"1825204","7750 ZIONSVILLE RD","INDIANAPOLIS","IN","46278","480","39.89394379","-86.26216888"
"1827450","7731 TRADERS LN","INDIANAPOLIS","IN","46278","499","39.89137268","-86.30214691"
"1830870","6220 DIGITAL WAY","INDIANAPOLIS","IN","46278","411","39.87920761","-86.2707901"
"1831445","7230 WOODLAND DR","INDIANAPOLIS","IN","46278","431","39.88425446","-86.26725006"
"1833339","5745 W 86TH ST","INDIANAPOLIS","IN","46278","431","39.91024399","-86.26304626"
"1833526","7330 WOODLAND DR","INDIANAPOLIS","IN","46278","447","39.88579559","-86.26793671"
"1841033","7550 ZIONSVILLE RD","INDIANAPOLIS","IN","46278","480","39.88954163","-86.26144409"
"1850880","5840 W 86TH ST","INDIANAPOLIS","IN","46278","430","39.91130447","-86.26426697"
"1852306","6301 LAFAYETTE RD","INDIANAPOLIS","IN","46278","420","39.8692131","-86.27906799"
"1854172","7440 WOODLAND DR","INDIANAPOLIS","IN","46278","449","39.8880806","-86.26778412"
"1855572","5860 W 73RD ST","INDIANAPOLIS","IN","46278","411","39.88557816","-86.26431274"
"1856910","7217 WOODLAND DR","INDIANAPOLIS","IN","46278","448","39.8830719","-86.26509094"
"1860150","7635 INTERACTIVE WAY","INDIANAPOLIS","IN","46278","447","39.89175034","-86.26777649"
"1862651","6099 CORPORATE WAY","INDIANAPOLIS","IN","46278","480","39.87213135","-86.26763153"
"1862906","6233 CORPORATE DR","INDIANAPOLIS","IN","46278","447","39.86830902","-86.26499176"
"1863725","7820 INNOVATION BLVD","INDIANAPOLIS","IN","46278","449","39.89460373","-86.26843262"
"1867336","8602 LAFAYETTE RD","INDIANAPOLIS","IN","46278","499","39.91012192","-86.31245422"
"1870465","6625 NETWORK WAY","INDIANAPOLIS","IN","46278","447","39.87598038","-86.27744293"
"5718","10550 JESSUP BLVD","INDIANAPOLIS","IN","46280","455","39.94120789","-86.14503479"
"18611","10825 COLLEGE AVE","INDIANAPOLIS","IN","46280","499","39.9444809","-86.14566803"
"30510","10689 PENNSYLVANIA ST","INDIANAPOLIS","IN","46280","449","39.94667435","-86.15444183"
"43985","3077 E 98TH ST","INDIANAPOLIS","IN","46280","447","39.92985153","-86.10990143"
"57396","9601 COLLEGE AVE","INDIANAPOLIS","IN","46280","499","39.92745972","-86.14525604"
"63879","3021 E 98TH ST","INDIANAPOLIS","IN","46280","447","39.93015671","-86.11089325"
"69382","31 INTERSTATE 465 E","INDIANAPOLIS","IN","46280","449","39.92988586","-86.14212036"
"89913","401 PENNSYLVANIA PKWY","INDIANAPOLIS","IN","46280","449","39.93213654","-86.14866638"
"98100","301 PENNSYLVANIA PKWY","INDIANAPOLIS","IN","46280","449","39.93157959","-86.15013885"
"119372","1328 E 111TH ST","INDIANAPOLIS","IN","46280","499","39.94948196","-86.13343811"
"132172","10603 N MERIDIAN ST","INDIANAPOLIS","IN","46280","447","39.94311523","-86.15663147"
"140735","9603 HAVERSTICK RD","INDIANAPOLIS","IN","46280","447","39.92707443","-86.11714172"
"149305","3105 E 98TH ST","INDIANAPOLIS","IN","46280","447","39.9299736","-86.10829926"
"159936","201 PENNSYLVANIA PKWY","INDIANAPOLIS","IN","46280","449","39.93158722","-86.15369415"
"163642","9765 RANDALL DR","INDIANAPOLIS","IN","46280","447","39.93016434","-86.09522247"
"166010","9745 RANDALL DR","INDIANAPOLIS","IN","46280","447","39.92876053","-86.09536743"
"194848","10485 PENNSYLVANIA ST","INDIANAPOLIS","IN","46280","442","39.93960571","-86.15518951"
"199182","10300 ILLINOIS ST","INDIANAPOLIS","IN","46280","447","39.93689728","-86.16217804"
"200452","9607 COLLEGE AVE","INDIANAPOLIS","IN","46280","499","39.92791367","-86.1452179"
"231506","10610 PENNSYLVANIA ST","INDIANAPOLIS","IN","46280","447","39.94234467","-86.15614319"
"251303","3091 E 98TH ST","INDIANAPOLIS","IN","46280","447","39.93009567","-86.10900116"
"284984","501 PENNSYLVANIA PKWY","INDIANAPOLIS","IN","46280","449","39.93148804","-86.14749146"
"296696","10435 PENNSYLVANIA ST","INDIANAPOLIS","IN","46280","442","39.9387207","-86.15517426"
"315112","9700 LAKESHORE DR E","INDIANAPOLIS","IN","46280","425","39.92896271","-86.10370636"
"47589","124 UNITED STATES HIGHWAY 31 N","INDIANAPOLIS","IN","46290","449","39.9420433","-86.15755463"
"66401","10201 ILLINOIS ST","INDIANAPOLIS","IN","46290","449","39.93185043","-86.16274261"
"84183","10585 N MERIDIAN ST","INDIANAPOLIS","IN","46290","449","39.94053268","-86.15656281"
"86639","10330 N MERIDIAN ST","INDIANAPOLIS","IN","46290","449","39.93704605","-86.15960693"
"94203","10333 N MERIDIAN ST","INDIANAPOLIS","IN","46290","449","39.93712234","-86.15665436"
"159757","10401 N MERIDIAN ST","INDIANAPOLIS","IN","46290","449","39.9389534","-86.15649414"
"179590","124 UNITED STATES HIGHWAY 31 S","INDIANAPOLIS","IN","46290","442","39.94490814","-86.15787506"
"218346","10293 N MERIDIAN ST","INDIANAPOLIS","IN","46290","449","39.93558884","-86.15606689"
"272297","10300 ILLINOIS ST","INDIANAPOLIS","IN","46290","447","39.93677902","-86.16207123"
"280417","123 UNITED STATES HIGHWAY 31 N","INDIANAPOLIS","IN","46290","449","39.93774414","-86.15773773"
"322457","10291 N MERIDIAN ST","INDIANAPOLIS","IN","46290","449","39.93571472","-86.15689087"
"345854","101 W 103RD ST","INDIANAPOLIS","IN","46290","449","39.93457794","-86.16184998"
"563326","10603 N MERIDIAN ST","INDIANAPOLIS","IN","46290","447","39.9429512","-86.1568222"
"597666","10601 N MERIDIAN ST","INDIANAPOLIS","IN","46290","449","39.94231796","-86.15666962"
"648471","10220 ILLINOIS ST","INDIANAPOLIS","IN","46290","447","39.93415451","-86.16344452"
"661936","123 UNITED STATES HIGHWAY 31 S","INDIANAPOLIS","IN","46290","499","39.9348793","-86.15827179"
"693386","170 W 106TH ST","INDIANAPOLIS","IN","46290","442","39.94197083","-86.16007233"
"805536","10580 N MERIDIAN ST","INDIANAPOLIS","IN","46290","499","39.93939209","-86.15953064"
"812394","37 W 103RD ST","INDIANAPOLIS","IN","46290","411","39.93562317","-86.15959167"
"999027","9611 N MERIDIAN ST","INDIANAPOLIS","IN","46290","411","39.92770767","-86.15692902"
"1287098","9625 N MERIDIAN ST","INDIANAPOLIS","IN","46290","411","39.9281311","-86.15578461"
"1562658","10590 N MERIDIAN ST","INDIANAPOLIS","IN","46290","499","39.93980408","-86.15903473"
"3618","300 N GOVERNOR AVE","EVANSVILLE","IN","47711","420","37.98029709","-87.55916595"
"4752","3000 E MORGAN AVE","EVANSVILLE","IN","47711","447","37.99186707","-87.51299286"
"5667","4415 CRESTVIEW DR","EVANSVILLE","IN","47711","415","38.02196121","-87.49609375"
"7146","901 N FARES AVE","EVANSVILLE","IN","47711","454","37.98583603","-87.54276276"
"10237","10 N KENTUCKY AVE","EVANSVILLE","IN","47711","456","37.97784042","-87.54802704"
"10539","2159 HOLIDAY LN","EVANSVILLE","IN","47711","415","37.9949913","-87.52442169"
"11245","2625 STRINGTOWN RD","EVANSVILLE","IN","47711","420","38.00467682","-87.5538559"
"13452","1901 TEXAS DR","EVANSVILLE","IN","47711","415","37.99464417","-87.53954315"
"13715","2524 E MORGAN AVE","EVANSVILLE","IN","47711","454","37.99191666","-87.51794434"
"14000","301 N WEINBACH AVE","EVANSVILLE","IN","47711","447","37.98046112","-87.52902222"
"14308","2151 HOLIDAY LN","EVANSVILLE","IN","47711","415","37.99495697","-87.52484131"
"16891","2400 E MORGAN AVE","EVANSVILLE","IN","47711","499","37.99184418","-87.51971436"
"17691","600 N HEIDELBACH AVE","EVANSVILLE","IN","47711","447","37.98311996","-87.56144714"
"18057","1407 E OREGON ST","EVANSVILLE","IN","47711","429","37.98610687","-87.53946686"
"18596","3100 E MORGAN AVE","EVANSVILLE","IN","47711","499","37.99219894","-87.5120163"
"22210","1929 E MORGAN AVE","EVANSVILLE","IN","47711","499","37.99144363","-87.52954865"
"24792","1914 N DENBY AVE","EVANSVILLE","IN","47711","455","37.99537277","-87.55110168"
"29137","4501 BUDDY BLVD","EVANSVILLE","IN","47711","415","38.02262878","-87.49567413"
"29530","4509 CRESTVIEW DR","EVANSVILLE","IN","47711","415","38.0219574","-87.49516296"
"30358","1326 DIVISION ST","EVANSVILLE","IN","47711","429","37.9774437","-87.5401001"
"33243","4416 CHAPEL CT","EVANSVILLE","IN","47711","415","38.02632523","-87.49558258"
"33981","4820 SPRING ST","EVANSVILLE","IN","47711","447","38.02219772","-87.526474"
"34206","1916 NEW HAMPSHIRE DR","EVANSVILLE","IN","47711","415","37.9949913","-87.53895569"
"37648","1025 CANAL ST","EVANSVILLE","IN","47711","456","37.97841263","-87.54537201"
"39436","3220 MARINER DR","EVANSVILLE","IN","47711","420","38.01473999","-87.50996399"
"41467","3508 STRINGTOWN RD","EVANSVILLE","IN","47711","499","38.01037598","-87.5566864"
"42671","4613 CRESTVIEW CT","EVANSVILLE","IN","47711","415","38.02190781","-87.49385834"
"51773","3323 MARINER DR","EVANSVILLE","IN","47711","442","38.01391983","-87.50872803"
"54748","1521 N MAIN ST","EVANSVILLE","IN","47711","430","37.99187469","-87.56330109"
"55316","3116 E MORGAN AVE","EVANSVILLE","IN","47711","447","37.99176788","-87.51113892"
"57275","1421 N MAIN ST","EVANSVILLE","IN","47711","442","37.99091721","-87.56332397"
"57367","1140 MAXWELL AVE","EVANSVILLE","IN","47711","481","37.99431229","-87.5447998"
"66396","4500 BUDDY BLVD","EVANSVILLE","IN","47711","415","38.02290344","-87.49568176"
"72176","5207 PLEASANT RIDGE DR","EVANSVILLE","IN","47711","415","38.02524948","-87.4957962"
"72417","1221 N MAIN ST","EVANSVILLE","IN","47711","454","37.98922729","-87.56339264"
"73489","2201 E MORGAN AVE","EVANSVILLE","IN","47711","499","37.99114227","-87.52368164"
"75003","4614 CHAPEL CT","EVANSVILLE","IN","47711","415","38.02609253","-87.49381256"
"75166","104 E DELAWARE ST","EVANSVILLE","IN","47711","447","37.98403931","-87.56206512"
"78132","4520 FRONTIER DR","EVANSVILLE","IN","47711","415","38.02412415","-87.49458313"
"78249","3900 OAK HILL RD","EVANSVILLE","IN","47711","456","38.0135994","-87.51106262"
